Index_SNV	Primary_gene	True_label	Predicted_probability	SHAP_Rank	Feature	SHAP_value	Absolute_SHAP
rs1558902	FTO	0	0.0027180217451378353	1	neg_log10_P	-2.814905191843618	2.814905191843618
rs1558902	FTO	0	0.0027180217451378353	2	P_is_zero	-1.7743426915565836	1.7743426915565836
rs1558902	FTO	0	0.0027180217451378353	3	Is_intergenic	1.4190155792552945	1.4190155792552945
rs1558902	FTO	0	0.0027180217451378353	4	Biotype_count	1.1689409965716393	1.1689409965716393
rs1558902	FTO	0	0.0027180217451378353	5	Is_intronic	-1.0050153992571766	1.0050153992571766
rs1558902	FTO	0	0.0027180217451378353	6	MAF	-0.6303408401123233	0.6303408401123233
rs1558902	FTO	0	0.0027180217451378353	7	Has_MODIFIER_impact	-0.6259454180791647	0.6259454180791647
rs1558902	FTO	0	0.0027180217451378353	8	log_OR	0.3940726394509974	0.3940726394509974
rs1558902	FTO	0	0.0027180217451378353	9	CI_width	0.34275396858182294	0.34275396858182294
rs1558902	FTO	0	0.0027180217451378353	10	CI_lower	0.28095170612607495	0.28095170612607495
rs77348094		0	0.028580840587045533	1	Is_intergenic	-5.67606231702118	5.67606231702118
rs77348094		0	0.028580840587045533	2	Has_MODIFIER_impact	2.5037816723166606	2.5037816723166606
rs77348094		0	0.028580840587045533	3	Is_intronic	1.4462416721017908	1.4462416721017908
rs77348094		0	0.028580840587045533	4	Biotype_count	-1.1534583343653926	1.1534583343653926
rs77348094		0	0.028580840587045533	5	MAF	1.0416976143345433	1.0416976143345433
rs77348094		0	0.028580840587045533	6	Effective_Sample_Size	0.3700653067198013	0.3700653067198013
rs77348094		0	0.028580840587045533	7	Risk_Allele_Frequency	-0.318870806169517	0.318870806169517
rs77348094		0	0.028580840587045533	8	CI_width	-0.28772992011383125	0.28772992011383125
rs77348094		0	0.028580840587045533	9	Gene_count	0.23480901528957066	0.23480901528957066
rs77348094		0	0.028580840587045533	10	MR_MEGA_Association_P	0.2261338491926371	0.2261338491926371
rs2683506	SPRYD3	0	0.11213601066432557	1	MAF	-1.5702795186936	1.5702795186936
rs2683506	SPRYD3	0	0.11213601066432557	2	MR_MEGA_Association_P	-1.561315587878596	1.561315587878596
rs2683506	SPRYD3	0	0.11213601066432557	3	Is_intronic	1.4462416721017908	1.4462416721017908
rs2683506	SPRYD3	0	0.11213601066432557	4	Is_intergenic	1.4190155792552945	1.4190155792552945
rs2683506	SPRYD3	0	0.11213601066432557	5	Biotype_count	1.1689409965716393	1.1689409965716393
rs2683506	SPRYD3	0	0.11213601066432557	6	Has_MODIFIER_impact	-0.6259454180791647	0.6259454180791647
rs2683506	SPRYD3	0	0.11213601066432557	7	CI_width	0.37141232715888634	0.37141232715888634
rs2683506	SPRYD3	0	0.11213601066432557	8	log_OR	-0.23032972151940193	0.23032972151940193
rs2683506	SPRYD3	0	0.11213601066432557	9	Effective_Sample_Size	-0.19882921934017175	0.19882921934017175
rs2683506	SPRYD3	0	0.11213601066432557	10	Is_upstream	-0.1703277172535689	0.1703277172535689
rs34080199		0	0.029560765605172776	1	Is_intergenic	-5.67606231702118	5.67606231702118
rs34080199		0	0.029560765605172776	2	Has_MODIFIER_impact	2.5037816723166606	2.5037816723166606
rs34080199		0	0.029560765605172776	3	Is_intronic	1.4462416721017908	1.4462416721017908
rs34080199		0	0.029560765605172776	4	Biotype_count	-1.1534583343653926	1.1534583343653926
rs34080199		0	0.029560765605172776	5	MAF	0.9948854652046766	0.9948854652046766
rs34080199		0	0.029560765605172776	6	Effective_Sample_Size	0.354526124066693	0.354526124066693
rs34080199		0	0.029560765605172776	7	Risk_Allele_Frequency	-0.3132526481913544	0.3132526481913544
rs34080199		0	0.029560765605172776	8	MR_MEGA_Association_P	0.2790632381924174	0.2790632381924174
rs34080199		0	0.029560765605172776	9	Gene_count	0.23480901528957066	0.23480901528957066
rs34080199		0	0.029560765605172776	10	CI_width	-0.20175484438260974	0.20175484438260974
rs35274205		0	0.005686487573057952	1	Is_intergenic	-5.67606231702118	5.67606231702118
rs35274205		0	0.005686487573057952	2	Has_MODIFIER_impact	2.5037816723166606	2.5037816723166606
rs35274205		0	0.005686487573057952	3	Is_intronic	1.4462416721017908	1.4462416721017908
rs35274205		0	0.005686487573057952	4	Biotype_count	-1.1534583343653926	1.1534583343653926
rs35274205		0	0.005686487573057952	5	MAF	-0.4379886634245615	0.4379886634245615
rs35274205		0	0.005686487573057952	6	CI_width	0.3427539685818144	0.3427539685818144
rs35274205		0	0.005686487573057952	7	MR_MEGA_Association_P	0.27906225030872267	0.27906225030872267
rs35274205		0	0.005686487573057952	8	Gene_count	0.23480901528957066	0.23480901528957066
rs35274205		0	0.005686487573057952	9	Effective_Sample_Size	-0.19735642886448504	0.19735642886448504
rs35274205		0	0.005686487573057952	10	Has_LOW_impact	-0.15772961766600233	0.15772961766600233
rs6968655	KIAA0087	0	0.5701936844606671	1	Is_intronic	1.4462416721017908	1.4462416721017908
rs6968655	KIAA0087	0	0.5701936844606671	2	Is_intergenic	1.4190155792552945	1.4190155792552945
rs6968655	KIAA0087	0	0.5701936844606671	3	Has_MODIFIER_impact	-0.6259454180791647	0.6259454180791647
rs6968655	KIAA0087	0	0.5701936844606671	4	Biotype_count	-0.3793252240530487	0.3793252240530487
rs6968655	KIAA0087	0	0.5701936844606671	5	CI_width	0.3140956100047367	0.3140956100047367
rs6968655	KIAA0087	0	0.5701936844606671	6	MR_MEGA_Association_P	0.26845883638597295	0.26845883638597295
rs6968655	KIAA0087	0	0.5701936844606671	7	Risk_Allele_Frequency	0.2202681910857615	0.2202681910857615
rs6968655	KIAA0087	0	0.5701936844606671	8	Effective_Sample_Size	-0.20327316045546512	0.20327316045546512
rs6968655	KIAA0087	0	0.5701936844606671	9	log_OR	-0.19000935083296205	0.19000935083296205
rs6968655	KIAA0087	0	0.5701936844606671	10	Has_LOW_impact	-0.15772961766600233	0.15772961766600233
rs35042446	RLF	1	0.9016689203284539	1	Has_MODIFIER_impact	2.5037816723166606	2.5037816723166606
rs35042446	RLF	1	0.9016689203284539	2	MR_MEGA_Association_P	-1.7048435607883432	1.7048435607883432
rs35042446	RLF	1	0.9016689203284539	3	Is_intronic	1.4462416721017908	1.4462416721017908
rs35042446	RLF	1	0.9016689203284539	4	Is_intergenic	1.4190155792552945	1.4190155792552945
rs35042446	RLF	1	0.9016689203284539	5	MAF	1.0928507396995109	1.0928507396995109
rs35042446	RLF	1	0.9016689203284539	6	CI_width	-0.4883384301533578	0.4883384301533578
rs35042446	RLF	1	0.9016689203284539	7	Effective_Sample_Size	0.4157951269500491	0.4157951269500491
rs35042446	RLF	1	0.9016689203284539	8	Biotype_count	-0.3793252240530487	0.3793252240530487
rs35042446	RLF	1	0.9016689203284539	9	Risk_Allele_Frequency	-0.32500994621582996	0.32500994621582996
rs35042446	RLF	1	0.9016689203284539	10	SE_log_OR	0.2557772837501536	0.2557772837501536
rs76675804	THADA	0	0.5099943018576203	1	Is_intergenic	1.4190155792552945	1.4190155792552945
rs76675804	THADA	0	0.5099943018576203	2	Biotype_count	1.1689409965716393	1.1689409965716393
rs76675804	THADA	0	0.5099943018576203	3	Is_intronic	-1.0050153992571766	1.0050153992571766
rs76675804	THADA	0	0.5099943018576203	4	MAF	0.8731621450988192	0.8731621450988192
rs76675804	THADA	0	0.5099943018576203	5	Has_MODIFIER_impact	-0.6259454180791647	0.6259454180791647
rs76675804	THADA	0	0.5099943018576203	6	neg_log10_P	-0.5482037992197291	0.5482037992197291
rs76675804	THADA	0	0.5099943018576203	7	log_OR	0.34188806325434523	0.34188806325434523
rs76675804	THADA	0	0.5099943018576203	8	Risk_Allele_Frequency	0.31432657528156605	0.31432657528156605
rs76675804	THADA	0	0.5099943018576203	9	MR_MEGA_Association_P	0.27906355970561825	0.27906355970561825
rs76675804	THADA	0	0.5099943018576203	10	CI_lower	0.22327622116306242	0.22327622116306242
rs76074250		0	0.008324371359122762	1	Is_intergenic	-5.67606231702118	5.67606231702118
rs76074250		0	0.008324371359122762	2	Has_MODIFIER_impact	2.5037816723166606	2.5037816723166606
rs76074250		0	0.008324371359122762	3	Is_intronic	1.4462416721017908	1.4462416721017908
rs76074250		0	0.008324371359122762	4	Biotype_count	-1.1534583343653926	1.1534583343653926
rs76074250		0	0.008324371359122762	5	CI_width	0.3140956100047424	0.3140956100047424
rs76074250		0	0.008324371359122762	6	MR_MEGA_Association_P	0.27903450158966764	0.27903450158966764
rs76074250		0	0.008324371359122762	7	Gene_count	0.23480901528957066	0.23480901528957066
rs76074250		0	0.008324371359122762	8	Risk_Allele_Frequency	-0.19598240076998333	0.19598240076998333
rs76074250		0	0.008324371359122762	9	Effective_Sample_Size	-0.18778177073114635	0.18778177073114635
rs76074250		0	0.008324371359122762	10	log_OR	-0.17854006079830334	0.17854006079830334
rs7403010	KLF13	0	0.061846589931119016	1	Is_intergenic	1.4190155792552945	1.4190155792552945
rs7403010	KLF13	0	0.061846589931119016	2	Is_intronic	-1.0050153992571766	1.0050153992571766
rs7403010	KLF13	0	0.061846589931119016	3	Has_MODIFIER_impact	-0.6259454180791647	0.6259454180791647
rs7403010	KLF13	0	0.061846589931119016	4	Biotype_count	-0.3793252240530487	0.3793252240530487
rs7403010	KLF13	0	0.061846589931119016	5	CI_width	0.371412327158892	0.371412327158892
rs7403010	KLF13	0	0.061846589931119016	6	MAF	-0.3617282701052291	0.3617282701052291
rs7403010	KLF13	0	0.061846589931119016	7	MR_MEGA_Association_P	0.24952552411137316	0.24952552411137316
rs7403010	KLF13	0	0.061846589931119016	8	log_OR	-0.2072555214476654	0.2072555214476654
rs7403010	KLF13	0	0.061846589931119016	9	Effective_Sample_Size	-0.2014968330355932	0.2014968330355932
rs7403010	KLF13	0	0.061846589931119016	10	SE_log_OR	-0.16958751788096038	0.16958751788096038
rs131246	PRR14L	0	0.20481827474279987	1	Is_intergenic	1.4190155792552945	1.4190155792552945
rs131246	PRR14L	0	0.20481827474279987	2	Is_intronic	-1.0050153992571766	1.0050153992571766
rs131246	PRR14L	0	0.20481827474279987	3	MAF	0.7388265291747645	0.7388265291747645
rs131246	PRR14L	0	0.20481827474279987	4	Has_MODIFIER_impact	-0.6259454180791647	0.6259454180791647
rs131246	PRR14L	0	0.20481827474279987	5	Biotype_count	0.3948078862592953	0.3948078862592953
rs131246	PRR14L	0	0.20481827474279987	6	Risk_Allele_Frequency	-0.2825217464686982	0.2825217464686982
rs131246	PRR14L	0	0.20481827474279987	7	MR_MEGA_Association_P	0.2790635592274132	0.2790635592274132
rs131246	PRR14L	0	0.20481827474279987	8	Effective_Sample_Size	-0.20126354792608328	0.20126354792608328
rs131246	PRR14L	0	0.20481827474279987	9	Has_LOW_impact	-0.15772961766600233	0.15772961766600233
rs131246	PRR14L	0	0.20481827474279987	10	CI_width	0.14214545854229355	0.14214545854229355
rs2958610	RN7SKP182	0	0.6414398177092678	1	Is_intronic	1.4462416721017908	1.4462416721017908
rs2958610	RN7SKP182	0	0.6414398177092678	2	Is_intergenic	1.4190155792552945	1.4190155792552945
rs2958610	RN7SKP182	0	0.6414398177092678	3	Has_MODIFIER_impact	-0.6259454180791647	0.6259454180791647
rs2958610	RN7SKP182	0	0.6414398177092678	4	Biotype_count	-0.3793252240530487	0.3793252240530487
rs2958610	RN7SKP182	0	0.6414398177092678	5	MAF	0.3500745087692154	0.3500745087692154
rs2958610	RN7SKP182	0	0.6414398177092678	6	MR_MEGA_Association_P	0.2790538643768126	0.2790538643768126
rs2958610	RN7SKP182	0	0.6414398177092678	7	CI_width	0.25677889285058714	0.25677889285058714
rs2958610	RN7SKP182	0	0.6414398177092678	8	Risk_Allele_Frequency	0.25154823606944116	0.25154823606944116
rs2958610	RN7SKP182	0	0.6414398177092678	9	Effective_Sample_Size	-0.20327316045546512	0.20327316045546512
rs2958610	RN7SKP182	0	0.6414398177092678	10	Has_LOW_impact	-0.15772961766600233	0.15772961766600233
rs10950177	RP11-3P22.2	0	0.0021008137240373136	1	MR_MEGA_Association_P	-1.9688637780011014	1.9688637780011014
rs10950177	RP11-3P22.2	0	0.0021008137240373136	2	MAF	-1.450902672228338	1.450902672228338
rs10950177	RP11-3P22.2	0	0.0021008137240373136	3	Is_intergenic	1.4190155792552945	1.4190155792552945
rs10950177	RP11-3P22.2	0	0.0021008137240373136	4	Is_intronic	-1.0050153992571766	1.0050153992571766
rs10950177	RP11-3P22.2	0	0.0021008137240373136	5	Has_MODIFIER_impact	-0.6259454180791647	0.6259454180791647
rs10950177	RP11-3P22.2	0	0.0021008137240373136	6	Biotype_count	-0.3793252240530487	0.3793252240530487
rs10950177	RP11-3P22.2	0	0.0021008137240373136	7	CI_width	0.37141232715888634	0.37141232715888634
rs10950177	RP11-3P22.2	0	0.0021008137240373136	8	log_OR	-0.23032972151940193	0.23032972151940193
rs10950177	RP11-3P22.2	0	0.0021008137240373136	9	Effective_Sample_Size	-0.19882921934017175	0.19882921934017175
rs10950177	RP11-3P22.2	0	0.0021008137240373136	10	SE_log_OR	-0.16900269269853682	0.16900269269853682
rs12437434	NYNRIN	1	0.8286822056049042	1	Is_intronic	1.4462416721017908	1.4462416721017908
rs12437434	NYNRIN	1	0.8286822056049042	2	Is_intergenic	1.4190155792552945	1.4190155792552945
rs12437434	NYNRIN	1	0.8286822056049042	3	MAF	0.827699218312294	0.827699218312294
rs12437434	NYNRIN	1	0.8286822056049042	4	Has_MODIFIER_impact	-0.6259454180791647	0.6259454180791647
rs12437434	NYNRIN	1	0.8286822056049042	5	Biotype_count	0.3948078862592953	0.3948078862592953
rs12437434	NYNRIN	1	0.8286822056049042	6	Risk_Allele_Frequency	0.30887034416242315	0.30887034416242315
rs12437434	NYNRIN	1	0.8286822056049042	7	MR_MEGA_Association_P	0.2789432137866886	0.2789432137866886
rs12437434	NYNRIN	1	0.8286822056049042	8	Effective_Sample_Size	-0.1793993906319859	0.1793993906319859
rs12437434	NYNRIN	1	0.8286822056049042	9	Is_upstream	-0.1703277172535689	0.1703277172535689
rs12437434	NYNRIN	1	0.8286822056049042	10	Has_LOW_impact	-0.15772961766600233	0.15772961766600233
rs12140153	INADL	1	0.9795866615269561	1	Biotype_count	1.9430741068839834	1.9430741068839834
rs12140153	INADL	1	0.9795866615269561	2	Is_intronic	1.4462416721017908	1.4462416721017908
rs12140153	INADL	1	0.9795866615269561	3	Is_intergenic	1.4190155792552945	1.4190155792552945
rs12140153	INADL	1	0.9795866615269561	4	MAF	0.8323335037524696	0.8323335037524696
rs12140153	INADL	1	0.9795866615269561	5	Has_MODIFIER_impact	-0.6259454180791647	0.6259454180791647
rs12140153	INADL	1	0.9795866615269561	6	Risk_Allele_Frequency	0.3094265277216649	0.3094265277216649
rs12140153	INADL	1	0.9795866615269561	7	Effective_Sample_Size	0.2958986231602677	0.2958986231602677
rs12140153	INADL	1	0.9795866615269561	8	MR_MEGA_Association_P	0.2790582836022642	0.2790582836022642
rs12140153	INADL	1	0.9795866615269561	9	Has_LOW_impact	-0.15772961766600233	0.15772961766600233
rs12140153	INADL	1	0.9795866615269561	10	Is_3UTR	-0.11941568605744805	0.11941568605744805
rs508419	ANK1	0	0.4182976753659482	1	Biotype_count	2.7172072171963273	2.7172072171963273
rs508419	ANK1	0	0.4182976753659482	2	Is_intergenic	1.4190155792552945	1.4190155792552945
rs508419	ANK1	0	0.4182976753659482	3	Is_intronic	-1.0050153992571766	1.0050153992571766
rs508419	ANK1	0	0.4182976753659482	4	neg_log10_P	-0.7847328145627335	0.7847328145627335
rs508419	ANK1	0	0.4182976753659482	5	Has_MODIFIER_impact	-0.6259454180791647	0.6259454180791647
rs508419	ANK1	0	0.4182976753659482	6	Gene_count	-0.44910073798102357	0.44910073798102357
rs508419	ANK1	0	0.4182976753659482	7	CI_width	0.3140956100047424	0.3140956100047424
rs508419	ANK1	0	0.4182976753659482	8	MR_MEGA_Association_P	0.27906355970561825	0.27906355970561825
rs508419	ANK1	0	0.4182976753659482	9	Risk_Allele_Frequency	0.20561733049358558	0.20561733049358558
rs508419	ANK1	0	0.4182976753659482	10	Effective_Sample_Size	-0.1957104950713351	0.1957104950713351
rs10992408		0	0.004949224897075212	1	Is_intergenic	-5.67606231702118	5.67606231702118
rs10992408		0	0.004949224897075212	2	Has_MODIFIER_impact	2.5037816723166606	2.5037816723166606
rs10992408		0	0.004949224897075212	3	Is_intronic	1.4462416721017908	1.4462416721017908
rs10992408		0	0.004949224897075212	4	Biotype_count	-1.1534583343653926	1.1534583343653926
rs10992408		0	0.004949224897075212	5	MAF	-0.39293636952514077	0.39293636952514077
rs10992408		0	0.004949224897075212	6	CI_width	0.3427539685818144	0.3427539685818144
rs10992408		0	0.004949224897075212	7	Gene_count	0.23480901528957066	0.23480901528957066
rs10992408		0	0.004949224897075212	8	Effective_Sample_Size	-0.17947456787204394	0.17947456787204394
rs10992408		0	0.004949224897075212	9	log_OR	-0.17281382983776944	0.17281382983776944
rs10992408		0	0.004949224897075212	10	Has_LOW_impact	-0.15772961766600233	0.15772961766600233
rs9296294	KIF6	0	0.012226734235214566	1	Is_intergenic	1.4190155792552945	1.4190155792552945
rs9296294	KIF6	0	0.012226734235214566	2	MAF	-1.0263669288037172	1.0263669288037172
rs9296294	KIF6	0	0.012226734235214566	3	Is_intronic	-1.0050153992571766	1.0050153992571766
rs9296294	KIF6	0	0.012226734235214566	4	MR_MEGA_Association_P	-0.7951460530353276	0.7951460530353276
rs9296294	KIF6	0	0.012226734235214566	5	Has_MODIFIER_impact	-0.6259454180791647	0.6259454180791647
rs9296294	KIF6	0	0.012226734235214566	6	CI_width	0.40007068573596394	0.40007068573596394
rs9296294	KIF6	0	0.012226734235214566	7	Biotype_count	-0.3793252240530487	0.3793252240530487
rs9296294	KIF6	0	0.012226734235214566	8	log_OR	-0.20150115175553254	0.20150115175553254
rs9296294	KIF6	0	0.012226734235214566	9	Effective_Sample_Size	-0.192947154119137	0.192947154119137
rs9296294	KIF6	0	0.012226734235214566	10	SE_log_OR	-0.1850541509280382	0.1850541509280382
rs3775087	GUCY1B3	0	0.08358887763070355	1	Is_intergenic	1.4190155792552945	1.4190155792552945
rs3775087	GUCY1B3	0	0.08358887763070355	2	Is_intronic	-1.0050153992571766	1.0050153992571766
rs3775087	GUCY1B3	0	0.08358887763070355	3	Has_MODIFIER_impact	-0.6259454180791647	0.6259454180791647
rs3775087	GUCY1B3	0	0.08358887763070355	4	Biotype_count	-0.3793252240530487	0.3793252240530487
rs3775087	GUCY1B3	0	0.08358887763070355	5	CI_width	0.3140956100047367	0.3140956100047367
rs3775087	GUCY1B3	0	0.08358887763070355	6	MR_MEGA_Association_P	0.2779905382510931	0.2779905382510931
rs3775087	GUCY1B3	0	0.08358887763070355	7	MAF	0.2637829406363396	0.2637829406363396
rs3775087	GUCY1B3	0	0.08358887763070355	8	Risk_Allele_Frequency	-0.225509411497319	0.225509411497319
rs3775087	GUCY1B3	0	0.08358887763070355	9	Effective_Sample_Size	-0.19393416765146318	0.19393416765146318
rs3775087	GUCY1B3	0	0.08358887763070355	10	Has_LOW_impact	-0.15772961766600233	0.15772961766600233
rs62257270		0	0.011777312470935724	1	Is_intergenic	-5.67606231702118	5.67606231702118
rs62257270		0	0.011777312470935724	2	Has_MODIFIER_impact	2.5037816723166606	2.5037816723166606
rs62257270		0	0.011777312470935724	3	Is_intronic	1.4462416721017908	1.4462416721017908
rs62257270		0	0.011777312470935724	4	Biotype_count	-1.1534583343653926	1.1534583343653926
rs62257270		0	0.011777312470935724	5	MAF	-0.6624288671474572	0.6624288671474572
rs62257270		0	0.011777312470935724	6	Effective_Sample_Size	0.5267886659281662	0.5267886659281662
rs62257270		0	0.011777312470935724	7	CI_width	0.3427539685818144	0.3427539685818144
rs62257270		0	0.011777312470935724	8	Gene_count	0.23480901528957066	0.23480901528957066
rs62257270		0	0.011777312470935724	9	MR_MEGA_Association_P	0.21544741322176944	0.21544741322176944
rs62257270		0	0.011777312470935724	10	log_OR	-0.17854006079830334	0.17854006079830334
rs10149083	SRP54	0	0.07583332947644315	1	Biotype_count	1.9430741068839834	1.9430741068839834
rs10149083	SRP54	0	0.07583332947644315	2	Is_intergenic	1.4190155792552945	1.4190155792552945
rs10149083	SRP54	0	0.07583332947644315	3	MAF	-1.3475991702011507	1.3475991702011507
rs10149083	SRP54	0	0.07583332947644315	4	Is_intronic	-1.0050153992571766	1.0050153992571766
rs10149083	SRP54	0	0.07583332947644315	5	Has_MODIFIER_impact	-0.6259454180791647	0.6259454180791647
rs10149083	SRP54	0	0.07583332947644315	6	CI_width	0.40007068573596394	0.40007068573596394
rs10149083	SRP54	0	0.07583332947644315	7	MR_MEGA_Association_P	-0.3823822827461117	0.3823822827461117
rs10149083	SRP54	0	0.07583332947644315	8	Gene_count	-0.22113082022415878	0.22113082022415878
rs10149083	SRP54	0	0.07583332947644315	9	Effective_Sample_Size	-0.20327316045546512	0.20327316045546512
rs10149083	SRP54	0	0.07583332947644315	10	log_OR	-0.19575243191182248	0.19575243191182248
rs62454583	ETV1	0	0.775754023174254	1	Biotype_count	1.9430741068839834	1.9430741068839834
rs62454583	ETV1	0	0.775754023174254	2	Is_intergenic	1.4190155792552945	1.4190155792552945
rs62454583	ETV1	0	0.775754023174254	3	Is_intronic	-1.0050153992571766	1.0050153992571766
rs62454583	ETV1	0	0.775754023174254	4	MAF	0.6583424833023622	0.6583424833023622
rs62454583	ETV1	0	0.775754023174254	5	Has_MODIFIER_impact	-0.6259454180791647	0.6259454180791647
rs62454583	ETV1	0	0.775754023174254	6	Risk_Allele_Frequency	0.2885450032063388	0.2885450032063388
rs62454583	ETV1	0	0.775754023174254	7	MR_MEGA_Association_P	0.26860177830861504	0.26860177830861504
rs62454583	ETV1	0	0.775754023174254	8	Has_LOW_impact	-0.15772961766600233	0.15772961766600233
rs62454583	ETV1	0	0.775754023174254	9	Effective_Sample_Size	0.1490729721186958	0.1490729721186958
rs62454583	ETV1	0	0.775754023174254	10	CI_width	0.1421454585422879	0.1421454585422879
rs7828631		0	0.010865796560679783	1	Is_intergenic	-5.67606231702118	5.67606231702118
rs7828631		0	0.010865796560679783	2	Has_MODIFIER_impact	2.5037816723166606	2.5037816723166606
rs7828631		0	0.010865796560679783	3	Is_intronic	1.4462416721017908	1.4462416721017908
rs7828631		0	0.010865796560679783	4	Biotype_count	-1.1534583343653926	1.1534583343653926
rs7828631		0	0.010865796560679783	5	MAF	0.3105364279251918	0.3105364279251918
rs7828631		0	0.010865796560679783	6	CI_width	0.28543725142766474	0.28543725142766474
rs7828631		0	0.010865796560679783	7	MR_MEGA_Association_P	0.2711633307497923	0.2711633307497923
rs7828631		0	0.010865796560679783	8	Gene_count	0.23480901528957066	0.23480901528957066
rs7828631		0	0.010865796560679783	9	Risk_Allele_Frequency	-0.23112052917726336	0.23112052917726336
rs7828631		0	0.010865796560679783	10	Effective_Sample_Size	-0.20327316045546512	0.20327316045546512
rs10406431	RN7SL836P	0	0.14477341149010495	1	Is_intronic	1.4462416721017908	1.4462416721017908
rs10406431	RN7SL836P	0	0.14477341149010495	2	Is_intergenic	1.4190155792552945	1.4190155792552945
rs10406431	RN7SL836P	0	0.14477341149010495	3	MAF	-1.2136741871641994	1.2136741871641994
rs10406431	RN7SL836P	0	0.14477341149010495	4	neg_log10_P	-0.7237670254627339	0.7237670254627339
rs10406431	RN7SL836P	0	0.14477341149010495	5	Has_MODIFIER_impact	-0.6259454180791647	0.6259454180791647
rs10406431	RN7SL836P	0	0.14477341149010495	6	Biotype_count	-0.3793252240530487	0.3793252240530487
rs10406431	RN7SL836P	0	0.14477341149010495	7	CI_width	0.371412327158892	0.371412327158892
rs10406431	RN7SL836P	0	0.14477341149010495	8	MR_MEGA_Association_P	0.27906355970561825	0.27906355970561825
rs10406431	RN7SL836P	0	0.14477341149010495	9	Effective_Sample_Size	-0.18481731298689308	0.18481731298689308
rs10406431	RN7SL836P	0	0.14477341149010495	10	SE_log_OR	-0.17778479821764037	0.17778479821764037
rs1393202		0	0.014586709268118572	1	Is_intergenic	-5.67606231702118	5.67606231702118
rs1393202		0	0.014586709268118572	2	Has_MODIFIER_impact	2.5037816723166606	2.5037816723166606
rs1393202		0	0.014586709268118572	3	Is_intronic	1.4462416721017908	1.4462416721017908
rs1393202		0	0.014586709268118572	4	Biotype_count	-1.1534583343653926	1.1534583343653926
rs1393202		0	0.014586709268118572	5	MAF	0.7810630547054718	0.7810630547054718
rs1393202		0	0.014586709268118572	6	Risk_Allele_Frequency	-0.2875907611858373	0.2875907611858373
rs1393202		0	0.014586709268118572	7	MR_MEGA_Association_P	0.27904394774994923	0.27904394774994923
rs1393202		0	0.014586709268118572	8	Gene_count	0.23480901528957066	0.23480901528957066
rs1393202		0	0.014586709268118572	9	Effective_Sample_Size	-0.19541468794995218	0.19541468794995218
rs1393202		0	0.014586709268118572	10	Has_LOW_impact	-0.15772961766600233	0.15772961766600233
rs7213608	KCNJ12	0	0.27304767061341156	1	Is_intronic	1.4462416721017908	1.4462416721017908
rs7213608	KCNJ12	0	0.27304767061341156	2	Is_intergenic	1.4190155792552945	1.4190155792552945
rs7213608	KCNJ12	0	0.27304767061341156	3	MAF	-0.6383188504903459	0.6383188504903459
rs7213608	KCNJ12	0	0.27304767061341156	4	Has_MODIFIER_impact	-0.6259454180791647	0.6259454180791647
rs7213608	KCNJ12	0	0.27304767061341156	5	Biotype_count	-0.3793252240530487	0.3793252240530487
rs7213608	KCNJ12	0	0.27304767061341156	6	CI_width	0.371412327158892	0.371412327158892
rs7213608	KCNJ12	0	0.27304767061341156	7	MR_MEGA_Association_P	0.27344463747990516	0.27344463747990516
rs7213608	KCNJ12	0	0.27304767061341156	8	Effective_Sample_Size	-0.1864979131499883	0.1864979131499883
rs7213608	KCNJ12	0	0.27304767061341156	9	log_OR	-0.17854006079830334	0.17854006079830334
rs7213608	KCNJ12	0	0.27304767061341156	10	SE_log_OR	-0.17074687261665972	0.17074687261665972
rs2257883	HMGA2	0	0.18252174713197783	1	Biotype_count	1.9430741068839834	1.9430741068839834
rs2257883	HMGA2	0	0.18252174713197783	2	Is_intergenic	1.4190155792552945	1.4190155792552945
rs2257883	HMGA2	0	0.18252174713197783	3	Is_intronic	-1.0050153992571766	1.0050153992571766
rs2257883	HMGA2	0	0.18252174713197783	4	Has_MODIFIER_impact	-0.6259454180791647	0.6259454180791647
rs2257883	HMGA2	0	0.18252174713197783	5	neg_log10_P	-0.590377278593994	0.590377278593994
rs2257883	HMGA2	0	0.18252174713197783	6	MAF	-0.3035943856594922	0.3035943856594922
rs2257883	HMGA2	0	0.18252174713197783	7	CI_width	0.28543725142766474	0.28543725142766474
rs2257883	HMGA2	0	0.18252174713197783	8	MR_MEGA_Association_P	0.27906355970561825	0.27906355970561825
rs2257883	HMGA2	0	0.18252174713197783	9	Gene_count	-0.22113082022415878	0.22113082022415878
rs2257883	HMGA2	0	0.18252174713197783	10	Effective_Sample_Size	-0.20327316045546512	0.20327316045546512
rs75080135	BAK1	0	0.11207929740785354	1	Is_intergenic	1.4190155792552945	1.4190155792552945
rs75080135	BAK1	0	0.11207929740785354	2	Is_intronic	-1.0050153992571766	1.0050153992571766
rs75080135	BAK1	0	0.11207929740785354	3	Has_MODIFIER_impact	-0.6259454180791647	0.6259454180791647
rs75080135	BAK1	0	0.11207929740785354	4	Gene_count	-0.44910073798102357	0.44910073798102357
rs75080135	BAK1	0	0.11207929740785354	5	Biotype_count	0.3948078862592953	0.3948078862592953
rs75080135	BAK1	0	0.11207929740785354	6	CI_width	0.3140956100047367	0.3140956100047367
rs75080135	BAK1	0	0.11207929740785354	7	MR_MEGA_Association_P	0.2790635354784262	0.2790635354784262
rs75080135	BAK1	0	0.11207929740785354	8	Risk_Allele_Frequency	0.21564975545459017	0.21564975545459017
rs75080135	BAK1	0	0.11207929740785354	9	Effective_Sample_Size	-0.20327316045546512	0.20327316045546512
rs75080135	BAK1	0	0.11207929740785354	10	Is_upstream	-0.1703277172535689	0.1703277172535689
rs5997539	ASCC2	0	0.9694825684851471	1	Biotype_count	1.9430741068839834	1.9430741068839834
rs5997539	ASCC2	0	0.9694825684851471	2	Is_intronic	1.4462416721017908	1.4462416721017908
rs5997539	ASCC2	0	0.9694825684851471	3	Is_intergenic	1.4190155792552945	1.4190155792552945
rs5997539	ASCC2	0	0.9694825684851471	4	MAF	0.6669071120905335	0.6669071120905335
rs5997539	ASCC2	0	0.9694825684851471	5	Has_MODIFIER_impact	-0.6259454180791647	0.6259454180791647
rs5997539	ASCC2	0	0.9694825684851471	6	Risk_Allele_Frequency	0.28957288674620313	0.28957288674620313
rs5997539	ASCC2	0	0.9694825684851471	7	Effective_Sample_Size	0.2823436483140391	0.2823436483140391
rs5997539	ASCC2	0	0.9694825684851471	8	MR_MEGA_Association_P	0.2790635597052777	0.2790635597052777
rs5997539	ASCC2	0	0.9694825684851471	9	Is_upstream	-0.1703277172535689	0.1703277172535689
rs5997539	ASCC2	0	0.9694825684851471	10	Has_LOW_impact	-0.15772961766600233	0.15772961766600233
rs10416539	INSR	0	0.29158971523275307	1	Is_intergenic	1.4190155792552945	1.4190155792552945
rs10416539	INSR	0	0.29158971523275307	2	Is_intronic	-1.0050153992571766	1.0050153992571766
rs10416539	INSR	0	0.29158971523275307	3	MAF	0.6365789402858452	0.6365789402858452
rs10416539	INSR	0	0.29158971523275307	4	Has_MODIFIER_impact	-0.6259454180791647	0.6259454180791647
rs10416539	INSR	0	0.29158971523275307	5	Biotype_count	0.3948078862592953	0.3948078862592953
rs10416539	INSR	0	0.29158971523275307	6	Risk_Allele_Frequency	0.28593305256736845	0.28593305256736845
rs10416539	INSR	0	0.29158971523275307	7	MR_MEGA_Association_P	0.27274192469438685	0.27274192469438685
rs10416539	INSR	0	0.29158971523275307	8	Effective_Sample_Size	-0.20327316045546512	0.20327316045546512
rs10416539	INSR	0	0.29158971523275307	9	CI_width	0.19946217569643745	0.19946217569643745
rs10416539	INSR	0	0.29158971523275307	10	log_OR	-0.19000935083296205	0.19000935083296205
rs4808845	CRTC1	0	0.01751436502785598	1	MAF	-1.4702024179222306	1.4702024179222306
rs4808845	CRTC1	0	0.01751436502785598	2	Is_intergenic	1.4190155792552945	1.4190155792552945
rs4808845	CRTC1	0	0.01751436502785598	3	Is_intronic	-1.0050153992571766	1.0050153992571766
rs4808845	CRTC1	0	0.01751436502785598	4	Has_MODIFIER_impact	-0.6259454180791647	0.6259454180791647
rs4808845	CRTC1	0	0.01751436502785598	5	CI_width	0.40007068573596394	0.40007068573596394
rs4808845	CRTC1	0	0.01751436502785598	6	Biotype_count	-0.3793252240530487	0.3793252240530487
rs4808845	CRTC1	0	0.01751436502785598	7	MR_MEGA_Association_P	0.2790635597055351	0.2790635597055351
rs4808845	CRTC1	0	0.01751436502785598	8	Effective_Sample_Size	-0.2014968330355932	0.2014968330355932
rs4808845	CRTC1	0	0.01751436502785598	9	SE_log_OR	-0.1871757688923244	0.1871757688923244
rs4808845	CRTC1	0	0.01751436502785598	10	Has_LOW_impact	-0.15772961766600233	0.15772961766600233
rs4624679	NUP54	0	0.32122745095011496	1	Biotype_count	1.9430741068839834	1.9430741068839834
rs4624679	NUP54	0	0.32122745095011496	2	Is_intergenic	1.4190155792552945	1.4190155792552945
rs4624679	NUP54	0	0.32122745095011496	3	Is_intronic	-1.0050153992571766	1.0050153992571766
rs4624679	NUP54	0	0.32122745095011496	4	Has_MODIFIER_impact	-0.6259454180791647	0.6259454180791647
rs4624679	NUP54	0	0.32122745095011496	5	MAF	-0.6065241326602858	0.6065241326602858
rs4624679	NUP54	0	0.32122745095011496	6	CI_width	0.37141232715888634	0.37141232715888634
rs4624679	NUP54	0	0.32122745095011496	7	MR_MEGA_Association_P	0.24527997534091067	0.24527997534091067
rs4624679	NUP54	0	0.32122745095011496	8	Effective_Sample_Size	-0.19606955476711146	0.19606955476711146
rs4624679	NUP54	0	0.32122745095011496	9	log_OR	-0.17281382983776944	0.17281382983776944
rs4624679	NUP54	0	0.32122745095011496	10	SE_log_OR	-0.17093877682780317	0.17093877682780317
rs9929710	PDILT	0	0.020960156321611398	1	Is_intergenic	1.4190155792552945	1.4190155792552945
rs9929710	PDILT	0	0.020960156321611398	2	Is_intronic	-1.0050153992571766	1.0050153992571766
rs9929710	PDILT	0	0.020960156321611398	3	MAF	-0.9572632800881992	0.9572632800881992
rs9929710	PDILT	0	0.020960156321611398	4	Has_MODIFIER_impact	-0.6259454180791647	0.6259454180791647
rs9929710	PDILT	0	0.020960156321611398	5	Biotype_count	-0.3793252240530487	0.3793252240530487
rs9929710	PDILT	0	0.020960156321611398	6	CI_width	0.371412327158892	0.371412327158892
rs9929710	PDILT	0	0.020960156321611398	7	Gene_count	-0.22113082022415878	0.22113082022415878
rs9929710	PDILT	0	0.020960156321611398	8	MR_MEGA_Association_P	0.20792459025696838	0.20792459025696838
rs9929710	PDILT	0	0.020960156321611398	9	Effective_Sample_Size	-0.2016272266623151	0.2016272266623151
rs9929710	PDILT	0	0.020960156321611398	10	log_OR	-0.19000935083296205	0.19000935083296205
rs671	ALDH2	1	0.9912902864739122	1	Is_3UTR	1.870845748233353	1.870845748233353
rs671	ALDH2	1	0.9912902864739122	2	Is_intronic	1.4462416721017908	1.4462416721017908
rs671	ALDH2	1	0.9912902864739122	3	Is_intergenic	1.4190155792552945	1.4190155792552945
rs671	ALDH2	1	0.9912902864739122	4	Effective_Sample_Size	0.8620447258833902	0.8620447258833902
rs671	ALDH2	1	0.9912902864739122	5	MAF	0.842833973294131	0.842833973294131
rs671	ALDH2	1	0.9912902864739122	6	Has_MODIFIER_impact	-0.6259454180791647	0.6259454180791647
rs671	ALDH2	1	0.9912902864739122	7	Biotype_count	0.3948078862592953	0.3948078862592953
rs671	ALDH2	1	0.9912902864739122	8	Risk_Allele_Frequency	0.3106867411027314	0.3106867411027314
rs671	ALDH2	1	0.9912902864739122	9	MR_MEGA_Association_P	0.2790628804447474	0.2790628804447474
rs671	ALDH2	1	0.9912902864739122	10	CI_width	-0.1730964858055321	0.1730964858055321
rs9977825	ADARB1	0	0.19930737616131508	1	Biotype_count	1.9430741068839834	1.9430741068839834
rs9977825	ADARB1	0	0.19930737616131508	2	Is_intergenic	1.4190155792552945	1.4190155792552945
rs9977825	ADARB1	0	0.19930737616131508	3	Is_intronic	-1.0050153992571766	1.0050153992571766
rs9977825	ADARB1	0	0.19930737616131508	4	Has_MODIFIER_impact	-0.6259454180791647	0.6259454180791647
rs9977825	ADARB1	0	0.19930737616131508	5	Gene_count	-0.44910073798102357	0.44910073798102357
rs9977825	ADARB1	0	0.19930737616131508	6	MAF	-0.38460638810102893	0.38460638810102893
rs9977825	ADARB1	0	0.19930737616131508	7	CI_width	0.3427539685818144	0.3427539685818144
rs9977825	ADARB1	0	0.19930737616131508	8	Effective_Sample_Size	-0.19570663015993364	0.19570663015993364
rs9977825	ADARB1	0	0.19930737616131508	9	log_OR	-0.17854006079830334	0.17854006079830334
rs9977825	ADARB1	0	0.19930737616131508	10	Is_upstream	-0.1703277172535689	0.1703277172535689
rs2873789	GMEB1	0	0.06637138295831121	1	MAF	-1.5432950718267602	1.5432950718267602
rs2873789	GMEB1	0	0.06637138295831121	2	Is_intronic	1.4462416721017908	1.4462416721017908
rs2873789	GMEB1	0	0.06637138295831121	3	Is_intergenic	1.4190155792552945	1.4190155792552945
rs2873789	GMEB1	0	0.06637138295831121	4	MR_MEGA_Association_P	-0.7450388094812949	0.7450388094812949
rs2873789	GMEB1	0	0.06637138295831121	5	Has_MODIFIER_impact	-0.6259454180791647	0.6259454180791647
rs2873789	GMEB1	0	0.06637138295831121	6	CI_width	0.40007068573596394	0.40007068573596394
rs2873789	GMEB1	0	0.06637138295831121	7	Biotype_count	-0.3793252240530487	0.3793252240530487
rs2873789	GMEB1	0	0.06637138295831121	8	log_OR	-0.2072555214476654	0.2072555214476654
rs2873789	GMEB1	0	0.06637138295831121	9	SE_log_OR	-0.18487508935323832	0.18487508935323832
rs2873789	GMEB1	0	0.06637138295831121	10	Is_upstream	-0.1703277172535689	0.1703277172535689
rs4894537	FNDC3B	0	0.006751769695522625	1	MR_MEGA_Association_P	-1.6385458189526618	1.6385458189526618
rs4894537	FNDC3B	0	0.006751769695522625	2	Is_intergenic	1.4190155792552945	1.4190155792552945
rs4894537	FNDC3B	0	0.006751769695522625	3	MAF	-1.3764021341394521	1.3764021341394521
rs4894537	FNDC3B	0	0.006751769695522625	4	Is_intronic	-1.0050153992571766	1.0050153992571766
rs4894537	FNDC3B	0	0.006751769695522625	5	Has_MODIFIER_impact	-0.6259454180791647	0.6259454180791647
rs4894537	FNDC3B	0	0.006751769695522625	6	CI_width	0.40007068573596394	0.40007068573596394
rs4894537	FNDC3B	0	0.006751769695522625	7	Biotype_count	0.3948078862592953	0.3948078862592953
rs4894537	FNDC3B	0	0.006751769695522625	8	log_OR	-0.21301555210449968	0.21301555210449968
rs4894537	FNDC3B	0	0.006751769695522625	9	Effective_Sample_Size	-0.20156470465044213	0.20156470465044213
rs4894537	FNDC3B	0	0.006751769695522625	10	SE_log_OR	-0.18469567528273848	0.18469567528273848
rs6589571	AP006216.5	0	0.5031950805985985	1	Is_intronic	1.4462416721017908	1.4462416721017908
rs6589571	AP006216.5	0	0.5031950805985985	2	Is_intergenic	1.4190155792552945	1.4190155792552945
rs6589571	AP006216.5	0	0.5031950805985985	3	Has_MODIFIER_impact	-0.6259454180791647	0.6259454180791647
rs6589571	AP006216.5	0	0.5031950805985985	4	Biotype_count	-0.3793252240530487	0.3793252240530487
rs6589571	AP006216.5	0	0.5031950805985985	5	CI_width	0.3140956100047367	0.3140956100047367
rs6589571	AP006216.5	0	0.5031950805985985	6	MR_MEGA_Association_P	0.2707449216986559	0.2707449216986559
rs6589571	AP006216.5	0	0.5031950805985985	7	MAF	0.2480615672443543	0.2480615672443543
rs6589571	AP006216.5	0	0.5031950805985985	8	Risk_Allele_Frequency	-0.22362261157482832	0.22362261157482832
rs6589571	AP006216.5	0	0.5031950805985985	9	Effective_Sample_Size	-0.19882921934017175	0.19882921934017175
rs6589571	AP006216.5	0	0.5031950805985985	10	log_OR	-0.17854006079830334	0.17854006079830334
rs576674		0	0.006615420810189694	1	Is_intergenic	-5.67606231702118	5.67606231702118
rs576674		0	0.006615420810189694	2	Has_MODIFIER_impact	2.5037816723166606	2.5037816723166606
rs576674		0	0.006615420810189694	3	Is_intronic	1.4462416721017908	1.4462416721017908
rs576674		0	0.006615420810189694	4	Biotype_count	-1.1534583343653926	1.1534583343653926
rs576674		0	0.006615420810189694	5	CI_width	0.3140956100047424	0.3140956100047424
rs576674		0	0.006615420810189694	6	MR_MEGA_Association_P	0.27906355970561825	0.27906355970561825
rs576674		0	0.006615420810189694	7	neg_log10_P	-0.2656181591632048	0.2656181591632048
rs576674		0	0.006615420810189694	8	Gene_count	0.23480901528957066	0.23480901528957066
rs576674		0	0.006615420810189694	9	Risk_Allele_Frequency	-0.19473626798535332	0.19473626798535332
rs576674		0	0.006615420810189694	10	Effective_Sample_Size	-0.19117082669926508	0.19117082669926508
rs12402498	PHF13	0	0.13120426446862585	1	Is_intergenic	1.4190155792552945	1.4190155792552945
rs12402498	PHF13	0	0.13120426446862585	2	Is_intronic	-1.0050153992571766	1.0050153992571766
rs12402498	PHF13	0	0.13120426446862585	3	Is_5UTR	0.767033843450038	0.767033843450038
rs12402498	PHF13	0	0.13120426446862585	4	Has_MODIFIER_impact	-0.6259454180791647	0.6259454180791647
rs12402498	PHF13	0	0.13120426446862585	5	Biotype_count	0.3948078862592953	0.3948078862592953
rs12402498	PHF13	0	0.13120426446862585	6	MAF	-0.3766870395640212	0.3766870395640212
rs12402498	PHF13	0	0.13120426446862585	7	CI_width	0.371412327158892	0.371412327158892
rs12402498	PHF13	0	0.13120426446862585	8	MR_MEGA_Association_P	0.2790635596048965	0.2790635596048965
rs12402498	PHF13	0	0.13120426446862585	9	Gene_count	-0.22113082022415878	0.22113082022415878
rs12402498	PHF13	0	0.13120426446862585	10	Effective_Sample_Size	-0.2014968330355932	0.2014968330355932
rs12419690		0	0.002847489388046444	1	Is_intergenic	-5.67606231702118	5.67606231702118
rs12419690		0	0.002847489388046444	2	Has_MODIFIER_impact	2.5037816723166606	2.5037816723166606
rs12419690		0	0.002847489388046444	3	Is_intronic	1.4462416721017908	1.4462416721017908
rs12419690		0	0.002847489388046444	4	MAF	-1.3037787749630418	1.3037787749630418
rs12419690		0	0.002847489388046444	5	Biotype_count	-1.1534583343653926	1.1534583343653926
rs12419690		0	0.002847489388046444	6	CI_width	0.40007068573596394	0.40007068573596394
rs12419690		0	0.002847489388046444	7	MR_MEGA_Association_P	0.2790635597042253	0.2790635597042253
rs12419690		0	0.002847489388046444	8	Gene_count	0.23480901528957066	0.23480901528957066
rs12419690		0	0.002847489388046444	9	Effective_Sample_Size	-0.20327316045546512	0.20327316045546512
rs12419690		0	0.002847489388046444	10	SE_log_OR	-0.1871757688923244	0.1871757688923244
rs12883788	AKAP6	0	0.24858887010471153	1	Is_intronic	1.4462416721017908	1.4462416721017908
rs12883788	AKAP6	0	0.24858887010471153	2	Is_intergenic	1.4190155792552945	1.4190155792552945
rs12883788	AKAP6	0	0.24858887010471153	3	MAF	-0.9810213256992216	0.9810213256992216
rs12883788	AKAP6	0	0.24858887010471153	4	Has_MODIFIER_impact	-0.6259454180791647	0.6259454180791647
rs12883788	AKAP6	0	0.24858887010471153	5	Biotype_count	-0.3793252240530487	0.3793252240530487
rs12883788	AKAP6	0	0.24858887010471153	6	CI_width	0.371412327158892	0.371412327158892
rs12883788	AKAP6	0	0.24858887010471153	7	MR_MEGA_Association_P	0.2790635597056176	0.2790635597056176
rs12883788	AKAP6	0	0.24858887010471153	8	Effective_Sample_Size	-0.19746405722039276	0.19746405722039276
rs12883788	AKAP6	0	0.24858887010471153	9	SE_log_OR	-0.17264918633319873	0.17264918633319873
rs12883788	AKAP6	0	0.24858887010471153	10	Has_LOW_impact	-0.15772961766600233	0.15772961766600233
rs2395023	RP11-242G20.1	0	0.22712073912133862	1	Is_intronic	1.4462416721017908	1.4462416721017908
rs2395023	RP11-242G20.1	0	0.22712073912133862	2	Is_intergenic	1.4190155792552945	1.4190155792552945
rs2395023	RP11-242G20.1	0	0.22712073912133862	3	MAF	-0.8147150064220627	0.8147150064220627
rs2395023	RP11-242G20.1	0	0.22712073912133862	4	Has_MODIFIER_impact	-0.6259454180791647	0.6259454180791647
rs2395023	RP11-242G20.1	0	0.22712073912133862	5	CI_width	0.40007068573596394	0.40007068573596394
rs2395023	RP11-242G20.1	0	0.22712073912133862	6	Biotype_count	-0.3793252240530487	0.3793252240530487
rs2395023	RP11-242G20.1	0	0.22712073912133862	7	MR_MEGA_Association_P	-0.29656050267827877	0.29656050267827877
rs2395023	RP11-242G20.1	0	0.22712073912133862	8	Effective_Sample_Size	-0.2016272266623151	0.2016272266623151
rs2395023	RP11-242G20.1	0	0.22712073912133862	9	log_OR	-0.19000935083296205	0.19000935083296205
rs2395023	RP11-242G20.1	0	0.22712073912133862	10	SE_log_OR	-0.18541122073775704	0.18541122073775704
rs1321313		0	0.01209215232379705	1	Is_regulatory	-7.046697758576222	7.046697758576222
rs1321313		0	0.01209215232379705	2	Has_MODIFIER_impact	2.5037816723166606	2.5037816723166606
rs1321313		0	0.01209215232379705	3	Is_intronic	1.4462416721017908	1.4462416721017908
rs1321313		0	0.01209215232379705	4	Is_intergenic	1.4190155792552945	1.4190155792552945
rs1321313		0	0.01209215232379705	5	Biotype_count	-1.1534583343653926	1.1534583343653926
rs1321313		0	0.01209215232379705	6	CI_width	0.3427539685818144	0.3427539685818144
rs1321313		0	0.01209215232379705	7	Gene_count	0.23480901528957066	0.23480901528957066
rs1321313		0	0.01209215232379705	8	Risk_Allele_Frequency	0.21348838390158786	0.21348838390158786
rs1321313		0	0.01209215232379705	9	Effective_Sample_Size	-0.198863885710117	0.198863885710117
rs1321313		0	0.01209215232379705	10	log_OR	-0.19000935083296205	0.19000935083296205
rs11057418	FAM101A	0	0.1134540589544842	1	Is_intergenic	1.4190155792552945	1.4190155792552945
rs11057418	FAM101A	0	0.1134540589544842	2	Is_intronic	-1.0050153992571766	1.0050153992571766
rs11057418	FAM101A	0	0.1134540589544842	3	Has_MODIFIER_impact	-0.6259454180791647	0.6259454180791647
rs11057418	FAM101A	0	0.1134540589544842	4	Biotype_count	0.3948078862592953	0.3948078862592953
rs11057418	FAM101A	0	0.1134540589544842	5	CI_width	0.3140956100047367	0.3140956100047367
rs11057418	FAM101A	0	0.1134540589544842	6	MR_MEGA_Association_P	0.27906355970561825	0.27906355970561825
rs11057418	FAM101A	0	0.1134540589544842	7	Effective_Sample_Size	-0.18861868901521842	0.18861868901521842
rs11057418	FAM101A	0	0.1134540589544842	8	Risk_Allele_Frequency	-0.18767484887244973	0.18767484887244973
rs11057418	FAM101A	0	0.1134540589544842	9	Has_LOW_impact	-0.15772961766600233	0.15772961766600233
rs11057418	FAM101A	0	0.1134540589544842	10	SE_log_OR	-0.14444977386163296	0.14444977386163296
rs11120157	RP11-554K11.2	0	0.03584429023773192	1	Is_intergenic	1.4190155792552945	1.4190155792552945
rs11120157	RP11-554K11.2	0	0.03584429023773192	2	Is_intronic	-1.0050153992571766	1.0050153992571766
rs11120157	RP11-554K11.2	0	0.03584429023773192	3	MAF	-0.7968231449125271	0.7968231449125271
rs11120157	RP11-554K11.2	0	0.03584429023773192	4	Has_MODIFIER_impact	-0.6259454180791647	0.6259454180791647
rs11120157	RP11-554K11.2	0	0.03584429023773192	5	Biotype_count	-0.3793252240530487	0.3793252240530487
rs11120157	RP11-554K11.2	0	0.03584429023773192	6	CI_width	0.371412327158892	0.371412327158892
rs11120157	RP11-554K11.2	0	0.03584429023773192	7	MR_MEGA_Association_P	0.2765172687149256	0.2765172687149256
rs11120157	RP11-554K11.2	0	0.03584429023773192	8	log_OR	-0.17854006079830334	0.17854006079830334
rs11120157	RP11-554K11.2	0	0.03584429023773192	9	SE_log_OR	-0.17074687261665972	0.17074687261665972
rs11120157	RP11-554K11.2	0	0.03584429023773192	10	Has_LOW_impact	-0.15772961766600233	0.15772961766600233
rs55826925	B9D2	0	0.5275636112664774	1	Is_intergenic	1.4190155792552945	1.4190155792552945
rs55826925	B9D2	0	0.5275636112664774	2	Biotype_count	1.1689409965716393	1.1689409965716393
rs55826925	B9D2	0	0.5275636112664774	3	Is_intronic	-1.0050153992571766	1.0050153992571766
rs55826925	B9D2	0	0.5275636112664774	4	MAF	0.7678054786361116	0.7678054786361116
rs55826925	B9D2	0	0.5275636112664774	5	Has_MODIFIER_impact	-0.6259454180791647	0.6259454180791647
rs55826925	B9D2	0	0.5275636112664774	6	Risk_Allele_Frequency	0.30168219968159116	0.30168219968159116
rs55826925	B9D2	0	0.5275636112664774	7	MR_MEGA_Association_P	0.2788591804652909	0.2788591804652909
rs55826925	B9D2	0	0.5275636112664774	8	Effective_Sample_Size	0.24762656318980492	0.24762656318980492
rs55826925	B9D2	0	0.5275636112664774	9	Gene_count	-0.22113082022415878	0.22113082022415878
rs55826925	B9D2	0	0.5275636112664774	10	Is_upstream	-0.1703277172535689	0.1703277172535689
rs1044531	AKNA	0	0.9695613598712749	1	Is_3UTR	1.870845748233353	1.870845748233353
rs1044531	AKNA	0	0.9695613598712749	2	Is_intronic	1.4462416721017908	1.4462416721017908
rs1044531	AKNA	0	0.9695613598712749	3	Is_intergenic	1.4190155792552945	1.4190155792552945
rs1044531	AKNA	0	0.9695613598712749	4	MAF	0.7825882625718584	0.7825882625718584
rs1044531	AKNA	0	0.9695613598712749	5	Has_MODIFIER_impact	-0.6259454180791647	0.6259454180791647
rs1044531	AKNA	0	0.9695613598712749	6	Biotype_count	0.3948078862592953	0.3948078862592953
rs1044531	AKNA	0	0.9695613598712749	7	Risk_Allele_Frequency	-0.2877738089395118	0.2877738089395118
rs1044531	AKNA	0	0.9695613598712749	8	Effective_Sample_Size	0.2677723196019817	0.2677723196019817
rs1044531	AKNA	0	0.9695613598712749	9	MR_MEGA_Association_P	0.24326648712515064	0.24326648712515064
rs1044531	AKNA	0	0.9695613598712749	10	Gene_count	-0.22113082022415878	0.22113082022415878
rs6475477	FOCAD	0	0.07334151653674151	1	Is_intergenic	1.4190155792552945	1.4190155792552945
rs6475477	FOCAD	0	0.07334151653674151	2	MAF	-1.4126551518866424	1.4126551518866424
rs6475477	FOCAD	0	0.07334151653674151	3	Biotype_count	1.1689409965716393	1.1689409965716393
rs6475477	FOCAD	0	0.07334151653674151	4	Is_intronic	-1.0050153992571766	1.0050153992571766
rs6475477	FOCAD	0	0.07334151653674151	5	Has_MODIFIER_impact	-0.6259454180791647	0.6259454180791647
rs6475477	FOCAD	0	0.07334151653674151	6	CI_width	0.40007068573596394	0.40007068573596394
rs6475477	FOCAD	0	0.07334151653674151	7	MR_MEGA_Association_P	0.27906346483784583	0.27906346483784583
rs6475477	FOCAD	0	0.07334151653674151	8	SE_log_OR	-0.18629779873850244	0.18629779873850244
rs6475477	FOCAD	0	0.07334151653674151	9	Effective_Sample_Size	-0.1733846929636006	0.1733846929636006
rs6475477	FOCAD	0	0.07334151653674151	10	Is_upstream	-0.1703277172535689	0.1703277172535689
rs11688682		0	0.015626136908389508	1	Is_regulatory	-7.046697758576222	7.046697758576222
rs11688682		0	0.015626136908389508	2	Has_MODIFIER_impact	2.5037816723166606	2.5037816723166606
rs11688682		0	0.015626136908389508	3	Is_intronic	1.4462416721017908	1.4462416721017908
rs11688682		0	0.015626136908389508	4	Is_intergenic	1.4190155792552945	1.4190155792552945
rs11688682		0	0.015626136908389508	5	Biotype_count	-1.1534583343653926	1.1534583343653926
rs11688682		0	0.015626136908389508	6	CI_width	0.28543725142766474	0.28543725142766474
rs11688682		0	0.015626136908389508	7	MR_MEGA_Association_P	0.27906355970561825	0.27906355970561825
rs11688682		0	0.015626136908389508	8	Gene_count	0.23480901528957066	0.23480901528957066
rs11688682		0	0.015626136908389508	9	Risk_Allele_Frequency	0.20502594544325273	0.20502594544325273
rs11688682		0	0.015626136908389508	10	Has_LOW_impact	-0.15772961766600233	0.15772961766600233
rs10748694	ARHGAP19-SLIT1	0	0.428633055505322	1	Is_intronic	1.4462416721017908	1.4462416721017908
rs10748694	ARHGAP19-SLIT1	0	0.428633055505322	2	Is_intergenic	1.4190155792552945	1.4190155792552945
rs10748694	ARHGAP19-SLIT1	0	0.428633055505322	3	MAF	-1.275386443911844	1.275386443911844
rs10748694	ARHGAP19-SLIT1	0	0.428633055505322	4	Biotype_count	1.1689409965716393	1.1689409965716393
rs10748694	ARHGAP19-SLIT1	0	0.428633055505322	5	Has_MODIFIER_impact	-0.6259454180791647	0.6259454180791647
rs10748694	ARHGAP19-SLIT1	0	0.428633055505322	6	CI_width	0.40007068573596394	0.40007068573596394
rs10748694	ARHGAP19-SLIT1	0	0.428633055505322	7	MR_MEGA_Association_P	0.27906355970561825	0.27906355970561825
rs10748694	ARHGAP19-SLIT1	0	0.428633055505322	8	Gene_count	-0.22113082022415878	0.22113082022415878
rs10748694	ARHGAP19-SLIT1	0	0.428633055505322	9	Effective_Sample_Size	-0.19882921934017175	0.19882921934017175
rs10748694	ARHGAP19-SLIT1	0	0.428633055505322	10	SE_log_OR	-0.18735034100267406	0.18735034100267406
rs319597	PCBD2	0	0.07805434900125309	1	Is_intergenic	1.4190155792552945	1.4190155792552945
rs319597	PCBD2	0	0.07805434900125309	2	MAF	-1.256849302151145	1.256849302151145
rs319597	PCBD2	0	0.07805434900125309	3	Biotype_count	1.1689409965716393	1.1689409965716393
rs319597	PCBD2	0	0.07805434900125309	4	Is_intronic	-1.0050153992571766	1.0050153992571766
rs319597	PCBD2	0	0.07805434900125309	5	Has_MODIFIER_impact	-0.6259454180791647	0.6259454180791647
rs319597	PCBD2	0	0.07805434900125309	6	CI_width	0.40007068573596394	0.40007068573596394
rs319597	PCBD2	0	0.07805434900125309	7	MR_MEGA_Association_P	0.24963305269630723	0.24963305269630723
rs319597	PCBD2	0	0.07805434900125309	8	Gene_count	-0.22113082022415878	0.22113082022415878
rs319597	PCBD2	0	0.07805434900125309	9	Effective_Sample_Size	-0.20327316045546512	0.20327316045546512
rs319597	PCBD2	0	0.07805434900125309	10	log_OR	-0.19000935083296205	0.19000935083296205
rs11051394		0	0.020424425481622526	1	Is_regulatory	-7.046697758576222	7.046697758576222
rs11051394		0	0.020424425481622526	2	Has_MODIFIER_impact	2.5037816723166606	2.5037816723166606
rs11051394		0	0.020424425481622526	3	Is_intronic	1.4462416721017908	1.4462416721017908
rs11051394		0	0.020424425481622526	4	Is_intergenic	1.4190155792552945	1.4190155792552945
rs11051394		0	0.020424425481622526	5	Biotype_count	-1.1534583343653926	1.1534583343653926
rs11051394		0	0.020424425481622526	6	MAF	0.996879967799182	0.996879967799182
rs11051394		0	0.020424425481622526	7	Risk_Allele_Frequency	-0.31349201833077484	0.31349201833077484
rs11051394		0	0.020424425481622526	8	MR_MEGA_Association_P	0.27906355970561825	0.27906355970561825
rs11051394		0	0.020424425481622526	9	Gene_count	0.23480901528957066	0.23480901528957066
rs11051394		0	0.020424425481622526	10	CI_width	-0.20175484438260974	0.20175484438260974
rs116913033	CAMK2B	0	0.44683962981215836	1	Is_intergenic	1.4190155792552945	1.4190155792552945
rs116913033	CAMK2B	0	0.44683962981215836	2	Biotype_count	1.1689409965716393	1.1689409965716393
rs116913033	CAMK2B	0	0.44683962981215836	3	Is_intronic	-1.0050153992571766	1.0050153992571766
rs116913033	CAMK2B	0	0.44683962981215836	4	Has_MODIFIER_impact	-0.6259454180791647	0.6259454180791647
rs116913033	CAMK2B	0	0.44683962981215836	5	MAF	0.5228922923990247	0.5228922923990247
rs116913033	CAMK2B	0	0.44683962981215836	6	MR_MEGA_Association_P	0.2790635589450795	0.2790635589450795
rs116913033	CAMK2B	0	0.44683962981215836	7	Risk_Allele_Frequency	0.27228895462040215	0.27228895462040215
rs116913033	CAMK2B	0	0.44683962981215836	8	CI_width	0.19946217569643745	0.19946217569643745
rs116913033	CAMK2B	0	0.44683962981215836	9	Is_upstream	-0.1703277172535689	0.1703277172535689
rs116913033	CAMK2B	0	0.44683962981215836	10	Effective_Sample_Size	-0.1663059192001963	0.1663059192001963
rs2444842	ITGB4	0	0.07204415320676795	1	Is_intergenic	1.4190155792552945	1.4190155792552945
rs2444842	ITGB4	0	0.07204415320676795	2	Biotype_count	1.1689409965716393	1.1689409965716393
rs2444842	ITGB4	0	0.07204415320676795	3	MR_MEGA_Association_P	-1.1434771711625558	1.1434771711625558
rs2444842	ITGB4	0	0.07204415320676795	4	Is_intronic	-1.0050153992571766	1.0050153992571766
rs2444842	ITGB4	0	0.07204415320676795	5	Has_MODIFIER_impact	-0.6259454180791647	0.6259454180791647
rs2444842	ITGB4	0	0.07204415320676795	6	CI_width	0.3427539685818144	0.3427539685818144
rs2444842	ITGB4	0	0.07204415320676795	7	Gene_count	-0.22113082022415878	0.22113082022415878
rs2444842	ITGB4	0	0.07204415320676795	8	MAF	-0.20955945451265395	0.20955945451265395
rs2444842	ITGB4	0	0.07204415320676795	9	log_OR	-0.19000935083296205	0.19000935083296205
rs2444842	ITGB4	0	0.07204415320676795	10	Risk_Allele_Frequency	0.1843837910673471	0.1843837910673471
rs58306981	SETBP1	0	0.014859635734352127	1	Is_intergenic	1.4190155792552945	1.4190155792552945
rs58306981	SETBP1	0	0.014859635734352127	2	Is_intronic	-1.0050153992571766	1.0050153992571766
rs58306981	SETBP1	0	0.014859635734352127	3	MR_MEGA_Association_P	-0.7030015907881308	0.7030015907881308
rs58306981	SETBP1	0	0.014859635734352127	4	Has_MODIFIER_impact	-0.6259454180791647	0.6259454180791647
rs58306981	SETBP1	0	0.014859635734352127	5	MAF	-0.6145608048793231	0.6145608048793231
rs58306981	SETBP1	0	0.014859635734352127	6	Biotype_count	-0.3793252240530487	0.3793252240530487
rs58306981	SETBP1	0	0.014859635734352127	7	CI_width	0.371412327158892	0.371412327158892
rs58306981	SETBP1	0	0.014859635734352127	8	log_OR	-0.21301555210449968	0.21301555210449968
rs58306981	SETBP1	0	0.014859635734352127	9	Effective_Sample_Size	-0.1971832855470218	0.1971832855470218
rs58306981	SETBP1	0	0.014859635734352127	10	SE_log_OR	-0.16958751788096038	0.16958751788096038
rs35419009	CDH7	0	0.08358919149002823	1	Is_intergenic	1.4190155792552945	1.4190155792552945
rs35419009	CDH7	0	0.08358919149002823	2	Is_intronic	-1.0050153992571766	1.0050153992571766
rs35419009	CDH7	0	0.08358919149002823	3	Has_MODIFIER_impact	-0.6259454180791647	0.6259454180791647
rs35419009	CDH7	0	0.08358919149002823	4	MAF	-0.5635836650374	0.5635836650374
rs35419009	CDH7	0	0.08358919149002823	5	Biotype_count	0.3948078862592953	0.3948078862592953
rs35419009	CDH7	0	0.08358919149002823	6	CI_width	0.371412327158892	0.371412327158892
rs35419009	CDH7	0	0.08358919149002823	7	MR_MEGA_Association_P	0.2790632135089212	0.2790632135089212
rs35419009	CDH7	0	0.08358919149002823	8	Effective_Sample_Size	-0.19705289192029984	0.19705289192029984
rs35419009	CDH7	0	0.08358919149002823	9	SE_log_OR	-0.17151224597066808	0.17151224597066808
rs35419009	CDH7	0	0.08358919149002823	10	Has_LOW_impact	-0.15772961766600233	0.15772961766600233
rs2759398	QKI	0	0.09073950869290577	1	Is_intergenic	1.4190155792552945	1.4190155792552945
rs2759398	QKI	0	0.09073950869290577	2	Is_intronic	-1.0050153992571766	1.0050153992571766
rs2759398	QKI	0	0.09073950869290577	3	Has_MODIFIER_impact	-0.6259454180791647	0.6259454180791647
rs2759398	QKI	0	0.09073950869290577	4	Biotype_count	0.3948078862592953	0.3948078862592953
rs2759398	QKI	0	0.09073950869290577	5	MAF	-0.37387127119530755	0.37387127119530755
rs2759398	QKI	0	0.09073950869290577	6	CI_width	0.3427539685818144	0.3427539685818144
rs2759398	QKI	0	0.09073950869290577	7	log_OR	-0.17281382983776944	0.17281382983776944
rs2759398	QKI	0	0.09073950869290577	8	Has_LOW_impact	-0.15772961766600233	0.15772961766600233
rs2759398	QKI	0	0.09073950869290577	9	SE_log_OR	-0.15574144189628034	0.15574144189628034
rs2759398	QKI	0	0.09073950869290577	10	neg_log10_P	0.15254493752869533	0.15254493752869533
rs7067540		0	0.0060562870485115616	1	Is_intergenic	-5.67606231702118	5.67606231702118
rs7067540		0	0.0060562870485115616	2	Has_MODIFIER_impact	2.5037816723166606	2.5037816723166606
rs7067540		0	0.0060562870485115616	3	Is_intronic	1.4462416721017908	1.4462416721017908
rs7067540		0	0.0060562870485115616	4	Biotype_count	-1.1534583343653926	1.1534583343653926
rs7067540		0	0.0060562870485115616	5	MAF	-0.6124489786027877	0.6124489786027877
rs7067540		0	0.0060562870485115616	6	CI_width	0.40007068573596394	0.40007068573596394
rs7067540		0	0.0060562870485115616	7	MR_MEGA_Association_P	0.27906355970561686	0.27906355970561686
rs7067540		0	0.0060562870485115616	8	Gene_count	0.23480901528957066	0.23480901528957066
rs7067540		0	0.0060562870485115616	9	Effective_Sample_Size	-0.2014968330355932	0.2014968330355932
rs7067540		0	0.0060562870485115616	10	SE_log_OR	-0.18769847121750818	0.18769847121750818
rs1150674	ZNF192P1	0	0.8351556442232339	1	Is_intronic	1.4462416721017908	1.4462416721017908
rs1150674	ZNF192P1	0	0.8351556442232339	2	Is_intergenic	1.4190155792552945	1.4190155792552945
rs1150674	ZNF192P1	0	0.8351556442232339	3	Biotype_count	1.1689409965716393	1.1689409965716393
rs1150674	ZNF192P1	0	0.8351556442232339	4	MAF	0.8127991106945169	0.8127991106945169
rs1150674	ZNF192P1	0	0.8351556442232339	5	MR_MEGA_Association_P	-0.7625581310026234	0.7625581310026234
rs1150674	ZNF192P1	0	0.8351556442232339	6	Has_MODIFIER_impact	-0.6259454180791647	0.6259454180791647
rs1150674	ZNF192P1	0	0.8351556442232339	7	Risk_Allele_Frequency	0.307082108414988	0.307082108414988
rs1150674	ZNF192P1	0	0.8351556442232339	8	Effective_Sample_Size	-0.18751136833226598	0.18751136833226598
rs1150674	ZNF192P1	0	0.8351556442232339	9	neg_log10_P	0.15790425490593296	0.15790425490593296
rs1150674	ZNF192P1	0	0.8351556442232339	10	Has_LOW_impact	-0.15772961766600233	0.15772961766600233
rs10920270	IPO9	0	0.6598935544882985	1	Is_intronic	1.4462416721017908	1.4462416721017908
rs10920270	IPO9	0	0.6598935544882985	2	Is_intergenic	1.4190155792552945	1.4190155792552945
rs10920270	IPO9	0	0.6598935544882985	3	Has_MODIFIER_impact	-0.6259454180791647	0.6259454180791647
rs10920270	IPO9	0	0.6598935544882985	4	Biotype_count	0.3948078862592953	0.3948078862592953
rs10920270	IPO9	0	0.6598935544882985	5	CI_width	0.3427539685818144	0.3427539685818144
rs10920270	IPO9	0	0.6598935544882985	6	MR_MEGA_Association_P	0.2790614879034647	0.2790614879034647
rs10920270	IPO9	0	0.6598935544882985	7	Gene_count	-0.22113082022415878	0.22113082022415878
rs10920270	IPO9	0	0.6598935544882985	8	Risk_Allele_Frequency	0.20927124526885676	0.20927124526885676
rs10920270	IPO9	0	0.6598935544882985	9	Is_upstream	-0.1703277172535689	0.1703277172535689
rs10920270	IPO9	0	0.6598935544882985	10	Has_LOW_impact	-0.15772961766600233	0.15772961766600233
rs8082265	ATP2A3	0	0.31801163657130577	1	Is_intergenic	1.4190155792552945	1.4190155792552945
rs8082265	ATP2A3	0	0.31801163657130577	2	Is_intronic	-1.0050153992571766	1.0050153992571766
rs8082265	ATP2A3	0	0.31801163657130577	3	Has_MODIFIER_impact	-0.6259454180791647	0.6259454180791647
rs8082265	ATP2A3	0	0.31801163657130577	4	MAF	0.44082437681922026	0.44082437681922026
rs8082265	ATP2A3	0	0.31801163657130577	5	Biotype_count	0.3948078862592953	0.3948078862592953
rs8082265	ATP2A3	0	0.31801163657130577	6	MR_MEGA_Association_P	0.2790635597055902	0.2790635597055902
rs8082265	ATP2A3	0	0.31801163657130577	7	Effective_Sample_Size	0.2729694471098339	0.2729694471098339
rs8082265	ATP2A3	0	0.31801163657130577	8	Risk_Allele_Frequency	0.2624395774130721	0.2624395774130721
rs8082265	ATP2A3	0	0.31801163657130577	9	CI_width	0.19946217569643745	0.19946217569643745
rs8082265	ATP2A3	0	0.31801163657130577	10	Is_upstream	-0.1703277172535689	0.1703277172535689
rs2841648	CRIP3	0	0.1414331480038858	1	Biotype_count	1.9430741068839834	1.9430741068839834
rs2841648	CRIP3	0	0.1414331480038858	2	Is_intergenic	1.4190155792552945	1.4190155792552945
rs2841648	CRIP3	0	0.1414331480038858	3	MAF	-1.3483617741343439	1.3483617741343439
rs2841648	CRIP3	0	0.1414331480038858	4	Is_intronic	-1.0050153992571766	1.0050153992571766
rs2841648	CRIP3	0	0.1414331480038858	5	Has_MODIFIER_impact	-0.6259454180791647	0.6259454180791647
rs2841648	CRIP3	0	0.1414331480038858	6	CI_width	0.40007068573596394	0.40007068573596394
rs2841648	CRIP3	0	0.1414331480038858	7	MR_MEGA_Association_P	0.2599931504634976	0.2599931504634976
rs2841648	CRIP3	0	0.1414331480038858	8	Gene_count	-0.22113082022415878	0.22113082022415878
rs2841648	CRIP3	0	0.1414331480038858	9	log_OR	-0.2072555214476654	0.2072555214476654
rs2841648	CRIP3	0	0.1414331480038858	10	Effective_Sample_Size	-0.2016272266623151	0.2016272266623151
rs28538218	RP11-382A20.5	0	0.019296169098419448	1	Is_intergenic	1.4190155792552945	1.4190155792552945
rs28538218	RP11-382A20.5	0	0.019296169098419448	2	Is_intronic	-1.0050153992571766	1.0050153992571766
rs28538218	RP11-382A20.5	0	0.019296169098419448	3	MAF	-0.8525518938766545	0.8525518938766545
rs28538218	RP11-382A20.5	0	0.019296169098419448	4	Has_MODIFIER_impact	-0.6259454180791647	0.6259454180791647
rs28538218	RP11-382A20.5	0	0.019296169098419448	5	CI_width	0.40007068573596394	0.40007068573596394
rs28538218	RP11-382A20.5	0	0.019296169098419448	6	Biotype_count	-0.3793252240530487	0.3793252240530487
rs28538218	RP11-382A20.5	0	0.019296169098419448	7	MR_MEGA_Association_P	-0.2707234248235922	0.2707234248235922
rs28538218	RP11-382A20.5	0	0.019296169098419448	8	Gene_count	-0.22113082022415878	0.22113082022415878
rs28538218	RP11-382A20.5	0	0.019296169098419448	9	log_OR	-0.19000935083296205	0.19000935083296205
rs28538218	RP11-382A20.5	0	0.019296169098419448	10	SE_log_OR	-0.18541122073775704	0.18541122073775704
rs57358169		0	0.10164778580250437	1	Is_intergenic	-5.67606231702118	5.67606231702118
rs57358169		0	0.10164778580250437	2	Has_MODIFIER_impact	2.5037816723166606	2.5037816723166606
rs57358169		0	0.10164778580250437	3	Is_intronic	1.4462416721017908	1.4462416721017908
rs57358169		0	0.10164778580250437	4	Biotype_count	-1.1534583343653926	1.1534583343653926
rs57358169		0	0.10164778580250437	5	Effective_Sample_Size	1.1275229919734409	1.1275229919734409
rs57358169		0	0.10164778580250437	6	MAF	1.021048646297309	1.021048646297309
rs57358169		0	0.10164778580250437	7	CI_width	-0.5743135058845793	0.5743135058845793
rs57358169		0	0.10164778580250437	8	Risk_Allele_Frequency	0.3320751670897714	0.3320751670897714
rs57358169		0	0.10164778580250437	9	SE_log_OR	0.2897013711496548	0.2897013711496548
rs57358169		0	0.10164778580250437	10	MR_MEGA_Association_P	0.2786220843032129	0.2786220843032129
rs62008456	PEAK1	0	0.2878665263856484	1	Is_intergenic	1.4190155792552945	1.4190155792552945
rs62008456	PEAK1	0	0.2878665263856484	2	MAF	1.0557177943370974	1.0557177943370974
rs62008456	PEAK1	0	0.2878665263856484	3	Is_intronic	-1.0050153992571766	1.0050153992571766
rs62008456	PEAK1	0	0.2878665263856484	4	Has_MODIFIER_impact	-0.6259454180791647	0.6259454180791647
rs62008456	PEAK1	0	0.2878665263856484	5	Biotype_count	0.3948078862592953	0.3948078862592953
rs62008456	PEAK1	0	0.2878665263856484	6	CI_width	-0.3450466372679809	0.3450466372679809
rs62008456	PEAK1	0	0.2878665263856484	7	Risk_Allele_Frequency	-0.3205534374436784	0.3205534374436784
rs62008456	PEAK1	0	0.2878665263856484	8	Effective_Sample_Size	0.30263860444621854	0.30263860444621854
rs62008456	PEAK1	0	0.2878665263856484	9	SE_log_OR	0.18880161678310386	0.18880161678310386
rs62008456	PEAK1	0	0.2878665263856484	10	Has_LOW_impact	-0.15772961766600233	0.15772961766600233
rs8005994	RP11-562L8.1	0	0.07830595479107488	1	Is_intergenic	1.4190155792552945	1.4190155792552945
rs8005994	RP11-562L8.1	0	0.07830595479107488	2	Is_intronic	-1.0050153992571766	1.0050153992571766
rs8005994	RP11-562L8.1	0	0.07830595479107488	3	MAF	-0.89789749698115	0.89789749698115
rs8005994	RP11-562L8.1	0	0.07830595479107488	4	Has_MODIFIER_impact	-0.6259454180791647	0.6259454180791647
rs8005994	RP11-562L8.1	0	0.07830595479107488	5	CI_width	0.40007068573596394	0.40007068573596394
rs8005994	RP11-562L8.1	0	0.07830595479107488	6	Biotype_count	0.3948078862592953	0.3948078862592953
rs8005994	RP11-562L8.1	0	0.07830595479107488	7	MR_MEGA_Association_P	0.2713768498709035	0.2713768498709035
rs8005994	RP11-562L8.1	0	0.07830595479107488	8	Effective_Sample_Size	-0.20327316045546512	0.20327316045546512
rs8005994	RP11-562L8.1	0	0.07830595479107488	9	SE_log_OR	-0.1855892310361148	0.1855892310361148
rs8005994	RP11-562L8.1	0	0.07830595479107488	10	log_OR	-0.18427189746796718	0.18427189746796718
rs11819063	MYO3A	0	0.1861051760169677	1	Is_intergenic	1.4190155792552945	1.4190155792552945
rs11819063	MYO3A	0	0.1861051760169677	2	Is_intronic	-1.0050153992571766	1.0050153992571766
rs11819063	MYO3A	0	0.1861051760169677	3	Has_MODIFIER_impact	-0.6259454180791647	0.6259454180791647
rs11819063	MYO3A	0	0.1861051760169677	4	Biotype_count	0.3948078862592953	0.3948078862592953
rs11819063	MYO3A	0	0.1861051760169677	5	CI_width	0.3427539685818144	0.3427539685818144
rs11819063	MYO3A	0	0.1861051760169677	6	MR_MEGA_Association_P	0.279025448243358	0.279025448243358
rs11819063	MYO3A	0	0.1861051760169677	7	Risk_Allele_Frequency	0.20577221705438709	0.20577221705438709
rs11819063	MYO3A	0	0.1861051760169677	8	Effective_Sample_Size	-0.20327316045546512	0.20327316045546512
rs11819063	MYO3A	0	0.1861051760169677	9	Has_LOW_impact	-0.15772961766600233	0.15772961766600233
rs11819063	MYO3A	0	0.1861051760169677	10	SE_log_OR	-0.15656489143051114	0.15656489143051114
rs3844124		0	0.031875587445976905	1	Is_regulatory	-7.046697758576222	7.046697758576222
rs3844124		0	0.031875587445976905	2	Has_MODIFIER_impact	2.5037816723166606	2.5037816723166606
rs3844124		0	0.031875587445976905	3	Is_intronic	1.4462416721017908	1.4462416721017908
rs3844124		0	0.031875587445976905	4	Is_intergenic	1.4190155792552945	1.4190155792552945
rs3844124		0	0.031875587445976905	5	Biotype_count	-1.1534583343653926	1.1534583343653926
rs3844124		0	0.031875587445976905	6	MAF	0.9200329560697015	0.9200329560697015
rs3844124		0	0.031875587445976905	7	Risk_Allele_Frequency	0.31995177355794696	0.31995177355794696
rs3844124		0	0.031875587445976905	8	Effective_Sample_Size	0.24771437209151564	0.24771437209151564
rs3844124		0	0.031875587445976905	9	Gene_count	0.23480901528957066	0.23480901528957066
rs3844124		0	0.031875587445976905	10	MR_MEGA_Association_P	-0.18468968364847127	0.18468968364847127
rs9672505	SV2B	0	0.0630962670947427	1	MR_MEGA_Association_P	-1.8487099802520655	1.8487099802520655
rs9672505	SV2B	0	0.0630962670947427	2	Is_intergenic	1.4190155792552945	1.4190155792552945
rs9672505	SV2B	0	0.0630962670947427	3	Biotype_count	1.1689409965716393	1.1689409965716393
rs9672505	SV2B	0	0.0630962670947427	4	Is_intronic	-1.0050153992571766	1.0050153992571766
rs9672505	SV2B	0	0.0630962670947427	5	Has_MODIFIER_impact	-0.6259454180791647	0.6259454180791647
rs9672505	SV2B	0	0.0630962670947427	6	MAF	0.6024377488151896	0.6024377488151896
rs9672505	SV2B	0	0.0630962670947427	7	Risk_Allele_Frequency	-0.26615305311126963	0.26615305311126963
rs9672505	SV2B	0	0.0630962670947427	8	CI_width	0.17080381711936551	0.17080381711936551
rs9672505	SV2B	0	0.0630962670947427	9	neg_log10_P	0.1613056671980219	0.1613056671980219
rs9672505	SV2B	0	0.0630962670947427	10	Has_LOW_impact	-0.15772961766600233	0.15772961766600233
rs145904814	FTO	0	0.45184360021391234	1	Is_intergenic	1.4190155792552945	1.4190155792552945
rs145904814	FTO	0	0.45184360021391234	2	CI_width	-1.2621141117343748	1.2621141117343748
rs145904814	FTO	0	0.45184360021391234	3	MAF	1.1821340617241443	1.1821340617241443
rs145904814	FTO	0	0.45184360021391234	4	Biotype_count	1.1689409965716393	1.1689409965716393
rs145904814	FTO	0	0.45184360021391234	5	Is_intronic	-1.0050153992571766	1.0050153992571766
rs145904814	FTO	0	0.45184360021391234	6	Has_MODIFIER_impact	-0.6259454180791647	0.6259454180791647
rs145904814	FTO	0	0.45184360021391234	7	SE_log_OR	0.6108982233575792	0.6108982233575792
rs145904814	FTO	0	0.45184360021391234	8	Effective_Sample_Size	0.42649400297045353	0.42649400297045353
rs145904814	FTO	0	0.45184360021391234	9	Risk_Allele_Frequency	-0.3357252801040047	0.3357252801040047
rs145904814	FTO	0	0.45184360021391234	10	log_OR	0.2839426711995062	0.2839426711995062
rs180726800	TCF7L2	0	0.19388682047575834	1	Is_intergenic	1.4190155792552945	1.4190155792552945
rs180726800	TCF7L2	0	0.19388682047575834	2	MAF	1.1501046965300248	1.1501046965300248
rs180726800	TCF7L2	0	0.19388682047575834	3	Is_intronic	-1.0050153992571766	1.0050153992571766
rs180726800	TCF7L2	0	0.19388682047575834	4	CI_width	-1.0041888845406988	1.0041888845406988
rs180726800	TCF7L2	0	0.19388682047575834	5	log_OR	0.7858959132666773	0.7858959132666773
rs180726800	TCF7L2	0	0.19388682047575834	6	Has_MODIFIER_impact	-0.6259454180791647	0.6259454180791647
rs180726800	TCF7L2	0	0.19388682047575834	7	CI_lower	0.47921118568643006	0.47921118568643006
rs180726800	TCF7L2	0	0.19388682047575834	8	CI_upper	-0.46065684065221213	0.46065684065221213
rs180726800	TCF7L2	0	0.19388682047575834	9	SE_log_OR	0.41470643393192524	0.41470643393192524
rs180726800	TCF7L2	0	0.19388682047575834	10	Effective_Sample_Size	0.3875543136082387	0.3875543136082387
rs3734618	KCNK16	1	0.8128385617092156	1	Has_LOW_impact	5.099924304534077	5.099924304534077
rs3734618	KCNK16	1	0.8128385617092156	2	MAF	-1.5666424845506786	1.5666424845506786
rs3734618	KCNK16	1	0.8128385617092156	3	Is_intergenic	1.4190155792552945	1.4190155792552945
rs3734618	KCNK16	1	0.8128385617092156	4	Is_intronic	-1.0050153992571766	1.0050153992571766
rs3734618	KCNK16	1	0.8128385617092156	5	Has_MODIFIER_impact	-0.6259454180791647	0.6259454180791647
rs3734618	KCNK16	1	0.8128385617092156	6	CI_width	0.40007068573596394	0.40007068573596394
rs3734618	KCNK16	1	0.8128385617092156	7	Biotype_count	0.3948078862592953	0.3948078862592953
rs3734618	KCNK16	1	0.8128385617092156	8	MR_MEGA_Association_P	0.27906355970561825	0.27906355970561825
rs3734618	KCNK16	1	0.8128385617092156	9	Gene_count	-0.22113082022415878	0.22113082022415878
rs3734618	KCNK16	1	0.8128385617092156	10	Effective_Sample_Size	-0.1957104950713351	0.1957104950713351
rs16849467	AC079610.1	0	0.08347538233881936	1	Is_intergenic	1.4190155792552945	1.4190155792552945
rs16849467	AC079610.1	0	0.08347538233881936	2	Is_intronic	-1.0050153992571766	1.0050153992571766
rs16849467	AC079610.1	0	0.08347538233881936	3	Has_MODIFIER_impact	-0.6259454180791647	0.6259454180791647
rs16849467	AC079610.1	0	0.08347538233881936	4	Biotype_count	-0.3793252240530487	0.3793252240530487
rs16849467	AC079610.1	0	0.08347538233881936	5	CI_width	0.3427539685818144	0.3427539685818144
rs16849467	AC079610.1	0	0.08347538233881936	6	MR_MEGA_Association_P	0.27905924593666737	0.27905924593666737
rs16849467	AC079610.1	0	0.08347538233881936	7	Risk_Allele_Frequency	0.18850236552502267	0.18850236552502267
rs16849467	AC079610.1	0	0.08347538233881936	8	MAF	-0.1752422775189545	0.1752422775189545
rs16849467	AC079610.1	0	0.08347538233881936	9	Has_LOW_impact	-0.15772961766600233	0.15772961766600233
rs16849467	AC079610.1	0	0.08347538233881936	10	SE_log_OR	-0.15676975249136388	0.15676975249136388
rs11724862	SORBS2	0	0.21890290415406746	1	Is_intergenic	1.4190155792552945	1.4190155792552945
rs11724862	SORBS2	0	0.21890290415406746	2	Biotype_count	1.1689409965716393	1.1689409965716393
rs11724862	SORBS2	0	0.21890290415406746	3	Is_intronic	-1.0050153992571766	1.0050153992571766
rs11724862	SORBS2	0	0.21890290415406746	4	Has_MODIFIER_impact	-0.6259454180791647	0.6259454180791647
rs11724862	SORBS2	0	0.21890290415406746	5	MAF	-0.5960823249596389	0.5960823249596389
rs11724862	SORBS2	0	0.21890290415406746	6	CI_width	0.371412327158892	0.371412327158892
rs11724862	SORBS2	0	0.21890290415406746	7	MR_MEGA_Association_P	0.27904767845386763	0.27904767845386763
rs11724862	SORBS2	0	0.21890290415406746	8	Transcript_count	0.21817573293422093	0.21817573293422093
rs11724862	SORBS2	0	0.21890290415406746	9	Effective_Sample_Size	-0.18221900846482922	0.18221900846482922
rs11724862	SORBS2	0	0.21890290415406746	10	SE_log_OR	-0.17151224597066808	0.17151224597066808
rs72976321	ATG16L1	0	0.8147066390557332	1	Biotype_count	2.7172072171963273	2.7172072171963273
rs72976321	ATG16L1	0	0.8147066390557332	2	Is_intergenic	1.4190155792552945	1.4190155792552945
rs72976321	ATG16L1	0	0.8147066390557332	3	Is_intronic	-1.0050153992571766	1.0050153992571766
rs72976321	ATG16L1	0	0.8147066390557332	4	MAF	0.9197983087056419	0.9197983087056419
rs72976321	ATG16L1	0	0.8147066390557332	5	Has_MODIFIER_impact	-0.6259454180791647	0.6259454180791647
rs72976321	ATG16L1	0	0.8147066390557332	6	Risk_Allele_Frequency	0.31992361236507394	0.31992361236507394
rs72976321	ATG16L1	0	0.8147066390557332	7	Gene_count	-0.22113082022415878	0.22113082022415878
rs72976321	ATG16L1	0	0.8147066390557332	8	Is_upstream	-0.1703277172535689	0.1703277172535689
rs72976321	ATG16L1	0	0.8147066390557332	9	Has_LOW_impact	-0.15772961766600233	0.15772961766600233
rs72976321	ATG16L1	0	0.8147066390557332	10	MR_MEGA_Association_P	0.1501979194172812	0.1501979194172812
rs7442885	SNORA70	0	0.26755103522505186	1	Is_intergenic	1.4190155792552945	1.4190155792552945
rs7442885	SNORA70	0	0.26755103522505186	2	Biotype_count	1.1689409965716393	1.1689409965716393
rs7442885	SNORA70	0	0.26755103522505186	3	Is_intronic	-1.0050153992571766	1.0050153992571766
rs7442885	SNORA70	0	0.26755103522505186	4	Gene_count	-0.6770706557378883	0.6770706557378883
rs7442885	SNORA70	0	0.26755103522505186	5	Has_MODIFIER_impact	-0.6259454180791647	0.6259454180791647
rs7442885	SNORA70	0	0.26755103522505186	6	CI_width	0.3140956100047367	0.3140956100047367
rs7442885	SNORA70	0	0.26755103522505186	7	MR_MEGA_Association_P	0.2781631340225953	0.2781631340225953
rs7442885	SNORA70	0	0.26755103522505186	8	Effective_Sample_Size	0.24018863546449243	0.24018863546449243
rs7442885	SNORA70	0	0.26755103522505186	9	Risk_Allele_Frequency	0.19428245036220504	0.19428245036220504
rs7442885	SNORA70	0	0.26755103522505186	10	Has_LOW_impact	-0.15772961766600233	0.15772961766600233
rs3918298	CCND1	0	0.5003525604904885	1	Is_intergenic	1.4190155792552945	1.4190155792552945
rs3918298	CCND1	0	0.5003525604904885	2	Biotype_count	1.1689409965716393	1.1689409965716393
rs3918298	CCND1	0	0.5003525604904885	3	Is_intronic	-1.0050153992571766	1.0050153992571766
rs3918298	CCND1	0	0.5003525604904885	4	MAF	0.9666104578355084	0.9666104578355084
rs3918298	CCND1	0	0.5003525604904885	5	Has_MODIFIER_impact	-0.6259454180791647	0.6259454180791647
rs3918298	CCND1	0	0.5003525604904885	6	Risk_Allele_Frequency	0.3255417703432365	0.3255417703432365
rs3918298	CCND1	0	0.5003525604904885	7	MR_MEGA_Association_P	0.27906355970561825	0.27906355970561825
rs3918298	CCND1	0	0.5003525604904885	8	Gene_count	-0.22113082022415878	0.22113082022415878
rs3918298	CCND1	0	0.5003525604904885	9	log_OR	0.21471410755901282	0.21471410755901282
rs3918298	CCND1	0	0.5003525604904885	10	Effective_Sample_Size	-0.17350738033405316	0.17350738033405316
rs7147757	HMGB1P14	0	0.07668307406035274	1	Biotype_count	1.9430741068839834	1.9430741068839834
rs7147757	HMGB1P14	0	0.07668307406035274	2	MAF	-1.6193208177820326	1.6193208177820326
rs7147757	HMGB1P14	0	0.07668307406035274	3	Is_intergenic	1.4190155792552945	1.4190155792552945
rs7147757	HMGB1P14	0	0.07668307406035274	4	Is_intronic	-1.0050153992571766	1.0050153992571766
rs7147757	HMGB1P14	0	0.07668307406035274	5	Gene_count	-0.6770706557378883	0.6770706557378883
rs7147757	HMGB1P14	0	0.07668307406035274	6	Has_MODIFIER_impact	-0.6259454180791647	0.6259454180791647
rs7147757	HMGB1P14	0	0.07668307406035274	7	CI_width	0.40007068573596394	0.40007068573596394
rs7147757	HMGB1P14	0	0.07668307406035274	8	MR_MEGA_Association_P	0.27906288399365914	0.27906288399365914
rs7147757	HMGB1P14	0	0.07668307406035274	9	Effective_Sample_Size	-0.19712076353514882	0.19712076353514882
rs7147757	HMGB1P14	0	0.07668307406035274	10	SE_log_OR	-0.18612117580122378	0.18612117580122378
rs3966782	CHRNE	0	0.3470135982022978	1	MAF	-1.491496666210629	1.491496666210629
rs3966782	CHRNE	0	0.3470135982022978	2	Is_intronic	1.4462416721017908	1.4462416721017908
rs3966782	CHRNE	0	0.3470135982022978	3	Is_intergenic	1.4190155792552945	1.4190155792552945
rs3966782	CHRNE	0	0.3470135982022978	4	Biotype_count	1.1689409965716393	1.1689409965716393
rs3966782	CHRNE	0	0.3470135982022978	5	Has_MODIFIER_impact	-0.6259454180791647	0.6259454180791647
rs3966782	CHRNE	0	0.3470135982022978	6	CI_width	0.40007068573596394	0.40007068573596394
rs3966782	CHRNE	0	0.3470135982022978	7	Gene_count	-0.22113082022415878	0.22113082022415878
rs3966782	CHRNE	0	0.3470135982022978	8	Effective_Sample_Size	-0.2016272266623151	0.2016272266623151
rs3966782	CHRNE	0	0.3470135982022978	9	log_OR	-0.19575243191182248	0.19575243191182248
rs3966782	CHRNE	0	0.3470135982022978	10	SE_log_OR	-0.18523286104496176	0.18523286104496176
rs39257	STEAP2-AS1	0	0.017405148618165493	1	Is_intergenic	1.4190155792552945	1.4190155792552945
rs39257	STEAP2-AS1	0	0.017405148618165493	2	MAF	-1.4043251704625308	1.4043251704625308
rs39257	STEAP2-AS1	0	0.017405148618165493	3	Is_intronic	-1.0050153992571766	1.0050153992571766
rs39257	STEAP2-AS1	0	0.017405148618165493	4	Has_MODIFIER_impact	-0.6259454180791647	0.6259454180791647
rs39257	STEAP2-AS1	0	0.017405148618165493	5	CI_width	0.40007068573596394	0.40007068573596394
rs39257	STEAP2-AS1	0	0.017405148618165493	6	Biotype_count	-0.3793252240530487	0.3793252240530487
rs39257	STEAP2-AS1	0	0.017405148618165493	7	MR_MEGA_Association_P	0.27906355970561825	0.27906355970561825
rs39257	STEAP2-AS1	0	0.017405148618165493	8	Effective_Sample_Size	-0.19882921934017175	0.19882921934017175
rs39257	STEAP2-AS1	0	0.017405148618165493	9	SE_log_OR	-0.18735034100267406	0.18735034100267406
rs39257	STEAP2-AS1	0	0.017405148618165493	10	Has_LOW_impact	-0.15772961766600233	0.15772961766600233
rs35550545	PRUNE	0	0.274615109550177	1	Is_intergenic	1.4190155792552945	1.4190155792552945
rs35550545	PRUNE	0	0.274615109550177	2	Biotype_count	1.1689409965716393	1.1689409965716393
rs35550545	PRUNE	0	0.274615109550177	3	Is_intronic	-1.0050153992571766	1.0050153992571766
rs35550545	PRUNE	0	0.274615109550177	4	Has_MODIFIER_impact	-0.6259454180791647	0.6259454180791647
rs35550545	PRUNE	0	0.274615109550177	5	MAF	0.6251985431289596	0.6251985431289596
rs35550545	PRUNE	0	0.274615109550177	6	MR_MEGA_Association_P	0.27906065260149066	0.27906065260149066
rs35550545	PRUNE	0	0.274615109550177	7	Risk_Allele_Frequency	-0.26888468881995015	0.26888468881995015
rs35550545	PRUNE	0	0.274615109550177	8	Gene_count	-0.22113082022415878	0.22113082022415878
rs35550545	PRUNE	0	0.274615109550177	9	CI_width	0.19946217569643745	0.19946217569643745
rs35550545	PRUNE	0	0.274615109550177	10	Effective_Sample_Size	-0.19882921934017175	0.19882921934017175
rs72695645	ACSL1	0	0.39137332041817235	1	Is_intergenic	1.4190155792552945	1.4190155792552945
rs72695645	ACSL1	0	0.39137332041817235	2	Is_intronic	-1.0050153992571766	1.0050153992571766
rs72695645	ACSL1	0	0.39137332041817235	3	Has_MODIFIER_impact	-0.6259454180791647	0.6259454180791647
rs72695645	ACSL1	0	0.39137332041817235	4	MAF	0.5726961954206501	0.5726961954206501
rs72695645	ACSL1	0	0.39137332041817235	5	Biotype_count	0.3948078862592953	0.3948078862592953
rs72695645	ACSL1	0	0.39137332041817235	6	Effective_Sample_Size	0.3321156238395952	0.3321156238395952
rs72695645	ACSL1	0	0.39137332041817235	7	MR_MEGA_Association_P	0.27906355970561825	0.27906355970561825
rs72695645	ACSL1	0	0.39137332041817235	8	Risk_Allele_Frequency	0.2782661678076955	0.2782661678076955
rs72695645	ACSL1	0	0.39137332041817235	9	Has_LOW_impact	-0.15772961766600233	0.15772961766600233
rs72695645	ACSL1	0	0.39137332041817235	10	CI_width	0.1421454585422879	0.1421454585422879
rs2426443	RP4-723E3.1	0	0.029514989711652034	1	Is_intergenic	1.4190155792552945	1.4190155792552945
rs2426443	RP4-723E3.1	0	0.029514989711652034	2	MAF	-1.0326437457923079	1.0326437457923079
rs2426443	RP4-723E3.1	0	0.029514989711652034	3	Is_intronic	-1.0050153992571766	1.0050153992571766
rs2426443	RP4-723E3.1	0	0.029514989711652034	4	Has_MODIFIER_impact	-0.6259454180791647	0.6259454180791647
rs2426443	RP4-723E3.1	0	0.029514989711652034	5	Biotype_count	-0.3793252240530487	0.3793252240530487
rs2426443	RP4-723E3.1	0	0.029514989711652034	6	CI_width	0.37141232715888634	0.37141232715888634
rs2426443	RP4-723E3.1	0	0.029514989711652034	7	MR_MEGA_Association_P	0.27906355970379165	0.27906355970379165
rs2426443	RP4-723E3.1	0	0.029514989711652034	8	Effective_Sample_Size	-0.19559900180402598	0.19559900180402598
rs2426443	RP4-723E3.1	0	0.029514989711652034	9	SE_log_OR	-0.17208237276051014	0.17208237276051014
rs2426443	RP4-723E3.1	0	0.029514989711652034	10	Has_LOW_impact	-0.15772961766600233	0.15772961766600233
rs2303202	GSE1	0	0.8538912249048811	1	Has_LOW_impact	5.099924304534077	5.099924304534077
rs2303202	GSE1	0	0.8538912249048811	2	Is_intergenic	1.4190155792552945	1.4190155792552945
rs2303202	GSE1	0	0.8538912249048811	3	Is_splice	-1.2548004618477073	1.2548004618477073
rs2303202	GSE1	0	0.8538912249048811	4	MAF	-1.207690679380683	1.207690679380683
rs2303202	GSE1	0	0.8538912249048811	5	Biotype_count	1.1689409965716393	1.1689409965716393
rs2303202	GSE1	0	0.8538912249048811	6	Is_intronic	-1.0050153992571766	1.0050153992571766
rs2303202	GSE1	0	0.8538912249048811	7	Has_MODIFIER_impact	-0.6259454180791647	0.6259454180791647
rs2303202	GSE1	0	0.8538912249048811	8	CI_width	0.40007068573596394	0.40007068573596394
rs2303202	GSE1	0	0.8538912249048811	9	MR_MEGA_Association_P	0.2788666587898954	0.2788666587898954
rs2303202	GSE1	0	0.8538912249048811	10	SE_log_OR	-0.1855892310361148	0.1855892310361148
rs11670675	SARS2	0	0.25011661856533296	1	Is_intergenic	1.4190155792552945	1.4190155792552945
rs11670675	SARS2	0	0.25011661856533296	2	Biotype_count	1.1689409965716393	1.1689409965716393
rs11670675	SARS2	0	0.25011661856533296	3	Is_intronic	-1.0050153992571766	1.0050153992571766
rs11670675	SARS2	0	0.25011661856533296	4	Has_MODIFIER_impact	-0.6259454180791647	0.6259454180791647
rs11670675	SARS2	0	0.25011661856533296	5	CI_width	0.3427539685818144	0.3427539685818144
rs11670675	SARS2	0	0.25011661856533296	6	Gene_count	-0.22113082022415878	0.22113082022415878
rs11670675	SARS2	0	0.25011661856533296	7	Risk_Allele_Frequency	0.2193599926156074	0.2193599926156074
rs11670675	SARS2	0	0.25011661856533296	8	Effective_Sample_Size	-0.1945428204975399	0.1945428204975399
rs11670675	SARS2	0	0.25011661856533296	9	log_OR	-0.19000935083296205	0.19000935083296205
rs11670675	SARS2	0	0.25011661856533296	10	Is_upstream	-0.1703277172535689	0.1703277172535689
rs140727097		0	0.014794901098864048	1	Is_intergenic	-5.67606231702118	5.67606231702118
rs140727097		0	0.014794901098864048	2	Has_MODIFIER_impact	2.5037816723166606	2.5037816723166606
rs140727097		0	0.014794901098864048	3	Is_intronic	1.4462416721017908	1.4462416721017908
rs140727097		0	0.014794901098864048	4	Biotype_count	-1.1534583343653926	1.1534583343653926
rs140727097		0	0.014794901098864048	5	MAF	0.7215212860753776	0.7215212860753776
rs140727097		0	0.014794901098864048	6	Risk_Allele_Frequency	-0.2804448584943148	0.2804448584943148
rs140727097		0	0.014794901098864048	7	MR_MEGA_Association_P	0.24343745760196756	0.24343745760196756
rs140727097		0	0.014794901098864048	8	Gene_count	0.23480901528957066	0.23480901528957066
rs140727097		0	0.014794901098864048	9	Effective_Sample_Size	-0.19815052675821634	0.19815052675821634
rs140727097		0	0.014794901098864048	10	CI_width	0.17080381711936551	0.17080381711936551
rs924150	TSHZ3	0	0.03393802571169905	1	Is_intergenic	1.4190155792552945	1.4190155792552945
rs924150	TSHZ3	0	0.03393802571169905	2	Is_intronic	-1.0050153992571766	1.0050153992571766
rs924150	TSHZ3	0	0.03393802571169905	3	MAF	-0.9678224114708761	0.9678224114708761
rs924150	TSHZ3	0	0.03393802571169905	4	Has_MODIFIER_impact	-0.6259454180791647	0.6259454180791647
rs924150	TSHZ3	0	0.03393802571169905	5	CI_width	0.40007068573596394	0.40007068573596394
rs924150	TSHZ3	0	0.03393802571169905	6	Biotype_count	-0.3793252240530487	0.3793252240530487
rs924150	TSHZ3	0	0.03393802571169905	7	MR_MEGA_Association_P	0.2787408671739606	0.2787408671739606
rs924150	TSHZ3	0	0.03393802571169905	8	Effective_Sample_Size	-0.2016272266623151	0.2016272266623151
rs924150	TSHZ3	0	0.03393802571169905	9	SE_log_OR	-0.18576689296570498	0.18576689296570498
rs924150	TSHZ3	0	0.03393802571169905	10	log_OR	-0.17854006079830334	0.17854006079830334
rs9687846	AC022431.2	0	0.05986539869122439	1	Is_intergenic	1.4190155792552945	1.4190155792552945
rs9687846	AC022431.2	0	0.05986539869122439	2	Is_intronic	-1.0050153992571766	1.0050153992571766
rs9687846	AC022431.2	0	0.05986539869122439	3	Has_MODIFIER_impact	-0.6259454180791647	0.6259454180791647
rs9687846	AC022431.2	0	0.05986539869122439	4	Biotype_count	-0.3793252240530487	0.3793252240530487
rs9687846	AC022431.2	0	0.05986539869122439	5	CI_width	0.28543725142766474	0.28543725142766474
rs9687846	AC022431.2	0	0.05986539869122439	6	MR_MEGA_Association_P	0.27906355970561825	0.27906355970561825
rs9687846	AC022431.2	0	0.05986539869122439	7	neg_log10_P	-0.266881927223153	0.266881927223153
rs9687846	AC022431.2	0	0.05986539869122439	8	MAF	0.24254735418895645	0.24254735418895645
rs9687846	AC022431.2	0	0.05986539869122439	9	Risk_Allele_Frequency	-0.22296082354231292	0.22296082354231292
rs9687846	AC022431.2	0	0.05986539869122439	10	Effective_Sample_Size	-0.19705289192029984	0.19705289192029984
rs522308	HLA-DRB1	0	0.0013613051936600098	1	Is_intergenic	-5.67606231702118	5.67606231702118
rs522308	HLA-DRB1	0	0.0013613051936600098	2	Is_intronic	1.4462416721017908	1.4462416721017908
rs522308	HLA-DRB1	0	0.0013613051936600098	3	Biotype_count	1.1689409965716393	1.1689409965716393
rs522308	HLA-DRB1	0	0.0013613051936600098	4	Has_MODIFIER_impact	-0.6259454180791647	0.6259454180791647
rs522308	HLA-DRB1	0	0.0013613051936600098	5	Gene_count	-0.44910073798102357	0.44910073798102357
rs522308	HLA-DRB1	0	0.0013613051936600098	6	CI_width	0.3427539685818144	0.3427539685818144
rs522308	HLA-DRB1	0	0.0013613051936600098	7	MR_MEGA_Association_P	0.27906355970561825	0.27906355970561825
rs522308	HLA-DRB1	0	0.0013613051936600098	8	MAF	-0.189555766726583	0.189555766726583
rs522308	HLA-DRB1	0	0.0013613051936600098	9	Risk_Allele_Frequency	-0.17110198686669195	0.17110198686669195
rs522308	HLA-DRB1	0	0.0013613051936600098	10	Is_upstream	-0.1703277172535689	0.1703277172535689
rs7603413	GPR113	0	0.15580910906960146	1	Is_intergenic	1.4190155792552945	1.4190155792552945
rs7603413	GPR113	0	0.15580910906960146	2	Biotype_count	1.1689409965716393	1.1689409965716393
rs7603413	GPR113	0	0.15580910906960146	3	Is_intronic	-1.0050153992571766	1.0050153992571766
rs7603413	GPR113	0	0.15580910906960146	4	Has_MODIFIER_impact	-0.6259454180791647	0.6259454180791647
rs7603413	GPR113	0	0.15580910906960146	5	MAF	-0.4898457308817074	0.4898457308817074
rs7603413	GPR113	0	0.15580910906960146	6	CI_width	0.371412327158892	0.371412327158892
rs7603413	GPR113	0	0.15580910906960146	7	Gene_count	-0.22113082022415878	0.22113082022415878
rs7603413	GPR113	0	0.15580910906960146	8	log_OR	-0.2072555214476654	0.2072555214476654
rs7603413	GPR113	0	0.15580910906960146	9	Effective_Sample_Size	-0.2014968330355932	0.2014968330355932
rs7603413	GPR113	0	0.15580910906960146	10	SE_log_OR	-0.16958751788096038	0.16958751788096038
rs34010237	FCGRT	0	0.5969298734239602	1	Biotype_count	1.9430741068839834	1.9430741068839834
rs34010237	FCGRT	0	0.5969298734239602	2	Is_intergenic	1.4190155792552945	1.4190155792552945
rs34010237	FCGRT	0	0.5969298734239602	3	Is_intronic	-1.0050153992571766	1.0050153992571766
rs34010237	FCGRT	0	0.5969298734239602	4	Has_MODIFIER_impact	-0.6259454180791647	0.6259454180791647
rs34010237	FCGRT	0	0.5969298734239602	5	MAF	0.37242467019588077	0.37242467019588077
rs34010237	FCGRT	0	0.5969298734239602	6	MR_MEGA_Association_P	0.2790614537475978	0.2790614537475978
rs34010237	FCGRT	0	0.5969298734239602	7	CI_width	0.25677889285058714	0.25677889285058714
rs34010237	FCGRT	0	0.5969298734239602	8	Risk_Allele_Frequency	0.2542305896905939	0.2542305896905939
rs34010237	FCGRT	0	0.5969298734239602	9	Effective_Sample_Size	-0.1801462611937181	0.1801462611937181
rs34010237	FCGRT	0	0.5969298734239602	10	Is_upstream	-0.1703277172535689	0.1703277172535689
rs2305141	GIGYF2	0	0.0898838198673373	1	Is_intergenic	1.4190155792552945	1.4190155792552945
rs2305141	GIGYF2	0	0.0898838198673373	2	Is_intronic	-1.0050153992571766	1.0050153992571766
rs2305141	GIGYF2	0	0.0898838198673373	3	MAF	-0.7626819534418722	0.7626819534418722
rs2305141	GIGYF2	0	0.0898838198673373	4	Has_MODIFIER_impact	-0.6259454180791647	0.6259454180791647
rs2305141	GIGYF2	0	0.0898838198673373	5	CI_width	0.40007068573596394	0.40007068573596394
rs2305141	GIGYF2	0	0.0898838198673373	6	Biotype_count	0.3948078862592953	0.3948078862592953
rs2305141	GIGYF2	0	0.0898838198673373	7	MR_MEGA_Association_P	0.2712790668931694	0.2712790668931694
rs2305141	GIGYF2	0	0.0898838198673373	8	SE_log_OR	-0.18576689296570498	0.18576689296570498
rs2305141	GIGYF2	0	0.0898838198673373	9	log_OR	-0.17854006079830334	0.17854006079830334
rs2305141	GIGYF2	0	0.0898838198673373	10	Has_LOW_impact	-0.15772961766600233	0.15772961766600233
rs67269808		0	0.026474547380905697	1	Is_intergenic	-5.67606231702118	5.67606231702118
rs67269808		0	0.026474547380905697	2	Has_MODIFIER_impact	2.5037816723166606	2.5037816723166606
rs67269808		0	0.026474547380905697	3	Is_intronic	1.4462416721017908	1.4462416721017908
rs67269808		0	0.026474547380905697	4	Biotype_count	-1.1534583343653926	1.1534583343653926
rs67269808		0	0.026474547380905697	5	MAF	0.8232995802361794	0.8232995802361794
rs67269808		0	0.026474547380905697	6	Risk_Allele_Frequency	0.3083423217960546	0.3083423217960546
rs67269808		0	0.026474547380905697	7	MR_MEGA_Association_P	0.27906355970561825	0.27906355970561825
rs67269808		0	0.026474547380905697	8	Gene_count	0.23480901528957066	0.23480901528957066
rs67269808		0	0.026474547380905697	9	Effective_Sample_Size	-0.17355783628106386	0.17355783628106386
rs67269808		0	0.026474547380905697	10	Has_LOW_impact	-0.15772961766600233	0.15772961766600233
rs16895840	RP11-3G20.1	0	0.05595640118575357	1	Is_intergenic	1.4190155792552945	1.4190155792552945
rs16895840	RP11-3G20.1	0	0.05595640118575357	2	Is_intronic	-1.0050153992571766	1.0050153992571766
rs16895840	RP11-3G20.1	0	0.05595640118575357	3	Has_MODIFIER_impact	-0.6259454180791647	0.6259454180791647
rs16895840	RP11-3G20.1	0	0.05595640118575357	4	Biotype_count	-0.3793252240530487	0.3793252240530487
rs16895840	RP11-3G20.1	0	0.05595640118575357	5	MAF	-0.37874020399954184	0.37874020399954184
rs16895840	RP11-3G20.1	0	0.05595640118575357	6	CI_width	0.3427539685818144	0.3427539685818144
rs16895840	RP11-3G20.1	0	0.05595640118575357	7	Effective_Sample_Size	-0.1989793617214918	0.1989793617214918
rs16895840	RP11-3G20.1	0	0.05595640118575357	8	log_OR	-0.17854006079830334	0.17854006079830334
rs16895840	RP11-3G20.1	0	0.05595640118575357	9	Risk_Allele_Frequency	0.1640795710059174	0.1640795710059174
rs16895840	RP11-3G20.1	0	0.05595640118575357	10	Has_LOW_impact	-0.15772961766600233	0.15772961766600233
rs11692908	PLEKHM3	0	0.025192122191480704	1	MAF	-1.571335431831868	1.571335431831868
rs11692908	PLEKHM3	0	0.025192122191480704	2	Is_intergenic	1.4190155792552945	1.4190155792552945
rs11692908	PLEKHM3	0	0.025192122191480704	3	Is_intronic	-1.0050153992571766	1.0050153992571766
rs11692908	PLEKHM3	0	0.025192122191480704	4	Has_MODIFIER_impact	-0.6259454180791647	0.6259454180791647
rs11692908	PLEKHM3	0	0.025192122191480704	5	CI_width	0.40007068573596394	0.40007068573596394
rs11692908	PLEKHM3	0	0.025192122191480704	6	Biotype_count	-0.3793252240530487	0.3793252240530487
rs11692908	PLEKHM3	0	0.025192122191480704	7	MR_MEGA_Association_P	0.2790463186577131	0.2790463186577131
rs11692908	PLEKHM3	0	0.025192122191480704	8	Effective_Sample_Size	0.18741845491952192	0.18741845491952192
rs11692908	PLEKHM3	0	0.025192122191480704	9	SE_log_OR	-0.18612117580122378	0.18612117580122378
rs11692908	PLEKHM3	0	0.025192122191480704	10	log_OR	-0.16709319363236078	0.16709319363236078
rs35404821	RP11-132N15.3	0	0.6915872337137533	1	Is_intronic	1.4462416721017908	1.4462416721017908
rs35404821	RP11-132N15.3	0	0.6915872337137533	2	Is_intergenic	1.4190155792552945	1.4190155792552945
rs35404821	RP11-132N15.3	0	0.6915872337137533	3	MAF	0.8163774829964241	0.8163774829964241
rs35404821	RP11-132N15.3	0	0.6915872337137533	4	Has_MODIFIER_impact	-0.6259454180791647	0.6259454180791647
rs35404821	RP11-132N15.3	0	0.6915872337137533	5	Biotype_count	-0.3793252240530487	0.3793252240530487
rs35404821	RP11-132N15.3	0	0.6915872337137533	6	Risk_Allele_Frequency	0.3075115666063012	0.3075115666063012
rs35404821	RP11-132N15.3	0	0.6915872337137533	7	MR_MEGA_Association_P	0.27904539035161774	0.27904539035161774
rs35404821	RP11-132N15.3	0	0.6915872337137533	8	Effective_Sample_Size	-0.19400203926631157	0.19400203926631157
rs35404821	RP11-132N15.3	0	0.6915872337137533	9	Is_upstream	-0.1703277172535689	0.1703277172535689
rs35404821	RP11-132N15.3	0	0.6915872337137533	10	Has_LOW_impact	-0.15772961766600233	0.15772961766600233
rs28509770	PPP2R3A	0	0.14755268278632047	1	Is_intergenic	1.4190155792552945	1.4190155792552945
rs28509770	PPP2R3A	0	0.14755268278632047	2	Is_intronic	-1.0050153992571766	1.0050153992571766
rs28509770	PPP2R3A	0	0.14755268278632047	3	Has_MODIFIER_impact	-0.6259454180791647	0.6259454180791647
rs28509770	PPP2R3A	0	0.14755268278632047	4	Biotype_count	0.3948078862592953	0.3948078862592953
rs28509770	PPP2R3A	0	0.14755268278632047	5	CI_width	0.3140956100047367	0.3140956100047367
rs28509770	PPP2R3A	0	0.14755268278632047	6	MR_MEGA_Association_P	0.2790634080701932	0.2790634080701932
rs28509770	PPP2R3A	0	0.14755268278632047	7	Risk_Allele_Frequency	-0.2142660552427756	0.2142660552427756
rs28509770	PPP2R3A	0	0.14755268278632047	8	Effective_Sample_Size	-0.19393020847392994	0.19393020847392994
rs28509770	PPP2R3A	0	0.14755268278632047	9	MAF	0.17009998053559083	0.17009998053559083
rs28509770	PPP2R3A	0	0.14755268278632047	10	Has_LOW_impact	-0.15772961766600233	0.15772961766600233
rs1523539	RP4-715N11.2	0	0.04410114857758004	1	Is_intergenic	1.4190155792552945	1.4190155792552945
rs1523539	RP4-715N11.2	0	0.04410114857758004	2	Is_intronic	-1.0050153992571766	1.0050153992571766
rs1523539	RP4-715N11.2	0	0.04410114857758004	3	Has_MODIFIER_impact	-0.6259454180791647	0.6259454180791647
rs1523539	RP4-715N11.2	0	0.04410114857758004	4	MAF	-0.5255121302187485	0.5255121302187485
rs1523539	RP4-715N11.2	0	0.04410114857758004	5	CI_width	0.40007068573596394	0.40007068573596394
rs1523539	RP4-715N11.2	0	0.04410114857758004	6	Biotype_count	-0.3793252240530487	0.3793252240530487
rs1523539	RP4-715N11.2	0	0.04410114857758004	7	MR_MEGA_Association_P	0.259141712322238	0.259141712322238
rs1523539	RP4-715N11.2	0	0.04410114857758004	8	log_OR	-0.23032972151940193	0.23032972151940193
rs1523539	RP4-715N11.2	0	0.04410114857758004	9	Effective_Sample_Size	-0.201515733395006	0.201515733395006
rs1523539	RP4-715N11.2	0	0.04410114857758004	10	SE_log_OR	-0.1841553076574116	0.1841553076574116
rs11707129	POC1A	0	0.0211945300761806	1	Is_intergenic	1.4190155792552945	1.4190155792552945
rs11707129	POC1A	0	0.0211945300761806	2	MAF	-1.26365407570887	1.26365407570887
rs11707129	POC1A	0	0.0211945300761806	3	Is_intronic	-1.0050153992571766	1.0050153992571766
rs11707129	POC1A	0	0.0211945300761806	4	Has_MODIFIER_impact	-0.6259454180791647	0.6259454180791647
rs11707129	POC1A	0	0.0211945300761806	5	CI_width	0.4287290443130445	0.4287290443130445
rs11707129	POC1A	0	0.0211945300761806	6	Biotype_count	-0.3793252240530487	0.3793252240530487
rs11707129	POC1A	0	0.0211945300761806	7	SE_log_OR	-0.20047518069497722	0.20047518069497722
rs11707129	POC1A	0	0.0211945300761806	8	log_OR	-0.19575243191182248	0.19575243191182248
rs11707129	POC1A	0	0.0211945300761806	9	Effective_Sample_Size	-0.1953444361152769	0.1953444361152769
rs11707129	POC1A	0	0.0211945300761806	10	MR_MEGA_Association_P	0.18076369829014335	0.18076369829014335
rs13022070	SPHKAP	0	0.018249299950943033	1	MAF	-1.6166223730953486	1.6166223730953486
rs13022070	SPHKAP	0	0.018249299950943033	2	Is_intergenic	1.4190155792552945	1.4190155792552945
rs13022070	SPHKAP	0	0.018249299950943033	3	Is_intronic	-1.0050153992571766	1.0050153992571766
rs13022070	SPHKAP	0	0.018249299950943033	4	Has_MODIFIER_impact	-0.6259454180791647	0.6259454180791647
rs13022070	SPHKAP	0	0.018249299950943033	5	CI_width	0.40007068573596394	0.40007068573596394
rs13022070	SPHKAP	0	0.018249299950943033	6	Biotype_count	-0.3793252240530487	0.3793252240530487
rs13022070	SPHKAP	0	0.018249299950943033	7	MR_MEGA_Association_P	0.2788944854917723	0.2788944854917723
rs13022070	SPHKAP	0	0.018249299950943033	8	SE_log_OR	-0.18576689296570498	0.18576689296570498
rs13022070	SPHKAP	0	0.018249299950943033	9	log_OR	-0.17854006079830334	0.17854006079830334
rs13022070	SPHKAP	0	0.018249299950943033	10	Has_LOW_impact	-0.15772961766600233	0.15772961766600233
rs6969685	AP1S1	0	0.09130735061532004	1	MR_MEGA_Association_P	-1.461649829990604	1.461649829990604
rs6969685	AP1S1	0	0.09130735061532004	2	Is_intronic	1.4462416721017908	1.4462416721017908
rs6969685	AP1S1	0	0.09130735061532004	3	Is_intergenic	1.4190155792552945	1.4190155792552945
rs6969685	AP1S1	0	0.09130735061532004	4	MAF	-1.0659050096477405	1.0659050096477405
rs6969685	AP1S1	0	0.09130735061532004	5	Has_MODIFIER_impact	-0.6259454180791647	0.6259454180791647
rs6969685	AP1S1	0	0.09130735061532004	6	CI_width	0.40007068573596394	0.40007068573596394
rs6969685	AP1S1	0	0.09130735061532004	7	Biotype_count	0.3948078862592953	0.3948078862592953
rs6969685	AP1S1	0	0.09130735061532004	8	log_OR	-0.20150115175553254	0.20150115175553254
rs6969685	AP1S1	0	0.09130735061532004	9	Effective_Sample_Size	-0.2014968330355932	0.2014968330355932
rs6969685	AP1S1	0	0.09130735061532004	10	SE_log_OR	-0.1850541509280382	0.1850541509280382
rs80073370		0	0.04578147586262444	1	Is_intergenic	-5.67606231702118	5.67606231702118
rs80073370		0	0.04578147586262444	2	Has_MODIFIER_impact	2.5037816723166606	2.5037816723166606
rs80073370		0	0.04578147586262444	3	Is_intronic	1.4462416721017908	1.4462416721017908
rs80073370		0	0.04578147586262444	4	Biotype_count	-1.1534583343653926	1.1534583343653926
rs80073370		0	0.04578147586262444	5	MAF	0.8922859052696677	0.8922859052696677
rs80073370		0	0.04578147586262444	6	Risk_Allele_Frequency	0.31662171250071525	0.31662171250071525
rs80073370		0	0.04578147586262444	7	MR_MEGA_Association_P	0.2790635596698787	0.2790635596698787
rs80073370		0	0.04578147586262444	8	Effective_Sample_Size	0.27483143887691946	0.27483143887691946
rs80073370		0	0.04578147586262444	9	Gene_count	0.23480901528957066	0.23480901528957066
rs80073370		0	0.04578147586262444	10	Has_LOW_impact	-0.15772961766600233	0.15772961766600233
rs1788819	C18orf8	0	0.09324014816145801	1	Is_intergenic	1.4190155792552945	1.4190155792552945
rs1788819	C18orf8	0	0.09324014816145801	2	Is_intronic	-1.0050153992571766	1.0050153992571766
rs1788819	C18orf8	0	0.09324014816145801	3	Has_MODIFIER_impact	-0.6259454180791647	0.6259454180791647
rs1788819	C18orf8	0	0.09324014816145801	4	Biotype_count	0.3948078862592953	0.3948078862592953
rs1788819	C18orf8	0	0.09324014816145801	5	CI_width	0.371412327158892	0.371412327158892
rs1788819	C18orf8	0	0.09324014816145801	6	MR_MEGA_Association_P	0.2790635596855008	0.2790635596855008
rs1788819	C18orf8	0	0.09324014816145801	7	MAF	-0.26247243510806756	0.26247243510806756
rs1788819	C18orf8	0	0.09324014816145801	8	Gene_count	-0.22113082022415878	0.22113082022415878
rs1788819	C18orf8	0	0.09324014816145801	9	Effective_Sample_Size	-0.2014968330355932	0.2014968330355932
rs1788819	C18orf8	0	0.09324014816145801	10	SE_log_OR	-0.17264918633319873	0.17264918633319873
rs4970658		0	0.005889698960420013	1	Is_intergenic	-5.67606231702118	5.67606231702118
rs4970658		0	0.005889698960420013	2	Has_MODIFIER_impact	2.5037816723166606	2.5037816723166606
rs4970658		0	0.005889698960420013	3	Is_intronic	1.4462416721017908	1.4462416721017908
rs4970658		0	0.005889698960420013	4	Biotype_count	-1.1534583343653926	1.1534583343653926
rs4970658		0	0.005889698960420013	5	CI_width	0.3427539685818144	0.3427539685818144
rs4970658		0	0.005889698960420013	6	Gene_count	0.23480901528957066	0.23480901528957066
rs4970658		0	0.005889698960420013	7	Effective_Sample_Size	-0.20327316045546512	0.20327316045546512
rs4970658		0	0.005889698960420013	8	Risk_Allele_Frequency	-0.19861547230360843	0.19861547230360843
rs4970658		0	0.005889698960420013	9	log_OR	-0.17281382983776944	0.17281382983776944
rs4970658		0	0.005889698960420013	10	Has_LOW_impact	-0.15772961766600233	0.15772961766600233
rs77100210	YBX3	0	0.6126323760060393	1	MR_MEGA_Association_P	-1.820408459054949	1.820408459054949
rs77100210	YBX3	0	0.6126323760060393	2	Is_intronic	1.4462416721017908	1.4462416721017908
rs77100210	YBX3	0	0.6126323760060393	3	Is_intergenic	1.4190155792552945	1.4190155792552945
rs77100210	YBX3	0	0.6126323760060393	4	Biotype_count	1.1689409965716393	1.1689409965716393
rs77100210	YBX3	0	0.6126323760060393	5	MAF	1.0136572543294355	1.0136572543294355
rs77100210	YBX3	0	0.6126323760060393	6	Has_MODIFIER_impact	-0.6259454180791647	0.6259454180791647
rs77100210	YBX3	0	0.6126323760060393	7	Risk_Allele_Frequency	0.3311880895142721	0.3311880895142721
rs77100210	YBX3	0	0.6126323760060393	8	Effective_Sample_Size	-0.20327316045546512	0.20327316045546512
rs77100210	YBX3	0	0.6126323760060393	9	Is_upstream	-0.1703277172535689	0.1703277172535689
rs77100210	YBX3	0	0.6126323760060393	10	neg_log10_P	0.16124190415464232	0.16124190415464232
rs59427698	LMX1B	0	0.07772399125043872	1	Is_intergenic	1.4190155792552945	1.4190155792552945
rs59427698	LMX1B	0	0.07772399125043872	2	Is_intronic	-1.0050153992571766	1.0050153992571766
rs59427698	LMX1B	0	0.07772399125043872	3	Has_MODIFIER_impact	-0.6259454180791647	0.6259454180791647
rs59427698	LMX1B	0	0.07772399125043872	4	MR_MEGA_Association_P	-0.5745334556850112	0.5745334556850112
rs59427698	LMX1B	0	0.07772399125043872	5	Biotype_count	-0.3793252240530487	0.3793252240530487
rs59427698	LMX1B	0	0.07772399125043872	6	Effective_Sample_Size	0.34715022345606167	0.34715022345606167
rs59427698	LMX1B	0	0.07772399125043872	7	CI_width	0.25677889285058714	0.25677889285058714
rs59427698	LMX1B	0	0.07772399125043872	8	Risk_Allele_Frequency	0.22098630150402285	0.22098630150402285
rs59427698	LMX1B	0	0.07772399125043872	9	log_OR	-0.17281382983776944	0.17281382983776944
rs59427698	LMX1B	0	0.07772399125043872	10	Has_LOW_impact	-0.15772961766600233	0.15772961766600233
rs2421021	PLEKHA1	0	0.03208082763322624	1	MAF	-1.6001383957701698	1.6001383957701698
rs2421021	PLEKHA1	0	0.03208082763322624	2	Is_intergenic	1.4190155792552945	1.4190155792552945
rs2421021	PLEKHA1	0	0.03208082763322624	3	Is_intronic	-1.0050153992571766	1.0050153992571766
rs2421021	PLEKHA1	0	0.03208082763322624	4	Has_MODIFIER_impact	-0.6259454180791647	0.6259454180791647
rs2421021	PLEKHA1	0	0.03208082763322624	5	CI_width	0.40007068573596394	0.40007068573596394
rs2421021	PLEKHA1	0	0.03208082763322624	6	Biotype_count	0.3948078862592953	0.3948078862592953
rs2421021	PLEKHA1	0	0.03208082763322624	7	MR_MEGA_Association_P	0.27906355970561825	0.27906355970561825
rs2421021	PLEKHA1	0	0.03208082763322624	8	Effective_Sample_Size	-0.20327316045546512	0.20327316045546512
rs2421021	PLEKHA1	0	0.03208082763322624	9	SE_log_OR	-0.1880452559562524	0.1880452559562524
rs2421021	PLEKHA1	0	0.03208082763322624	10	Has_LOW_impact	-0.15772961766600233	0.15772961766600233
rs2815657	CAMK1D	0	0.1688657352583161	1	Is_intergenic	1.4190155792552945	1.4190155792552945
rs2815657	CAMK1D	0	0.1688657352583161	2	Is_intronic	-1.0050153992571766	1.0050153992571766
rs2815657	CAMK1D	0	0.1688657352583161	3	Has_MODIFIER_impact	-0.6259454180791647	0.6259454180791647
rs2815657	CAMK1D	0	0.1688657352583161	4	MAF	0.39712130526314127	0.39712130526314127
rs2815657	CAMK1D	0	0.1688657352583161	5	Biotype_count	0.3948078862592953	0.3948078862592953
rs2815657	CAMK1D	0	0.1688657352583161	6	CI_width	0.25677889285058714	0.25677889285058714
rs2815657	CAMK1D	0	0.1688657352583161	7	MR_MEGA_Association_P	0.25564699088879134	0.25564699088879134
rs2815657	CAMK1D	0	0.1688657352583161	8	Risk_Allele_Frequency	-0.24151200934739864	0.24151200934739864
rs2815657	CAMK1D	0	0.1688657352583161	9	Effective_Sample_Size	-0.20327316045546512	0.20327316045546512
rs2815657	CAMK1D	0	0.1688657352583161	10	Has_LOW_impact	-0.15772961766600233	0.15772961766600233
rs17685538	TCF7L2	0	0.2632554391627973	1	Is_intergenic	1.4190155792552945	1.4190155792552945
rs17685538	TCF7L2	0	0.2632554391627973	2	Is_intronic	-1.0050153992571766	1.0050153992571766
rs17685538	TCF7L2	0	0.2632554391627973	3	MAF	0.692542336614032	0.692542336614032
rs17685538	TCF7L2	0	0.2632554391627973	4	Has_MODIFIER_impact	-0.6259454180791647	0.6259454180791647
rs17685538	TCF7L2	0	0.2632554391627973	5	Effective_Sample_Size	0.3895754501722251	0.3895754501722251
rs17685538	TCF7L2	0	0.2632554391627973	6	Biotype_count	-0.3793252240530487	0.3793252240530487
rs17685538	TCF7L2	0	0.2632554391627973	7	Risk_Allele_Frequency	0.29264949706757787	0.29264949706757787
rs17685538	TCF7L2	0	0.2632554391627973	8	MR_MEGA_Association_P	0.27906355970561825	0.27906355970561825
rs17685538	TCF7L2	0	0.2632554391627973	9	neg_log10_P	-0.1757058354626891	0.1757058354626891
rs17685538	TCF7L2	0	0.2632554391627973	10	Has_LOW_impact	-0.15772961766600233	0.15772961766600233
rs76999373	RASA4DP	0	0.6565981506830486	1	Is_intronic	1.4462416721017908	1.4462416721017908
rs76999373	RASA4DP	0	0.6565981506830486	2	Is_intergenic	1.4190155792552945	1.4190155792552945
rs76999373	RASA4DP	0	0.6565981506830486	3	MAF	0.7250996583772847	0.7250996583772847
rs76999373	RASA4DP	0	0.6565981506830486	4	Has_MODIFIER_impact	-0.6259454180791647	0.6259454180791647
rs76999373	RASA4DP	0	0.6565981506830486	5	Biotype_count	-0.3793252240530487	0.3793252240530487
rs76999373	RASA4DP	0	0.6565981506830486	6	Risk_Allele_Frequency	0.29655686257870595	0.29655686257870595
rs76999373	RASA4DP	0	0.6565981506830486	7	MR_MEGA_Association_P	0.279059313585776	0.279059313585776
rs76999373	RASA4DP	0	0.6565981506830486	8	Is_upstream	-0.1703277172535689	0.1703277172535689
rs76999373	RASA4DP	0	0.6565981506830486	9	Effective_Sample_Size	-0.16150779666144344	0.16150779666144344
rs76999373	RASA4DP	0	0.6565981506830486	10	log_OR	-0.16137814126015373	0.16137814126015373
rs117526461		0	0.016275414629641865	1	Is_intergenic	-5.67606231702118	5.67606231702118
rs117526461		0	0.016275414629641865	2	Has_MODIFIER_impact	2.5037816723166606	2.5037816723166606
rs117526461		0	0.016275414629641865	3	Is_intronic	1.4462416721017908	1.4462416721017908
rs117526461		0	0.016275414629641865	4	MAF	1.1611331226408206	1.1611331226408206
rs117526461		0	0.016275414629641865	5	Biotype_count	-1.1534583343653926	1.1534583343653926
rs117526461		0	0.016275414629641865	6	CI_width	-0.6602885816158007	0.6602885816158007
rs117526461		0	0.016275414629641865	7	SE_log_OR	0.33482557799379553	0.33482557799379553
rs117526461		0	0.016275414629641865	8	Risk_Allele_Frequency	-0.33320485334187167	0.33320485334187167
rs117526461		0	0.016275414629641865	9	MR_MEGA_Association_P	0.2788820875122271	0.2788820875122271
rs117526461		0	0.016275414629641865	10	Gene_count	0.23480901528957066	0.23480901528957066
rs61894507	C11orf30	0	0.35521702448350423	1	Biotype_count	1.9430741068839834	1.9430741068839834
rs61894507	C11orf30	0	0.35521702448350423	2	Is_intergenic	1.4190155792552945	1.4190155792552945
rs61894507	C11orf30	0	0.35521702448350423	3	Is_intronic	-1.0050153992571766	1.0050153992571766
rs61894507	C11orf30	0	0.35521702448350423	4	Has_MODIFIER_impact	-0.6259454180791647	0.6259454180791647
rs61894507	C11orf30	0	0.35521702448350423	5	CI_width	0.371412327158892	0.371412327158892
rs61894507	C11orf30	0	0.35521702448350423	6	MAF	-0.299253409424391	0.299253409424391
rs61894507	C11orf30	0	0.35521702448350423	7	MR_MEGA_Association_P	0.2790485135240878	0.2790485135240878
rs61894507	C11orf30	0	0.35521702448350423	8	Gene_count	-0.22113082022415878	0.22113082022415878
rs61894507	C11orf30	0	0.35521702448350423	9	Effective_Sample_Size	-0.2016272266623151	0.2016272266623151
rs61894507	C11orf30	0	0.35521702448350423	10	Risk_Allele_Frequency	0.17361917509164468	0.17361917509164468
rs139149176		0	0.01942839414901544	1	Is_intergenic	-5.67606231702118	5.67606231702118
rs139149176		0	0.01942839414901544	2	Has_MODIFIER_impact	2.5037816723166606	2.5037816723166606
rs139149176		0	0.01942839414901544	3	CI_width	-2.0358897933153917	2.0358897933153917
rs139149176		0	0.01942839414901544	4	Is_intronic	1.4462416721017908	1.4462416721017908
rs139149176		0	0.01942839414901544	5	MAF	1.2044255613097954	1.2044255613097954
rs139149176		0	0.01942839414901544	6	Biotype_count	-1.1534583343653926	1.1534583343653926
rs139149176		0	0.01942839414901544	7	SE_log_OR	0.9394744678049168	0.9394744678049168
rs139149176		0	0.01942839414901544	8	Effective_Sample_Size	0.5455039102247388	0.5455039102247388
rs139149176		0	0.01942839414901544	9	log_OR	0.4919599551216088	0.4919599551216088
rs139149176		0	0.01942839414901544	10	CI_upper	-0.35096358177562864	0.35096358177562864
rs320369	AL157902.3	0	0.050321795181511114	1	Is_intergenic	1.4190155792552945	1.4190155792552945
rs320369	AL157902.3	0	0.050321795181511114	2	Is_intronic	-1.0050153992571766	1.0050153992571766
rs320369	AL157902.3	0	0.050321795181511114	3	Has_MODIFIER_impact	-0.6259454180791647	0.6259454180791647
rs320369	AL157902.3	0	0.050321795181511114	4	Biotype_count	-0.3793252240530487	0.3793252240530487
rs320369	AL157902.3	0	0.050321795181511114	5	CI_width	0.371412327158892	0.371412327158892
rs320369	AL157902.3	0	0.050321795181511114	6	MAF	-0.3104578210582321	0.3104578210582321
rs320369	AL157902.3	0	0.050321795181511114	7	MR_MEGA_Association_P	0.2790635597055871	0.2790635597055871
rs320369	AL157902.3	0	0.050321795181511114	8	Effective_Sample_Size	-0.2016272266623151	0.2016272266623151
rs320369	AL157902.3	0	0.050321795181511114	9	SE_log_OR	-0.17302523560720712	0.17302523560720712
rs320369	AL157902.3	0	0.050321795181511114	10	Has_LOW_impact	-0.15772961766600233	0.15772961766600233
rs7507813	ZNF429	0	0.17375883072562495	1	Is_intergenic	1.4190155792552945	1.4190155792552945
rs7507813	ZNF429	0	0.17375883072562495	2	Is_intronic	-1.0050153992571766	1.0050153992571766
rs7507813	ZNF429	0	0.17375883072562495	3	Has_MODIFIER_impact	-0.6259454180791647	0.6259454180791647
rs7507813	ZNF429	0	0.17375883072562495	4	Biotype_count	0.3948078862592953	0.3948078862592953
rs7507813	ZNF429	0	0.17375883072562495	5	CI_width	0.3140956100047424	0.3140956100047424
rs7507813	ZNF429	0	0.17375883072562495	6	MR_MEGA_Association_P	0.2567660736917135	0.2567660736917135
rs7507813	ZNF429	0	0.17375883072562495	7	Risk_Allele_Frequency	0.2215988074490105	0.2215988074490105
rs7507813	ZNF429	0	0.17375883072562495	8	Effective_Sample_Size	-0.20327316045546512	0.20327316045546512
rs7507813	ZNF429	0	0.17375883072562495	9	log_OR	-0.17854006079830334	0.17854006079830334
rs7507813	ZNF429	0	0.17375883072562495	10	Is_upstream	-0.1703277172535689	0.1703277172535689
rs8096658	NFATC1	0	0.0365744851284298	1	Is_intergenic	1.4190155792552945	1.4190155792552945
rs8096658	NFATC1	0	0.0365744851284298	2	MAF	-1.1476209541814557	1.1476209541814557
rs8096658	NFATC1	0	0.0365744851284298	3	Is_intronic	-1.0050153992571766	1.0050153992571766
rs8096658	NFATC1	0	0.0365744851284298	4	Has_MODIFIER_impact	-0.6259454180791647	0.6259454180791647
rs8096658	NFATC1	0	0.0365744851284298	5	Biotype_count	0.3948078862592953	0.3948078862592953
rs8096658	NFATC1	0	0.0365744851284298	6	CI_width	0.371412327158892	0.371412327158892
rs8096658	NFATC1	0	0.0365744851284298	7	MR_MEGA_Association_P	-0.2286487558442658	0.2286487558442658
rs8096658	NFATC1	0	0.0365744851284298	8	log_OR	-0.18427189746796718	0.18427189746796718
rs8096658	NFATC1	0	0.0365744851284298	9	SE_log_OR	-0.1703619358534536	0.1703619358534536
rs8096658	NFATC1	0	0.0365744851284298	10	Is_upstream	-0.1703277172535689	0.1703277172535689
rs4731702		0	0.0027278142149706553	1	Is_intergenic	-5.67606231702118	5.67606231702118
rs4731702		0	0.0027278142149706553	2	Has_MODIFIER_impact	2.5037816723166606	2.5037816723166606
rs4731702		0	0.0027278142149706553	3	Is_intronic	1.4462416721017908	1.4462416721017908
rs4731702		0	0.0027278142149706553	4	MAF	-1.202763084735434	1.202763084735434
rs4731702		0	0.0027278142149706553	5	Biotype_count	-1.1534583343653926	1.1534583343653926
rs4731702		0	0.0027278142149706553	6	CI_width	0.4287290443130445	0.4287290443130445
rs4731702		0	0.0027278142149706553	7	MR_MEGA_Association_P	0.27906355970561825	0.27906355970561825
rs4731702		0	0.0027278142149706553	8	Gene_count	0.23480901528957066	0.23480901528957066
rs4731702		0	0.0027278142149706553	9	SE_log_OR	-0.20368217462636057	0.20368217462636057
rs4731702		0	0.0027278142149706553	10	neg_log10_P	-0.2026759936320681	0.2026759936320681
rs4783837		0	0.025137607170386402	1	Is_intergenic	-5.67606231702118	5.67606231702118
rs4783837		0	0.025137607170386402	2	Has_MODIFIER_impact	2.5037816723166606	2.5037816723166606
rs4783837		0	0.025137607170386402	3	Is_intronic	1.4462416721017908	1.4462416721017908
rs4783837		0	0.025137607170386402	4	Biotype_count	-1.1534583343653926	1.1534583343653926
rs4783837		0	0.025137607170386402	5	MAF	0.6765276540169717	0.6765276540169717
rs4783837		0	0.025137607170386402	6	Risk_Allele_Frequency	0.29072749565399597	0.29072749565399597
rs4783837		0	0.025137607170386402	7	MR_MEGA_Association_P	0.2775669999054193	0.2775669999054193
rs4783837		0	0.025137607170386402	8	Gene_count	0.23480901528957066	0.23480901528957066
rs4783837		0	0.025137607170386402	9	Effective_Sample_Size	-0.20038743849774285	0.20038743849774285
rs4783837		0	0.025137607170386402	10	Has_LOW_impact	-0.15772961766600233	0.15772961766600233
rs60128210		0	0.004089523262290435	1	Is_intergenic	-5.67606231702118	5.67606231702118
rs60128210		0	0.004089523262290435	2	Has_MODIFIER_impact	2.5037816723166606	2.5037816723166606
rs60128210		0	0.004089523262290435	3	Is_intronic	1.4462416721017908	1.4462416721017908
rs60128210		0	0.004089523262290435	4	Biotype_count	-1.1534583343653926	1.1534583343653926
rs60128210		0	0.004089523262290435	5	MAF	-1.0351075431149324	1.0351075431149324
rs60128210		0	0.004089523262290435	6	CI_width	0.4287290443130445	0.4287290443130445
rs60128210		0	0.004089523262290435	7	MR_MEGA_Association_P	0.2778152832457624	0.2778152832457624
rs60128210		0	0.004089523262290435	8	Gene_count	0.23480901528957066	0.23480901528957066
rs60128210		0	0.004089523262290435	9	Effective_Sample_Size	-0.20050981950326757	0.20050981950326757
rs60128210		0	0.004089523262290435	10	SE_log_OR	-0.20047518069497722	0.20047518069497722
rs61939481	USP44	0	0.24904155656410418	1	Is_intergenic	1.4190155792552945	1.4190155792552945
rs61939481	USP44	0	0.24904155656410418	2	Is_intronic	-1.0050153992571766	1.0050153992571766
rs61939481	USP44	0	0.24904155656410418	3	MAF	0.9826251404325683	0.9826251404325683
rs61939481	USP44	0	0.24904155656410418	4	Has_MODIFIER_impact	-0.6259454180791647	0.6259454180791647
rs61939481	USP44	0	0.24904155656410418	5	Biotype_count	0.3948078862592953	0.3948078862592953
rs61939481	USP44	0	0.24904155656410418	6	Risk_Allele_Frequency	-0.3117812258637404	0.3117812258637404
rs61939481	USP44	0	0.24904155656410418	7	MR_MEGA_Association_P	0.2752109734650932	0.2752109734650932
rs61939481	USP44	0	0.24904155656410418	8	Effective_Sample_Size	-0.17674584615672578	0.17674584615672578
rs61939481	USP44	0	0.24904155656410418	9	Has_LOW_impact	-0.15772961766600233	0.15772961766600233
rs61939481	USP44	0	0.24904155656410418	10	neg_log10_P	0.13123861893808814	0.13123861893808814
rs7635128	CASR	0	0.1534799277412205	1	Is_intergenic	1.4190155792552945	1.4190155792552945
rs7635128	CASR	0	0.1534799277412205	2	Is_intronic	-1.0050153992571766	1.0050153992571766
rs7635128	CASR	0	0.1534799277412205	3	Has_MODIFIER_impact	-0.6259454180791647	0.6259454180791647
rs7635128	CASR	0	0.1534799277412205	4	Biotype_count	0.3948078862592953	0.3948078862592953
rs7635128	CASR	0	0.1534799277412205	5	CI_width	0.3140956100047367	0.3140956100047367
rs7635128	CASR	0	0.1534799277412205	6	MR_MEGA_Association_P	0.27597794781765594	0.27597794781765594
rs7635128	CASR	0	0.1534799277412205	7	Gene_count	-0.22113082022415878	0.22113082022415878
rs7635128	CASR	0	0.1534799277412205	8	Risk_Allele_Frequency	0.20657481105126746	0.20657481105126746
rs7635128	CASR	0	0.1534799277412205	9	Effective_Sample_Size	-0.20156470465044213	0.20156470465044213
rs7635128	CASR	0	0.1534799277412205	10	log_OR	-0.16709319363236078	0.16709319363236078
rs33959228	ZNF76	1	0.9933678215531139	1	Is_3UTR	1.870845748233353	1.870845748233353
rs33959228	ZNF76	1	0.9933678215531139	2	Is_intronic	1.4462416721017908	1.4462416721017908
rs33959228	ZNF76	1	0.9933678215531139	3	Is_intergenic	1.4190155792552945	1.4190155792552945
rs33959228	ZNF76	1	0.9933678215531139	4	Biotype_count	1.1689409965716393	1.1689409965716393
rs33959228	ZNF76	1	0.9933678215531139	5	MAF	1.1485208268226232	1.1485208268226232
rs33959228	ZNF76	1	0.9933678215531139	6	CI_width	-0.7462636573470225	0.7462636573470225
rs33959228	ZNF76	1	0.9933678215531139	7	Has_MODIFIER_impact	-0.6259454180791647	0.6259454180791647
rs33959228	ZNF76	1	0.9933678215531139	8	SE_log_OR	0.3619277248763149	0.3619277248763149
rs33959228	ZNF76	1	0.9933678215531139	9	Risk_Allele_Frequency	0.34737373511802616	0.34737373511802616
rs33959228	ZNF76	1	0.9933678215531139	10	MR_MEGA_Association_P	0.27906271830702367	0.27906271830702367
rs7488780	PDE3A	0	0.22399729792781228	1	Is_intergenic	1.4190155792552945	1.4190155792552945
rs7488780	PDE3A	0	0.22399729792781228	2	Is_intronic	-1.0050153992571766	1.0050153992571766
rs7488780	PDE3A	0	0.22399729792781228	3	Has_MODIFIER_impact	-0.6259454180791647	0.6259454180791647
rs7488780	PDE3A	0	0.22399729792781228	4	Biotype_count	0.3948078862592953	0.3948078862592953
rs7488780	PDE3A	0	0.22399729792781228	5	MAF	0.27985628507441423	0.27985628507441423
rs7488780	PDE3A	0	0.22399729792781228	6	MR_MEGA_Association_P	0.2790635321704604	0.2790635321704604
rs7488780	PDE3A	0	0.22399729792781228	7	CI_width	0.25677889285058714	0.25677889285058714
rs7488780	PDE3A	0	0.22399729792781228	8	Risk_Allele_Frequency	0.24312099910219723	0.24312099910219723
rs7488780	PDE3A	0	0.22399729792781228	9	Effective_Sample_Size	-0.19705289192029984	0.19705289192029984
rs7488780	PDE3A	0	0.22399729792781228	10	Has_LOW_impact	-0.15772961766600233	0.15772961766600233
rs999976		0	0.014551314684896977	1	Is_intergenic	-5.67606231702118	5.67606231702118
rs999976		0	0.014551314684896977	2	Has_MODIFIER_impact	2.5037816723166606	2.5037816723166606
rs999976		0	0.014551314684896977	3	Is_intronic	1.4462416721017908	1.4462416721017908
rs999976		0	0.014551314684896977	4	Biotype_count	-1.1534583343653926	1.1534583343653926
rs999976		0	0.014551314684896977	5	CI_width	0.3140956100047367	0.3140956100047367
rs999976		0	0.014551314684896977	6	MR_MEGA_Association_P	0.24341572640336095	0.24341572640336095
rs999976		0	0.014551314684896977	7	Gene_count	0.23480901528957066	0.23480901528957066
rs999976		0	0.014551314684896977	8	Risk_Allele_Frequency	0.22875879073696959	0.22875879073696959
rs999976		0	0.014551314684896977	9	Effective_Sample_Size	-0.198863885710117	0.198863885710117
rs999976		0	0.014551314684896977	10	log_OR	-0.16709319363236078	0.16709319363236078
rs7755852	XXbac-BPG248L24.10	0	0.5125888416287018	1	MAF	-1.629703963641665	1.629703963641665
rs7755852	XXbac-BPG248L24.10	0	0.5125888416287018	2	Is_intronic	1.4462416721017908	1.4462416721017908
rs7755852	XXbac-BPG248L24.10	0	0.5125888416287018	3	Is_intergenic	1.4190155792552945	1.4190155792552945
rs7755852	XXbac-BPG248L24.10	0	0.5125888416287018	4	Effective_Sample_Size	1.3689595059932615	1.3689595059932615
rs7755852	XXbac-BPG248L24.10	0	0.5125888416287018	5	Has_MODIFIER_impact	-0.6259454180791647	0.6259454180791647
rs7755852	XXbac-BPG248L24.10	0	0.5125888416287018	6	Gene_count	-0.44910073798102357	0.44910073798102357
rs7755852	XXbac-BPG248L24.10	0	0.5125888416287018	7	Biotype_count	0.3948078862592953	0.3948078862592953
rs7755852	XXbac-BPG248L24.10	0	0.5125888416287018	8	MR_MEGA_Association_P	0.2786868486984577	0.2786868486984577
rs7755852	XXbac-BPG248L24.10	0	0.5125888416287018	9	CI_width	0.22812053427351517	0.22812053427351517
rs7755852	XXbac-BPG248L24.10	0	0.5125888416287018	10	Is_upstream	-0.1703277172535689	0.1703277172535689
rs10784067		0	0.006184227367462204	1	Is_intergenic	-5.67606231702118	5.67606231702118
rs10784067		0	0.006184227367462204	2	Has_MODIFIER_impact	2.5037816723166606	2.5037816723166606
rs10784067		0	0.006184227367462204	3	Is_intronic	1.4462416721017908	1.4462416721017908
rs10784067		0	0.006184227367462204	4	Biotype_count	-1.1534583343653926	1.1534583343653926
rs10784067		0	0.006184227367462204	5	CI_width	0.3427539685818144	0.3427539685818144
rs10784067		0	0.006184227367462204	6	MAF	-0.2821828136890637	0.2821828136890637
rs10784067		0	0.006184227367462204	7	Gene_count	0.23480901528957066	0.23480901528957066
rs10784067		0	0.006184227367462204	8	MR_MEGA_Association_P	0.20107210176777185	0.20107210176777185
rs10784067		0	0.006184227367462204	9	Effective_Sample_Size	-0.19985089924244323	0.19985089924244323
rs10784067		0	0.006184227367462204	10	log_OR	-0.17854006079830334	0.17854006079830334
rs7813042	JPH1	0	0.21652494075617057	1	Is_intergenic	1.4190155792552945	1.4190155792552945
rs7813042	JPH1	0	0.21652494075617057	2	MAF	1.066922205970938	1.066922205970938
rs7813042	JPH1	0	0.21652494075617057	3	Is_intronic	-1.0050153992571766	1.0050153992571766
rs7813042	JPH1	0	0.21652494075617057	4	Has_MODIFIER_impact	-0.6259454180791647	0.6259454180791647
rs7813042	JPH1	0	0.21652494075617057	5	Biotype_count	0.3948078862592953	0.3948078862592953
rs7813042	JPH1	0	0.21652494075617057	6	Risk_Allele_Frequency	-0.32189813440336396	0.32189813440336396
rs7813042	JPH1	0	0.21652494075617057	7	MR_MEGA_Association_P	0.27889976962538554	0.27889976962538554
rs7813042	JPH1	0	0.21652494075617057	8	CI_width	-0.23041320295968176	0.23041320295968176
rs7813042	JPH1	0	0.21652494075617057	9	Effective_Sample_Size	-0.20327316045546512	0.20327316045546512
rs7813042	JPH1	0	0.21652494075617057	10	Has_LOW_impact	-0.15772961766600233	0.15772961766600233
rs57143316	SAYSD1	0	0.33463212151489113	1	Is_intronic	1.4462416721017908	1.4462416721017908
rs57143316	SAYSD1	0	0.33463212151489113	2	Is_intergenic	1.4190155792552945	1.4190155792552945
rs57143316	SAYSD1	0	0.33463212151489113	3	MR_MEGA_Association_P	-0.835855768721188	0.835855768721188
rs57143316	SAYSD1	0	0.33463212151489113	4	MAF	0.7251583202182996	0.7251583202182996
rs57143316	SAYSD1	0	0.33463212151489113	5	Has_MODIFIER_impact	-0.6259454180791647	0.6259454180791647
rs57143316	SAYSD1	0	0.33463212151489113	6	Biotype_count	-0.3793252240530487	0.3793252240530487
rs57143316	SAYSD1	0	0.33463212151489113	7	Risk_Allele_Frequency	-0.2808813569838462	0.2808813569838462
rs57143316	SAYSD1	0	0.33463212151489113	8	Effective_Sample_Size	-0.1971832855470218	0.1971832855470218
rs57143316	SAYSD1	0	0.33463212151489113	9	neg_log10_P	0.15822807949245346	0.15822807949245346
rs57143316	SAYSD1	0	0.33463212151489113	10	Has_LOW_impact	-0.15772961766600233	0.15772961766600233
rs6488140		0	0.004400908050293032	1	Is_intergenic	-5.67606231702118	5.67606231702118
rs6488140		0	0.004400908050293032	2	Has_MODIFIER_impact	2.5037816723166606	2.5037816723166606
rs6488140		0	0.004400908050293032	3	Is_intronic	1.4462416721017908	1.4462416721017908
rs6488140		0	0.004400908050293032	4	Biotype_count	-1.1534583343653926	1.1534583343653926
rs6488140		0	0.004400908050293032	5	MAF	-0.6962180875720234	0.6962180875720234
rs6488140		0	0.004400908050293032	6	CI_width	0.3140956100047424	0.3140956100047424
rs6488140		0	0.004400908050293032	7	MR_MEGA_Association_P	0.2790635590404914	0.2790635590404914
rs6488140		0	0.004400908050293032	8	Gene_count	0.23480901528957066	0.23480901528957066
rs6488140		0	0.004400908050293032	9	Effective_Sample_Size	-0.19882921934017175	0.19882921934017175
rs6488140		0	0.004400908050293032	10	Has_LOW_impact	-0.15772961766600233	0.15772961766600233
rs28360503	BACE2	0	0.08328885484645332	1	Is_intergenic	1.4190155792552945	1.4190155792552945
rs28360503	BACE2	0	0.08328885484645332	2	Is_intronic	-1.0050153992571766	1.0050153992571766
rs28360503	BACE2	0	0.08328885484645332	3	Has_MODIFIER_impact	-0.6259454180791647	0.6259454180791647
rs28360503	BACE2	0	0.08328885484645332	4	Biotype_count	-0.3793252240530487	0.3793252240530487
rs28360503	BACE2	0	0.08328885484645332	5	MAF	0.3091285437408355	0.3091285437408355
rs28360503	BACE2	0	0.08328885484645332	6	CI_width	0.28543725142766474	0.28543725142766474
rs28360503	BACE2	0	0.08328885484645332	7	Risk_Allele_Frequency	0.24663410791310342	0.24663410791310342
rs28360503	BACE2	0	0.08328885484645332	8	Effective_Sample_Size	-0.20327316045546512	0.20327316045546512
rs28360503	BACE2	0	0.08328885484645332	9	MR_MEGA_Association_P	-0.20179617812986472	0.20179617812986472
rs28360503	BACE2	0	0.08328885484645332	10	Has_LOW_impact	-0.15772961766600233	0.15772961766600233
rs56799554	LINC00910	0	0.0735488095719856	1	Is_intergenic	1.4190155792552945	1.4190155792552945
rs56799554	LINC00910	0	0.0735488095719856	2	Is_intronic	-1.0050153992571766	1.0050153992571766
rs56799554	LINC00910	0	0.0735488095719856	3	Has_MODIFIER_impact	-0.6259454180791647	0.6259454180791647
rs56799554	LINC00910	0	0.0735488095719856	4	Biotype_count	-0.3793252240530487	0.3793252240530487
rs56799554	LINC00910	0	0.0735488095719856	5	CI_width	0.3427539685818144	0.3427539685818144
rs56799554	LINC00910	0	0.0735488095719856	6	MR_MEGA_Association_P	0.27027050957106336	0.27027050957106336
rs56799554	LINC00910	0	0.0735488095719856	7	Risk_Allele_Frequency	-0.19936174391474276	0.19936174391474276
rs56799554	LINC00910	0	0.0735488095719856	8	Effective_Sample_Size	-0.18618247510667207	0.18618247510667207
rs56799554	LINC00910	0	0.0735488095719856	9	log_OR	-0.16137814126015373	0.16137814126015373
rs56799554	LINC00910	0	0.0735488095719856	10	Has_LOW_impact	-0.15772961766600233	0.15772961766600233
rs10113902	FIBCD1	0	0.01722601376065716	1	MAF	-1.636919370086494	1.636919370086494
rs10113902	FIBCD1	0	0.01722601376065716	2	Is_intergenic	1.4190155792552945	1.4190155792552945
rs10113902	FIBCD1	0	0.01722601376065716	3	Is_intronic	-1.0050153992571766	1.0050153992571766
rs10113902	FIBCD1	0	0.01722601376065716	4	Has_MODIFIER_impact	-0.6259454180791647	0.6259454180791647
rs10113902	FIBCD1	0	0.01722601376065716	5	CI_width	0.40007068573596394	0.40007068573596394
rs10113902	FIBCD1	0	0.01722601376065716	6	Biotype_count	-0.3793252240530487	0.3793252240530487
rs10113902	FIBCD1	0	0.01722601376065716	7	MR_MEGA_Association_P	0.27906354710584663	0.27906354710584663
rs10113902	FIBCD1	0	0.01722601376065716	8	SE_log_OR	-0.1866500127008461	0.1866500127008461
rs10113902	FIBCD1	0	0.01722601376065716	9	Effective_Sample_Size	-0.16356051237956093	0.16356051237956093
rs10113902	FIBCD1	0	0.01722601376065716	10	Has_LOW_impact	-0.15772961766600233	0.15772961766600233
rs10048404	WDR7	0	0.056727318529850544	1	Is_intergenic	1.4190155792552945	1.4190155792552945
rs10048404	WDR7	0	0.056727318529850544	2	Is_intronic	-1.0050153992571766	1.0050153992571766
rs10048404	WDR7	0	0.056727318529850544	3	Has_MODIFIER_impact	-0.6259454180791647	0.6259454180791647
rs10048404	WDR7	0	0.056727318529850544	4	MAF	-0.5605332493046263	0.5605332493046263
rs10048404	WDR7	0	0.056727318529850544	5	CI_width	0.40007068573596394	0.40007068573596394
rs10048404	WDR7	0	0.056727318529850544	6	Biotype_count	-0.3793252240530487	0.3793252240530487
rs10048404	WDR7	0	0.056727318529850544	7	MR_MEGA_Association_P	0.27901191890876975	0.27901191890876975
rs10048404	WDR7	0	0.056727318529850544	8	SE_log_OR	-0.18629779873850244	0.18629779873850244
rs10048404	WDR7	0	0.056727318529850544	9	log_OR	-0.16137814126015373	0.16137814126015373
rs10048404	WDR7	0	0.056727318529850544	10	Has_LOW_impact	-0.15772961766600233	0.15772961766600233
rs10853047	ERN1	0	0.21399196315357066	1	Is_intergenic	1.4190155792552945	1.4190155792552945
rs10853047	ERN1	0	0.21399196315357066	2	Is_intronic	-1.0050153992571766	1.0050153992571766
rs10853047	ERN1	0	0.21399196315357066	3	Has_MODIFIER_impact	-0.6259454180791647	0.6259454180791647
rs10853047	ERN1	0	0.21399196315357066	4	Biotype_count	0.3948078862592953	0.3948078862592953
rs10853047	ERN1	0	0.21399196315357066	5	Effective_Sample_Size	0.3561420812299515	0.3561420812299515
rs10853047	ERN1	0	0.21399196315357066	6	MR_MEGA_Association_P	0.2790635588384582	0.2790635588384582
rs10853047	ERN1	0	0.21399196315357066	7	CI_width	0.22812053427351517	0.22812053427351517
rs10853047	ERN1	0	0.21399196315357066	8	Risk_Allele_Frequency	-0.20808467340715311	0.20808467340715311
rs10853047	ERN1	0	0.21399196315357066	9	Has_LOW_impact	-0.15772961766600233	0.15772961766600233
rs10853047	ERN1	0	0.21399196315357066	10	Is_3UTR	-0.11941568605744805	0.11941568605744805
rs2316118	TFDP1	0	0.013397724690738575	1	Is_intergenic	1.4190155792552945	1.4190155792552945
rs2316118	TFDP1	0	0.013397724690738575	2	MR_MEGA_Association_P	-1.181258208036435	1.181258208036435
rs2316118	TFDP1	0	0.013397724690738575	3	MAF	-1.1475036304994257	1.1475036304994257
rs2316118	TFDP1	0	0.013397724690738575	4	Is_intronic	-1.0050153992571766	1.0050153992571766
rs2316118	TFDP1	0	0.013397724690738575	5	Has_MODIFIER_impact	-0.6259454180791647	0.6259454180791647
rs2316118	TFDP1	0	0.013397724690738575	6	CI_width	0.40007068573596394	0.40007068573596394
rs2316118	TFDP1	0	0.013397724690738575	7	Biotype_count	0.3948078862592953	0.3948078862592953
rs2316118	TFDP1	0	0.013397724690738575	8	log_OR	-0.2072555214476654	0.2072555214476654
rs2316118	TFDP1	0	0.013397724690738575	9	Effective_Sample_Size	-0.2014968330355932	0.2014968330355932
rs2316118	TFDP1	0	0.013397724690738575	10	SE_log_OR	-0.18487508935323832	0.18487508935323832
rs149336329	MYO5C	0	0.5723072409937946	1	Is_intergenic	1.4190155792552945	1.4190155792552945
rs149336329	MYO5C	0	0.5723072409937946	2	Biotype_count	1.1689409965716393	1.1689409965716393
rs149336329	MYO5C	0	0.5723072409937946	3	MAF	1.0320770724081054	1.0320770724081054
rs149336329	MYO5C	0	0.5723072409937946	4	Is_intronic	-1.0050153992571766	1.0050153992571766
rs149336329	MYO5C	0	0.5723072409937946	5	Has_MODIFIER_impact	-0.6259454180791647	0.6259454180791647
rs149336329	MYO5C	0	0.5723072409937946	6	Risk_Allele_Frequency	0.3333987431548022	0.3333987431548022
rs149336329	MYO5C	0	0.5723072409937946	7	MR_MEGA_Association_P	0.27906355970561825	0.27906355970561825
rs149336329	MYO5C	0	0.5723072409937946	8	Effective_Sample_Size	-0.1959079826173184	0.1959079826173184
rs149336329	MYO5C	0	0.5723072409937946	9	CI_width	-0.1730964858055321	0.1730964858055321
rs149336329	MYO5C	0	0.5723072409937946	10	log_OR	0.17170145725859232	0.17170145725859232
rs13153834	AC022431.2	0	0.21595846202569888	1	Is_intergenic	1.4190155792552945	1.4190155792552945
rs13153834	AC022431.2	0	0.21595846202569888	2	Is_intronic	-1.0050153992571766	1.0050153992571766
rs13153834	AC022431.2	0	0.21595846202569888	3	MAF	0.8715196135504029	0.8715196135504029
rs13153834	AC022431.2	0	0.21595846202569888	4	Has_MODIFIER_impact	-0.6259454180791647	0.6259454180791647
rs13153834	AC022431.2	0	0.21595846202569888	5	Effective_Sample_Size	0.5778633286946943	0.5778633286946943
rs13153834	AC022431.2	0	0.21595846202569888	6	Biotype_count	-0.3793252240530487	0.3793252240530487
rs13153834	AC022431.2	0	0.21595846202569888	7	Risk_Allele_Frequency	-0.29844690103837707	0.29844690103837707
rs13153834	AC022431.2	0	0.21595846202569888	8	MR_MEGA_Association_P	0.2504652364646026	0.2504652364646026
rs13153834	AC022431.2	0	0.21595846202569888	9	Has_LOW_impact	-0.15772961766600233	0.15772961766600233
rs13153834	AC022431.2	0	0.21595846202569888	10	neg_log10_P	0.14078433947947264	0.14078433947947264
rs4599845	TRPS1	0	0.026438047014716495	1	Is_intergenic	1.4190155792552945	1.4190155792552945
rs4599845	TRPS1	0	0.026438047014716495	2	Is_intronic	-1.0050153992571766	1.0050153992571766
rs4599845	TRPS1	0	0.026438047014716495	3	MAF	-0.9707555035216197	0.9707555035216197
rs4599845	TRPS1	0	0.026438047014716495	4	Has_MODIFIER_impact	-0.6259454180791647	0.6259454180791647
rs4599845	TRPS1	0	0.026438047014716495	5	CI_width	0.40007068573596394	0.40007068573596394
rs4599845	TRPS1	0	0.026438047014716495	6	Biotype_count	-0.3793252240530487	0.3793252240530487
rs4599845	TRPS1	0	0.026438047014716495	7	MR_MEGA_Association_P	0.27906355970561825	0.27906355970561825
rs4599845	TRPS1	0	0.026438047014716495	8	Effective_Sample_Size	-0.1989793617214918	0.1989793617214918
rs4599845	TRPS1	0	0.026438047014716495	9	SE_log_OR	-0.187872031283406	0.187872031283406
rs4599845	TRPS1	0	0.026438047014716495	10	Has_LOW_impact	-0.15772961766600233	0.15772961766600233
rs45477500	KCNQ1	0	0.8497514254245615	1	Is_3UTR	1.870845748233353	1.870845748233353
rs45477500	KCNQ1	0	0.8497514254245615	2	Is_intergenic	1.4190155792552945	1.4190155792552945
rs45477500	KCNQ1	0	0.8497514254245615	3	MAF	1.1749773171203302	1.1749773171203302
rs45477500	KCNQ1	0	0.8497514254245615	4	Biotype_count	1.1689409965716393	1.1689409965716393
rs45477500	KCNQ1	0	0.8497514254245615	5	Is_intronic	-1.0050153992571766	1.0050153992571766
rs45477500	KCNQ1	0	0.8497514254245615	6	CI_width	-1.0041888845407043	1.0041888845407043
rs45477500	KCNQ1	0	0.8497514254245615	7	Has_MODIFIER_impact	-0.6259454180791647	0.6259454180791647
rs45477500	KCNQ1	0	0.8497514254245615	8	SE_log_OR	0.5027867593681903	0.5027867593681903
rs45477500	KCNQ1	0	0.8497514254245615	9	Effective_Sample_Size	0.39444036026531176	0.39444036026531176
rs45477500	KCNQ1	0	0.8497514254245615	10	Risk_Allele_Frequency	-0.33486636372137835	0.33486636372137835
rs13194747		0	0.011095778644065012	1	Is_intergenic	-5.67606231702118	5.67606231702118
rs13194747		0	0.011095778644065012	2	Has_MODIFIER_impact	2.5037816723166606	2.5037816723166606
rs13194747		0	0.011095778644065012	3	Is_intronic	1.4462416721017908	1.4462416721017908
rs13194747		0	0.011095778644065012	4	Biotype_count	-1.1534583343653926	1.1534583343653926
rs13194747		0	0.011095778644065012	5	CI_width	0.3427539685818144	0.3427539685818144
rs13194747		0	0.011095778644065012	6	MR_MEGA_Association_P	0.27905148950844255	0.27905148950844255
rs13194747		0	0.011095778644065012	7	Gene_count	0.23480901528957066	0.23480901528957066
rs13194747		0	0.011095778644065012	8	Effective_Sample_Size	-0.2014968330355932	0.2014968330355932
rs13194747		0	0.011095778644065012	9	Risk_Allele_Frequency	0.19653534579204462	0.19653534579204462
rs13194747		0	0.011095778644065012	10	Has_LOW_impact	-0.15772961766600233	0.15772961766600233
rs700059	RABGAP1	0	0.3287758034730017	1	Biotype_count	1.9430741068839834	1.9430741068839834
rs700059	RABGAP1	0	0.3287758034730017	2	Is_intergenic	1.4190155792552945	1.4190155792552945
rs700059	RABGAP1	0	0.3287758034730017	3	Is_intronic	-1.0050153992571766	1.0050153992571766
rs700059	RABGAP1	0	0.3287758034730017	4	Has_MODIFIER_impact	-0.6259454180791647	0.6259454180791647
rs700059	RABGAP1	0	0.3287758034730017	5	MAF	-0.5700951293900507	0.5700951293900507
rs700059	RABGAP1	0	0.3287758034730017	6	CI_width	0.3140956100047367	0.3140956100047367
rs700059	RABGAP1	0	0.3287758034730017	7	MR_MEGA_Association_P	0.2790635540881686	0.2790635540881686
rs700059	RABGAP1	0	0.3287758034730017	8	Gene_count	-0.22113082022415878	0.22113082022415878
rs700059	RABGAP1	0	0.3287758034730017	9	Has_LOW_impact	-0.15772961766600233	0.15772961766600233
rs700059	RABGAP1	0	0.3287758034730017	10	Effective_Sample_Size	-0.14831096241620675	0.14831096241620675
rs1109772	KCNK16	0	0.12859429481685736	1	Is_intergenic	1.4190155792552945	1.4190155792552945
rs1109772	KCNK16	0	0.12859429481685736	2	Is_intronic	-1.0050153992571766	1.0050153992571766
rs1109772	KCNK16	0	0.12859429481685736	3	MAF	0.9954134217738102	0.9954134217738102
rs1109772	KCNK16	0	0.12859429481685736	4	Has_MODIFIER_impact	-0.6259454180791647	0.6259454180791647
rs1109772	KCNK16	0	0.12859429481685736	5	Biotype_count	-0.3793252240530487	0.3793252240530487
rs1109772	KCNK16	0	0.12859429481685736	6	Risk_Allele_Frequency	-0.3133160108753187	0.3133160108753187
rs1109772	KCNK16	0	0.12859429481685736	7	MR_MEGA_Association_P	0.2788445568607699	0.2788445568607699
rs1109772	KCNK16	0	0.12859429481685736	8	Effective_Sample_Size	-0.18751268805811036	0.18751268805811036
rs1109772	KCNK16	0	0.12859429481685736	9	Has_LOW_impact	-0.15772961766600233	0.15772961766600233
rs1109772	KCNK16	0	0.12859429481685736	10	Is_3UTR	-0.11941568605744805	0.11941568605744805
rs35825770		0	0.0036256251656777835	1	Is_intergenic	-5.67606231702118	5.67606231702118
rs35825770		0	0.0036256251656777835	2	Has_MODIFIER_impact	2.5037816723166606	2.5037816723166606
rs35825770		0	0.0036256251656777835	3	Is_intronic	1.4462416721017908	1.4462416721017908
rs35825770		0	0.0036256251656777835	4	Biotype_count	-1.1534583343653926	1.1534583343653926
rs35825770		0	0.0036256251656777835	5	MAF	-1.1213991112478074	1.1213991112478074
rs35825770		0	0.0036256251656777835	6	CI_width	0.40007068573596394	0.40007068573596394
rs35825770		0	0.0036256251656777835	7	Gene_count	0.23480901528957066	0.23480901528957066
rs35825770		0	0.0036256251656777835	8	MR_MEGA_Association_P	0.19931243088040987	0.19931243088040987
rs35825770		0	0.0036256251656777835	9	SE_log_OR	-0.1855892310361148	0.1855892310361148
rs35825770		0	0.0036256251656777835	10	log_OR	-0.18427189746796718	0.18427189746796718
rs12455492	BCL2	0	0.1369287352458104	1	Is_intergenic	1.4190155792552945	1.4190155792552945
rs12455492	BCL2	0	0.1369287352458104	2	Is_intronic	-1.0050153992571766	1.0050153992571766
rs12455492	BCL2	0	0.1369287352458104	3	Has_MODIFIER_impact	-0.6259454180791647	0.6259454180791647
rs12455492	BCL2	0	0.1369287352458104	4	MAF	0.5047071216844147	0.5047071216844147
rs12455492	BCL2	0	0.1369287352458104	5	Biotype_count	0.3948078862592953	0.3948078862592953
rs12455492	BCL2	0	0.1369287352458104	6	CI_width	0.2567788928505928	0.2567788928505928
rs12455492	BCL2	0	0.1369287352458104	7	MR_MEGA_Association_P	0.2563258296445935	0.2563258296445935
rs12455492	BCL2	0	0.1369287352458104	8	Risk_Allele_Frequency	-0.254423916279667	0.254423916279667
rs12455492	BCL2	0	0.1369287352458104	9	Gene_count	-0.22113082022415878	0.22113082022415878
rs12455492	BCL2	0	0.1369287352458104	10	Effective_Sample_Size	-0.19117082669926508	0.19117082669926508
rs1048155	BHLHE41	0	0.9267495092778658	1	Biotype_count	1.9430741068839834	1.9430741068839834
rs1048155	BHLHE41	0	0.9267495092778658	2	Is_3UTR	1.870845748233353	1.870845748233353
rs1048155	BHLHE41	0	0.9267495092778658	3	Is_intronic	1.4462416721017908	1.4462416721017908
rs1048155	BHLHE41	0	0.9267495092778658	4	Is_intergenic	1.4190155792552945	1.4190155792552945
rs1048155	BHLHE41	0	0.9267495092778658	5	MAF	-1.165278168326931	1.165278168326931
rs1048155	BHLHE41	0	0.9267495092778658	6	Has_MODIFIER_impact	-0.6259454180791647	0.6259454180791647
rs1048155	BHLHE41	0	0.9267495092778658	7	Gene_count	-0.44910073798102357	0.44910073798102357
rs1048155	BHLHE41	0	0.9267495092778658	8	CI_width	0.371412327158892	0.371412327158892
rs1048155	BHLHE41	0	0.9267495092778658	9	log_OR	-0.2072555214476654	0.2072555214476654
rs1048155	BHLHE41	0	0.9267495092778658	10	MR_MEGA_Association_P	0.20176900825284053	0.20176900825284053
rs2850960	PPP3CA	0	0.03460928592818635	1	Is_intergenic	1.4190155792552945	1.4190155792552945
rs2850960	PPP3CA	0	0.03460928592818635	2	Is_intronic	-1.0050153992571766	1.0050153992571766
rs2850960	PPP3CA	0	0.03460928592818635	3	MAF	-0.8333108100237768	0.8333108100237768
rs2850960	PPP3CA	0	0.03460928592818635	4	Has_MODIFIER_impact	-0.6259454180791647	0.6259454180791647
rs2850960	PPP3CA	0	0.03460928592818635	5	CI_width	0.40007068573596394	0.40007068573596394
rs2850960	PPP3CA	0	0.03460928592818635	6	Biotype_count	-0.3793252240530487	0.3793252240530487
rs2850960	PPP3CA	0	0.03460928592818635	7	MR_MEGA_Association_P	0.2789022013336467	0.2789022013336467
rs2850960	PPP3CA	0	0.03460928592818635	8	Effective_Sample_Size	-0.19444424169027838	0.19444424169027838
rs2850960	PPP3CA	0	0.03460928592818635	9	SE_log_OR	-0.18612117580122378	0.18612117580122378
rs2850960	PPP3CA	0	0.03460928592818635	10	log_OR	-0.16709319363236078	0.16709319363236078
rs7247433	ZNF101	0	0.5989176822598019	1	Biotype_count	1.9430741068839834	1.9430741068839834
rs7247433	ZNF101	0	0.5989176822598019	2	Is_intronic	1.4462416721017908	1.4462416721017908
rs7247433	ZNF101	0	0.5989176822598019	3	Is_intergenic	1.4190155792552945	1.4190155792552945
rs7247433	ZNF101	0	0.5989176822598019	4	MAF	-1.1124825114135477	1.1124825114135477
rs7247433	ZNF101	0	0.5989176822598019	5	Has_MODIFIER_impact	-0.6259454180791647	0.6259454180791647
rs7247433	ZNF101	0	0.5989176822598019	6	MR_MEGA_Association_P	-0.5429347894510567	0.5429347894510567
rs7247433	ZNF101	0	0.5989176822598019	7	CI_width	0.371412327158892	0.371412327158892
rs7247433	ZNF101	0	0.5989176822598019	8	log_OR	-0.22455264094172786	0.22455264094172786
rs7247433	ZNF101	0	0.5989176822598019	9	Effective_Sample_Size	-0.19677728131764124	0.19677728131764124
rs7247433	ZNF101	0	0.5989176822598019	10	SE_log_OR	-0.1691980187527289	0.1691980187527289
rs57274815	KCNQ1	0	0.2491244829083206	1	CI_width	-4.127949969441858	4.127949969441858
rs57274815	KCNQ1	0	0.2491244829083206	2	SE_log_OR	1.679549236659972	1.679549236659972
rs57274815	KCNQ1	0	0.2491244829083206	3	Effective_Sample_Size	1.4897364083203772	1.4897364083203772
rs57274815	KCNQ1	0	0.2491244829083206	4	Is_intergenic	1.4190155792552945	1.4190155792552945
rs57274815	KCNQ1	0	0.2491244829083206	5	MAF	1.2202642583838104	1.2202642583838104
rs57274815	KCNQ1	0	0.2491244829083206	6	log_OR	1.1485694815200524	1.1485694815200524
rs57274815	KCNQ1	0	0.2491244829083206	7	Is_intronic	-1.0050153992571766	1.0050153992571766
rs57274815	KCNQ1	0	0.2491244829083206	8	CI_upper	-0.8281292578887672	0.8281292578887672
rs57274815	KCNQ1	0	0.2491244829083206	9	Has_MODIFIER_impact	-0.6259454180791647	0.6259454180791647
rs57274815	KCNQ1	0	0.2491244829083206	10	CI_lower	0.5693291309411367	0.5693291309411367
rs11698462	MYT1	0	0.14199382909886174	1	MAF	-1.6338689543537208	1.6338689543537208
rs11698462	MYT1	0	0.14199382909886174	2	Is_intronic	1.4462416721017908	1.4462416721017908
rs11698462	MYT1	0	0.14199382909886174	3	Is_intergenic	1.4190155792552945	1.4190155792552945
rs11698462	MYT1	0	0.14199382909886174	4	Has_MODIFIER_impact	-0.6259454180791647	0.6259454180791647
rs11698462	MYT1	0	0.14199382909886174	5	CI_width	0.40007068573596394	0.40007068573596394
rs11698462	MYT1	0	0.14199382909886174	6	Biotype_count	-0.3793252240530487	0.3793252240530487
rs11698462	MYT1	0	0.14199382909886174	7	MR_MEGA_Association_P	0.2789498407362949	0.2789498407362949
rs11698462	MYT1	0	0.14199382909886174	8	SE_log_OR	-0.18594420754818858	0.18594420754818858
rs11698462	MYT1	0	0.14199382909886174	9	log_OR	-0.17281382983776944	0.17281382983776944
rs11698462	MYT1	0	0.14199382909886174	10	Is_upstream	-0.1703277172535689	0.1703277172535689
rs11999061	URM1	0	0.39653373379946544	1	Is_intronic	1.4462416721017908	1.4462416721017908
rs11999061	URM1	0	0.39653373379946544	2	Is_intergenic	1.4190155792552945	1.4190155792552945
rs11999061	URM1	0	0.39653373379946544	3	MAF	-0.9381395199173511	0.9381395199173511
rs11999061	URM1	0	0.39653373379946544	4	Has_MODIFIER_impact	-0.6259454180791647	0.6259454180791647
rs11999061	URM1	0	0.39653373379946544	5	Biotype_count	0.3948078862592953	0.3948078862592953
rs11999061	URM1	0	0.39653373379946544	6	CI_width	0.371412327158892	0.371412327158892
rs11999061	URM1	0	0.39653373379946544	7	MR_MEGA_Association_P	0.26940528355864507	0.26940528355864507
rs11999061	URM1	0	0.39653373379946544	8	log_OR	-0.17281382983776944	0.17281382983776944
rs11999061	URM1	0	0.39653373379946544	9	SE_log_OR	-0.17074687261665972	0.17074687261665972
rs11999061	URM1	0	0.39653373379946544	10	Is_upstream	-0.1703277172535689	0.1703277172535689
rs17857291	AGAP3	1	0.10349654375344945	1	MR_MEGA_Association_P	-1.995059312109811	1.995059312109811
rs17857291	AGAP3	1	0.10349654375344945	2	Biotype_count	1.9430741068839834	1.9430741068839834
rs17857291	AGAP3	1	0.10349654375344945	3	Is_intergenic	1.4190155792552945	1.4190155792552945
rs17857291	AGAP3	1	0.10349654375344945	4	Is_intronic	-1.0050153992571766	1.0050153992571766
rs17857291	AGAP3	1	0.10349654375344945	5	Has_MODIFIER_impact	-0.6259454180791647	0.6259454180791647
rs17857291	AGAP3	1	0.10349654375344945	6	CI_width	0.3427539685818144	0.3427539685818144
rs17857291	AGAP3	1	0.10349654375344945	7	Risk_Allele_Frequency	0.1872632730386109	0.1872632730386109
rs17857291	AGAP3	1	0.10349654375344945	8	MAF	-0.1855667615375712	0.1855667615375712
rs17857291	AGAP3	1	0.10349654375344945	9	log_OR	-0.18427189746796718	0.18427189746796718
rs17857291	AGAP3	1	0.10349654375344945	10	Is_upstream	-0.1703277172535689	0.1703277172535689
rs12702586	C1GALT1	0	0.08666693012697559	1	Is_intergenic	1.4190155792552945	1.4190155792552945
rs12702586	C1GALT1	0	0.08666693012697559	2	Is_intronic	-1.0050153992571766	1.0050153992571766
rs12702586	C1GALT1	0	0.08666693012697559	3	Has_MODIFIER_impact	-0.6259454180791647	0.6259454180791647
rs12702586	C1GALT1	0	0.08666693012697559	4	MAF	0.48235696025774893	0.48235696025774893
rs12702586	C1GALT1	0	0.08666693012697559	5	Biotype_count	-0.3793252240530487	0.3793252240530487
rs12702586	C1GALT1	0	0.08666693012697559	6	CI_width	0.2567788928505928	0.2567788928505928
rs12702586	C1GALT1	0	0.08666693012697559	7	Risk_Allele_Frequency	-0.2517415626585142	0.2517415626585142
rs12702586	C1GALT1	0	0.08666693012697559	8	MR_MEGA_Association_P	0.206678449539985	0.206678449539985
rs12702586	C1GALT1	0	0.08666693012697559	9	Effective_Sample_Size	-0.19735642886448504	0.19735642886448504
rs12702586	C1GALT1	0	0.08666693012697559	10	Has_LOW_impact	-0.15772961766600233	0.15772961766600233
rs4813319	SIRPA	0	0.011098325320122962	1	Is_intergenic	1.4190155792552945	1.4190155792552945
rs4813319	SIRPA	0	0.011098325320122962	2	MAF	-1.3895423865267835	1.3895423865267835
rs4813319	SIRPA	0	0.011098325320122962	3	Is_intronic	-1.0050153992571766	1.0050153992571766
rs4813319	SIRPA	0	0.011098325320122962	4	Has_MODIFIER_impact	-0.6259454180791647	0.6259454180791647
rs4813319	SIRPA	0	0.011098325320122962	5	CI_width	0.40007068573596394	0.40007068573596394
rs4813319	SIRPA	0	0.011098325320122962	6	Biotype_count	-0.3793252240530487	0.3793252240530487
rs4813319	SIRPA	0	0.011098325320122962	7	MR_MEGA_Association_P	-0.3549316936767284	0.3549316936767284
rs4813319	SIRPA	0	0.011098325320122962	8	Effective_Sample_Size	-0.19793562354439476	0.19793562354439476
rs4813319	SIRPA	0	0.011098325320122962	9	log_OR	-0.19575243191182248	0.19575243191182248
rs4813319	SIRPA	0	0.011098325320122962	10	SE_log_OR	-0.18523286104496176	0.18523286104496176
rs34298980	LRFN2	0	0.016746670340696747	1	MAF	-1.5459935165134437	1.5459935165134437
rs34298980	LRFN2	0	0.016746670340696747	2	Is_intergenic	1.4190155792552945	1.4190155792552945
rs34298980	LRFN2	0	0.016746670340696747	3	Is_intronic	-1.0050153992571766	1.0050153992571766
rs34298980	LRFN2	0	0.016746670340696747	4	Has_MODIFIER_impact	-0.6259454180791647	0.6259454180791647
rs34298980	LRFN2	0	0.016746670340696747	5	Biotype_count	-0.3793252240530487	0.3793252240530487
rs34298980	LRFN2	0	0.016746670340696747	6	CI_width	0.37141232715888634	0.37141232715888634
rs34298980	LRFN2	0	0.016746670340696747	7	MR_MEGA_Association_P	0.27906355970469043	0.27906355970469043
rs34298980	LRFN2	0	0.016746670340696747	8	Effective_Sample_Size	-0.1971832855470218	0.1971832855470218
rs34298980	LRFN2	0	0.016746670340696747	9	SE_log_OR	-0.17208237276051014	0.17208237276051014
rs34298980	LRFN2	0	0.016746670340696747	10	Has_LOW_impact	-0.15772961766600233	0.15772961766600233
rs7030607	ASTN2	0	0.018436078412290172	1	Is_intergenic	1.4190155792552945	1.4190155792552945
rs7030607	ASTN2	0	0.018436078412290172	2	Is_intronic	-1.0050153992571766	1.0050153992571766
rs7030607	ASTN2	0	0.018436078412290172	3	MAF	-0.7525921167873144	0.7525921167873144
rs7030607	ASTN2	0	0.018436078412290172	4	Has_MODIFIER_impact	-0.6259454180791647	0.6259454180791647
rs7030607	ASTN2	0	0.018436078412290172	5	MR_MEGA_Association_P	-0.4246558518386696	0.4246558518386696
rs7030607	ASTN2	0	0.018436078412290172	6	Biotype_count	-0.3793252240530487	0.3793252240530487
rs7030607	ASTN2	0	0.018436078412290172	7	CI_width	0.37141232715888634	0.37141232715888634
rs7030607	ASTN2	0	0.018436078412290172	8	Effective_Sample_Size	-0.20156470465044213	0.20156470465044213
rs7030607	ASTN2	0	0.018436078412290172	9	log_OR	-0.19000935083296205	0.19000935083296205
rs7030607	ASTN2	0	0.018436078412290172	10	SE_log_OR	-0.17016890108774765	0.17016890108774765
rs181345902	TCF7L2	0	0.1890900688217105	1	CI_width	-2.7810071163193393	2.7810071163193393
rs181345902	TCF7L2	0	0.1890900688217105	2	Is_intergenic	1.4190155792552945	1.4190155792552945
rs181345902	TCF7L2	0	0.1890900688217105	3	MAF	1.2277729740337142	1.2277729740337142
rs181345902	TCF7L2	0	0.1890900688217105	4	SE_log_OR	1.1645976185819853	1.1645976185819853
rs181345902	TCF7L2	0	0.1890900688217105	5	Is_intronic	-1.0050153992571766	1.0050153992571766
rs181345902	TCF7L2	0	0.1890900688217105	6	log_OR	0.953537200470907	0.953537200470907
rs181345902	TCF7L2	0	0.1890900688217105	7	CI_upper	-0.6443930492704893	0.6443930492704893
rs181345902	TCF7L2	0	0.1890900688217105	8	Has_MODIFIER_impact	-0.6259454180791647	0.6259454180791647
rs181345902	TCF7L2	0	0.1890900688217105	9	CI_lower	0.49723477473737104	0.49723477473737104
rs181345902	TCF7L2	0	0.1890900688217105	10	Effective_Sample_Size	0.4849523668700138	0.4849523668700138
rs145532103		0	0.030771497876806646	1	Is_intergenic	-5.67606231702118	5.67606231702118
rs145532103		0	0.030771497876806646	2	Has_MODIFIER_impact	2.5037816723166606	2.5037816723166606
rs145532103		0	0.030771497876806646	3	CI_width	-2.29381502050907	2.29381502050907
rs145532103		0	0.030771497876806646	4	log_OR	1.464175302438287	1.464175302438287
rs145532103		0	0.030771497876806646	5	Is_intronic	1.4462416721017908	1.4462416721017908
rs145532103		0	0.030771497876806646	6	MAF	1.2009058508489032	1.2009058508489032
rs145532103		0	0.030771497876806646	7	Biotype_count	-1.1534583343653926	1.1534583343653926
rs145532103		0	0.030771497876806646	8	Effective_Sample_Size	0.9760376482075679	0.9760376482075679
rs145532103		0	0.030771497876806646	9	CI_lower	0.9334056297701527	0.9334056297701527
rs145532103		0	0.030771497876806646	10	CI_upper	-0.9295955223496066	0.9295955223496066
rs9893867	SLC43A2	0	0.6308962843494224	1	Biotype_count	2.7172072171963273	2.7172072171963273
rs9893867	SLC43A2	0	0.6308962843494224	2	Is_intergenic	1.4190155792552945	1.4190155792552945
rs9893867	SLC43A2	0	0.6308962843494224	3	Is_intronic	-1.0050153992571766	1.0050153992571766
rs9893867	SLC43A2	0	0.6308962843494224	4	Has_MODIFIER_impact	-0.6259454180791647	0.6259454180791647
rs9893867	SLC43A2	0	0.6308962843494224	5	CI_width	0.28543725142766474	0.28543725142766474
rs9893867	SLC43A2	0	0.6308962843494224	6	MR_MEGA_Association_P	0.2790367975267592	0.2790367975267592
rs9893867	SLC43A2	0	0.6308962843494224	7	Gene_count	-0.22113082022415878	0.22113082022415878
rs9893867	SLC43A2	0	0.6308962843494224	8	Risk_Allele_Frequency	-0.20837332563410133	0.20837332563410133
rs9893867	SLC43A2	0	0.6308962843494224	9	Effective_Sample_Size	0.1715092069997569	0.1715092069997569
rs9893867	SLC43A2	0	0.6308962843494224	10	Is_upstream	-0.1703277172535689	0.1703277172535689
rs9822860		0	0.007223087290994771	1	Is_intergenic	-5.67606231702118	5.67606231702118
rs9822860		0	0.007223087290994771	2	Has_MODIFIER_impact	2.5037816723166606	2.5037816723166606
rs9822860		0	0.007223087290994771	3	Is_intronic	1.4462416721017908	1.4462416721017908
rs9822860		0	0.007223087290994771	4	Biotype_count	-1.1534583343653926	1.1534583343653926
rs9822860		0	0.007223087290994771	5	CI_width	0.28543725142766474	0.28543725142766474
rs9822860		0	0.007223087290994771	6	MR_MEGA_Association_P	0.2790635597056182	0.2790635597056182
rs9822860		0	0.007223087290994771	7	Gene_count	0.23480901528957066	0.23480901528957066
rs9822860		0	0.007223087290994771	8	Effective_Sample_Size	-0.20156470465044213	0.20156470465044213
rs9822860		0	0.007223087290994771	9	Risk_Allele_Frequency	-0.18476720570831293	0.18476720570831293
rs9822860		0	0.007223087290994771	10	Has_LOW_impact	-0.15772961766600233	0.15772961766600233
rs844215		0	0.008119123005177408	1	Is_intergenic	-5.67606231702118	5.67606231702118
rs844215		0	0.008119123005177408	2	Has_MODIFIER_impact	2.5037816723166606	2.5037816723166606
rs844215		0	0.008119123005177408	3	Is_intronic	1.4462416721017908	1.4462416721017908
rs844215		0	0.008119123005177408	4	Biotype_count	-1.1534583343653926	1.1534583343653926
rs844215		0	0.008119123005177408	5	MAF	-0.8596499766394539	0.8596499766394539
rs844215		0	0.008119123005177408	6	CI_width	0.3427539685818144	0.3427539685818144
rs844215		0	0.008119123005177408	7	Effective_Sample_Size	0.33191073640227015	0.33191073640227015
rs844215		0	0.008119123005177408	8	MR_MEGA_Association_P	0.26954129474384736	0.26954129474384736
rs844215		0	0.008119123005177408	9	Gene_count	0.23480901528957066	0.23480901528957066
rs844215		0	0.008119123005177408	10	log_OR	-0.18427189746796718	0.18427189746796718
rs1316739	SOCS2	0	0.35116528986768747	1	Is_3UTR	1.870845748233353	1.870845748233353
rs1316739	SOCS2	0	0.35116528986768747	2	Is_intergenic	1.4190155792552945	1.4190155792552945
rs1316739	SOCS2	0	0.35116528986768747	3	Is_intronic	-1.0050153992571766	1.0050153992571766
rs1316739	SOCS2	0	0.35116528986768747	4	Has_MODIFIER_impact	-0.6259454180791647	0.6259454180791647
rs1316739	SOCS2	0	0.35116528986768747	5	MAF	-0.49401072159376325	0.49401072159376325
rs1316739	SOCS2	0	0.35116528986768747	6	Biotype_count	0.3948078862592953	0.3948078862592953
rs1316739	SOCS2	0	0.35116528986768747	7	CI_width	0.371412327158892	0.371412327158892
rs1316739	SOCS2	0	0.35116528986768747	8	MR_MEGA_Association_P	0.25831801564883816	0.25831801564883816
rs1316739	SOCS2	0	0.35116528986768747	9	Gene_count	-0.22113082022415878	0.22113082022415878
rs1316739	SOCS2	0	0.35116528986768747	10	Effective_Sample_Size	-0.20327316045546512	0.20327316045546512
rs2167306		0	0.0018041449863133035	1	Is_intergenic	-5.67606231702118	5.67606231702118
rs2167306		0	0.0018041449863133035	2	Has_MODIFIER_impact	2.5037816723166606	2.5037816723166606
rs2167306		0	0.0018041449863133035	3	MR_MEGA_Association_P	-1.5199734495206925	1.5199734495206925
rs2167306		0	0.0018041449863133035	4	Is_intronic	1.4462416721017908	1.4462416721017908
rs2167306		0	0.0018041449863133035	5	Biotype_count	-1.1534583343653926	1.1534583343653926
rs2167306		0	0.0018041449863133035	6	CI_width	0.28543725142766474	0.28543725142766474
rs2167306		0	0.0018041449863133035	7	MAF	0.2824374060790687	0.2824374060790687
rs2167306		0	0.0018041449863133035	8	Gene_count	0.23480901528957066	0.23480901528957066
rs2167306		0	0.0018041449863133035	9	Risk_Allele_Frequency	-0.22774822633072214	0.22774822633072214
rs2167306		0	0.0018041449863133035	10	Effective_Sample_Size	-0.20327316045546512	0.20327316045546512
rs75206890	ZBTB38	0	0.3471521008181735	1	Is_intergenic	1.4190155792552945	1.4190155792552945
rs75206890	ZBTB38	0	0.3471521008181735	2	MAF	1.0395271262169938	1.0395271262169938
rs75206890	ZBTB38	0	0.3471521008181735	3	Is_intronic	-1.0050153992571766	1.0050153992571766
rs75206890	ZBTB38	0	0.3471521008181735	4	Has_MODIFIER_impact	-0.6259454180791647	0.6259454180791647
rs75206890	ZBTB38	0	0.3471521008181735	5	Biotype_count	-0.3793252240530487	0.3793252240530487
rs75206890	ZBTB38	0	0.3471521008181735	6	Effective_Sample_Size	0.3633083575301384	0.3633083575301384
rs75206890	ZBTB38	0	0.3471521008181735	7	Risk_Allele_Frequency	0.33429286102851985	0.33429286102851985
rs75206890	ZBTB38	0	0.3471521008181735	8	CI_width	-0.28772992011383125	0.28772992011383125
rs75206890	ZBTB38	0	0.3471521008181735	9	MR_MEGA_Association_P	0.27906355606658956	0.27906355606658956
rs75206890	ZBTB38	0	0.3471521008181735	10	Has_LOW_impact	-0.15772961766600233	0.15772961766600233
rs140778879	IDE	0	0.9018341774841131	1	Is_intronic	1.4462416721017908	1.4462416721017908
rs140778879	IDE	0	0.9018341774841131	2	Is_intergenic	1.4190155792552945	1.4190155792552945
rs140778879	IDE	0	0.9018341774841131	3	MAF	1.1002421316673852	1.1002421316673852
rs140778879	IDE	0	0.9018341774841131	4	Has_MODIFIER_impact	-0.6259454180791647	0.6259454180791647
rs140778879	IDE	0	0.9018341774841131	5	CI_width	-0.5456551473075074	0.5456551473075074
rs140778879	IDE	0	0.9018341774841131	6	Biotype_count	0.3948078862592953	0.3948078862592953
rs140778879	IDE	0	0.9018341774841131	7	Effective_Sample_Size	0.380895377629047	0.380895377629047
rs140778879	IDE	0	0.9018341774841131	8	Risk_Allele_Frequency	0.3415795696844074	0.3415795696844074
rs140778879	IDE	0	0.9018341774841131	9	SE_log_OR	0.28050710503374326	0.28050710503374326
rs140778879	IDE	0	0.9018341774841131	10	MR_MEGA_Association_P	0.234237122210347	0.234237122210347
rs73541251	GP2	0	0.9999076623225164	1	Has_LOW_impact	5.099924304534077	5.099924304534077
rs73541251	GP2	0	0.9999076623225164	2	Is_3UTR	1.870845748233353	1.870845748233353
rs73541251	GP2	0	0.9999076623225164	3	Is_intronic	1.4462416721017908	1.4462416721017908
rs73541251	GP2	0	0.9999076623225164	4	Is_intergenic	1.4190155792552945	1.4190155792552945
rs73541251	GP2	0	0.9999076623225164	5	Biotype_count	1.1689409965716393	1.1689409965716393
rs73541251	GP2	0	0.9999076623225164	6	MAF	0.8383170115359857	0.8383170115359857
rs73541251	GP2	0	0.9999076623225164	7	Has_MODIFIER_impact	-0.6259454180791647	0.6259454180791647
rs73541251	GP2	0	0.9999076623225164	8	Risk_Allele_Frequency	-0.2944620922468482	0.2944620922468482
rs73541251	GP2	0	0.9999076623225164	9	MR_MEGA_Association_P	0.27906351844302035	0.27906351844302035
rs73541251	GP2	0	0.9999076623225164	10	Effective_Sample_Size	-0.1873236373309169	0.1873236373309169
rs3824004	PAX4	1	0.9605511594285895	1	CI_width	-1.7206478489675658	1.7206478489675658
rs3824004	PAX4	1	0.9605511594285895	2	Is_intronic	1.4462416721017908	1.4462416721017908
rs3824004	PAX4	1	0.9605511594285895	3	Is_intergenic	1.4190155792552945	1.4190155792552945
rs3824004	PAX4	1	0.9605511594285895	4	Effective_Sample_Size	1.2684026653566625	1.2684026653566625
rs3824004	PAX4	1	0.9605511594285895	5	MAF	1.175974568417583	1.175974568417583
rs3824004	PAX4	1	0.9605511594285895	6	Biotype_count	1.1689409965716393	1.1689409965716393
rs3824004	PAX4	1	0.9605511594285895	7	log_OR	1.0981141927197047	1.0981141927197047
rs3824004	PAX4	1	0.9605511594285895	8	SE_log_OR	0.677688898627908	0.677688898627908
rs3824004	PAX4	1	0.9605511594285895	9	CI_upper	-0.6773010269334644	0.6773010269334644
rs3824004	PAX4	1	0.9605511594285895	10	CI_lower	0.6738659474365972	0.6738659474365972
rs76263492	CACNA2D3	0	0.34515168847609823	1	Is_intergenic	1.4190155792552945	1.4190155792552945
rs76263492	CACNA2D3	0	0.34515168847609823	2	MAF	1.0452173247954355	1.0452173247954355
rs76263492	CACNA2D3	0	0.34515168847609823	3	Is_intronic	-1.0050153992571766	1.0050153992571766
rs76263492	CACNA2D3	0	0.34515168847609823	4	Has_MODIFIER_impact	-0.6259454180791647	0.6259454180791647
rs76263492	CACNA2D3	0	0.34515168847609823	5	Biotype_count	0.3948078862592953	0.3948078862592953
rs76263492	CACNA2D3	0	0.34515168847609823	6	Risk_Allele_Frequency	-0.3192932240626119	0.3192932240626119
rs76263492	CACNA2D3	0	0.34515168847609823	7	MR_MEGA_Association_P	0.278925102123901	0.278925102123901
rs76263492	CACNA2D3	0	0.34515168847609823	8	Effective_Sample_Size	0.27667903149238265	0.27667903149238265
rs76263492	CACNA2D3	0	0.34515168847609823	9	CI_width	-0.25907156153675365	0.25907156153675365
rs76263492	CACNA2D3	0	0.34515168847609823	10	Has_LOW_impact	-0.15772961766600233	0.15772961766600233
rs2504093	DAAM2	0	0.15457992605578003	1	Is_intergenic	1.4190155792552945	1.4190155792552945
rs2504093	DAAM2	0	0.15457992605578003	2	Biotype_count	1.1689409965716393	1.1689409965716393
rs2504093	DAAM2	0	0.15457992605578003	3	Is_intronic	-1.0050153992571766	1.0050153992571766
rs2504093	DAAM2	0	0.15457992605578003	4	MAF	-0.9420698632653476	0.9420698632653476
rs2504093	DAAM2	0	0.15457992605578003	5	Has_MODIFIER_impact	-0.6259454180791647	0.6259454180791647
rs2504093	DAAM2	0	0.15457992605578003	6	CI_width	0.40007068573596394	0.40007068573596394
rs2504093	DAAM2	0	0.15457992605578003	7	MR_MEGA_Association_P	0.25761995267694476	0.25761995267694476
rs2504093	DAAM2	0	0.15457992605578003	8	log_OR	-0.2072555214476654	0.2072555214476654
rs2504093	DAAM2	0	0.15457992605578003	9	Effective_Sample_Size	-0.20327316045546512	0.20327316045546512
rs2504093	DAAM2	0	0.15457992605578003	10	SE_log_OR	-0.18487508935323832	0.18487508935323832
rs116257126	HMGA2	0	0.41845643083268347	1	CI_width	-1.8066229246987988	1.8066229246987988
rs116257126	HMGA2	0	0.41845643083268347	2	Is_intergenic	1.4190155792552945	1.4190155792552945
rs116257126	HMGA2	0	0.41845643083268347	3	MAF	1.1861230669131557	1.1861230669131557
rs116257126	HMGA2	0	0.41845643083268347	4	Effective_Sample_Size	1.1644964312268717	1.1644964312268717
rs116257126	HMGA2	0	0.41845643083268347	5	Is_intronic	-1.0050153992571766	1.0050153992571766
rs116257126	HMGA2	0	0.41845643083268347	6	SE_log_OR	0.7980556039305226	0.7980556039305226
rs116257126	HMGA2	0	0.41845643083268347	7	log_OR	0.6631436040692377	0.6631436040692377
rs116257126	HMGA2	0	0.41845643083268347	8	Has_MODIFIER_impact	-0.6259454180791647	0.6259454180791647
rs116257126	HMGA2	0	0.41845643083268347	9	CI_upper	-0.430491194461152	0.430491194461152
rs116257126	HMGA2	0	0.41845643083268347	10	Biotype_count	0.3948078862592953	0.3948078862592953
rs35658682	NREP	0	0.04527760382363939	1	Is_intergenic	1.4190155792552945	1.4190155792552945
rs35658682	NREP	0	0.04527760382363939	2	MAF	-1.1446292002896972	1.1446292002896972
rs35658682	NREP	0	0.04527760382363939	3	Is_intronic	-1.0050153992571766	1.0050153992571766
rs35658682	NREP	0	0.04527760382363939	4	Has_MODIFIER_impact	-0.6259454180791647	0.6259454180791647
rs35658682	NREP	0	0.04527760382363939	5	CI_width	0.40007068573596394	0.40007068573596394
rs35658682	NREP	0	0.04527760382363939	6	Biotype_count	0.3948078862592953	0.3948078862592953
rs35658682	NREP	0	0.04527760382363939	7	MR_MEGA_Association_P	0.27857323808252965	0.27857323808252965
rs35658682	NREP	0	0.04527760382363939	8	Gene_count	-0.22113082022415878	0.22113082022415878
rs35658682	NREP	0	0.04527760382363939	9	Effective_Sample_Size	-0.20327316045546512	0.20327316045546512
rs35658682	NREP	0	0.04527760382363939	10	SE_log_OR	-0.18576689296570498	0.18576689296570498
rs6538804	RMST	0	0.02336405334614557	1	Is_intergenic	1.4190155792552945	1.4190155792552945
rs6538804	RMST	0	0.02336405334614557	2	MAF	-1.205461529422118	1.205461529422118
rs6538804	RMST	0	0.02336405334614557	3	Is_intronic	-1.0050153992571766	1.0050153992571766
rs6538804	RMST	0	0.02336405334614557	4	Has_MODIFIER_impact	-0.6259454180791647	0.6259454180791647
rs6538804	RMST	0	0.02336405334614557	5	Biotype_count	-0.3793252240530487	0.3793252240530487
rs6538804	RMST	0	0.02336405334614557	6	CI_width	0.371412327158892	0.371412327158892
rs6538804	RMST	0	0.02336405334614557	7	MR_MEGA_Association_P	0.2790635597056182	0.2790635597056182
rs6538804	RMST	0	0.02336405334614557	8	Effective_Sample_Size	-0.19882921934017175	0.19882921934017175
rs6538804	RMST	0	0.02336405334614557	9	SE_log_OR	-0.17264918633319873	0.17264918633319873
rs6538804	RMST	0	0.02336405334614557	10	Has_LOW_impact	-0.15772961766600233	0.15772961766600233
rs9889137	LMF1	0	0.06561814421003599	1	Is_intergenic	1.4190155792552945	1.4190155792552945
rs9889137	LMF1	0	0.06561814421003599	2	MAF	-1.3450180491964963	1.3450180491964963
rs9889137	LMF1	0	0.06561814421003599	3	Biotype_count	1.1689409965716393	1.1689409965716393
rs9889137	LMF1	0	0.06561814421003599	4	Is_intronic	-1.0050153992571766	1.0050153992571766
rs9889137	LMF1	0	0.06561814421003599	5	Has_MODIFIER_impact	-0.6259454180791647	0.6259454180791647
rs9889137	LMF1	0	0.06561814421003599	6	CI_width	0.40007068573596394	0.40007068573596394
rs9889137	LMF1	0	0.06561814421003599	7	MR_MEGA_Association_P	0.22487313377449367	0.22487313377449367
rs9889137	LMF1	0	0.06561814421003599	8	Gene_count	-0.22113082022415878	0.22113082022415878
rs9889137	LMF1	0	0.06561814421003599	9	log_OR	-0.19575243191182248	0.19575243191182248
rs9889137	LMF1	0	0.06561814421003599	10	Effective_Sample_Size	-0.19227235001511542	0.19227235001511542
rs72802365	CTRB2	0	0.7902854038434188	1	Is_intronic	1.4462416721017908	1.4462416721017908
rs72802365	CTRB2	0	0.7902854038434188	2	Is_intergenic	1.4190155792552945	1.4190155792552945
rs72802365	CTRB2	0	0.7902854038434188	3	MAF	0.9119376220096487	0.9119376220096487
rs72802365	CTRB2	0	0.7902854038434188	4	Has_MODIFIER_impact	-0.6259454180791647	0.6259454180791647
rs72802365	CTRB2	0	0.7902854038434188	5	neg_log10_P	-0.5521296477267196	0.5521296477267196
rs72802365	CTRB2	0	0.7902854038434188	6	Biotype_count	0.3948078862592953	0.3948078862592953
rs72802365	CTRB2	0	0.7902854038434188	7	log_OR	0.37325458839756526	0.37325458839756526
rs72802365	CTRB2	0	0.7902854038434188	8	Risk_Allele_Frequency	0.31898021240382857	0.31898021240382857
rs72802365	CTRB2	0	0.7902854038434188	9	MR_MEGA_Association_P	0.27906355970561825	0.27906355970561825
rs72802365	CTRB2	0	0.7902854038434188	10	CI_lower	0.24129981021400343	0.24129981021400343
rs7080579	SEC24C	0	0.630559234402254	1	Biotype_count	1.9430741068839834	1.9430741068839834
rs7080579	SEC24C	0	0.630559234402254	2	Is_intronic	1.4462416721017908	1.4462416721017908
rs7080579	SEC24C	0	0.630559234402254	3	Is_intergenic	1.4190155792552945	1.4190155792552945
rs7080579	SEC24C	0	0.630559234402254	4	MAF	-1.3467779044269421	1.3467779044269421
rs7080579	SEC24C	0	0.630559234402254	5	Has_MODIFIER_impact	-0.6259454180791647	0.6259454180791647
rs7080579	SEC24C	0	0.630559234402254	6	CI_width	0.37141232715888634	0.37141232715888634
rs7080579	SEC24C	0	0.630559234402254	7	MR_MEGA_Association_P	0.2621584121769143	0.2621584121769143
rs7080579	SEC24C	0	0.630559234402254	8	Gene_count	-0.22113082022415878	0.22113082022415878
rs7080579	SEC24C	0	0.630559234402254	9	Effective_Sample_Size	-0.20156470465044213	0.20156470465044213
rs7080579	SEC24C	0	0.630559234402254	10	log_OR	-0.18427189746796718	0.18427189746796718
rs7167984	AC112693.1	0	0.44585453903142125	1	Is_intronic	1.4462416721017908	1.4462416721017908
rs7167984	AC112693.1	0	0.44585453903142125	2	Is_intergenic	1.4190155792552945	1.4190155792552945
rs7167984	AC112693.1	0	0.44585453903142125	3	Has_MODIFIER_impact	-0.6259454180791647	0.6259454180791647
rs7167984	AC112693.1	0	0.44585453903142125	4	Biotype_count	-0.3793252240530487	0.3793252240530487
rs7167984	AC112693.1	0	0.44585453903142125	5	CI_width	0.3140956100047367	0.3140956100047367
rs7167984	AC112693.1	0	0.44585453903142125	6	MR_MEGA_Association_P	0.27906355970561775	0.27906355970561775
rs7167984	AC112693.1	0	0.44585453903142125	7	Effective_Sample_Size	-0.19951566531146242	0.19951566531146242
rs7167984	AC112693.1	0	0.44585453903142125	8	Risk_Allele_Frequency	0.19866151585395575	0.19866151585395575
rs7167984	AC112693.1	0	0.44585453903142125	9	Is_upstream	-0.1703277172535689	0.1703277172535689
rs7167984	AC112693.1	0	0.44585453903142125	10	Has_LOW_impact	-0.15772961766600233	0.15772961766600233
rs2279440	SETD5	0	0.8976813212847541	1	Biotype_count	1.9430741068839834	1.9430741068839834
rs2279440	SETD5	0	0.8976813212847541	2	Is_3UTR	1.870845748233353	1.870845748233353
rs2279440	SETD5	0	0.8976813212847541	3	Is_intergenic	1.4190155792552945	1.4190155792552945
rs2279440	SETD5	0	0.8976813212847541	4	Is_intronic	-1.0050153992571766	1.0050153992571766
rs2279440	SETD5	0	0.8976813212847541	5	Has_MODIFIER_impact	-0.6259454180791647	0.6259454180791647
rs2279440	SETD5	0	0.8976813212847541	6	MAF	0.46475840795328766	0.46475840795328766
rs2279440	SETD5	0	0.8976813212847541	7	MR_MEGA_Association_P	0.2790634446696173	0.2790634446696173
rs2279440	SETD5	0	0.8976813212847541	8	CI_width	0.2567788928505928	0.2567788928505928
rs2279440	SETD5	0	0.8976813212847541	9	Risk_Allele_Frequency	-0.24962947319303955	0.24962947319303955
rs2279440	SETD5	0	0.8976813212847541	10	Effective_Sample_Size	-0.19991877085729215	0.19991877085729215
rs11961408	HLA-B	0	0.0013514546282016743	1	Is_intergenic	-5.67606231702118	5.67606231702118
rs11961408	HLA-B	0	0.0013514546282016743	2	Is_intronic	1.4462416721017908	1.4462416721017908
rs11961408	HLA-B	0	0.0013514546282016743	3	Has_MODIFIER_impact	-0.6259454180791647	0.6259454180791647
rs11961408	HLA-B	0	0.0013514546282016743	4	Biotype_count	0.3948078862592953	0.3948078862592953
rs11961408	HLA-B	0	0.0013514546282016743	5	CI_width	0.37141232715888634	0.37141232715888634
rs11961408	HLA-B	0	0.0013514546282016743	6	MAF	-0.36636255554540403	0.36636255554540403
rs11961408	HLA-B	0	0.0013514546282016743	7	MR_MEGA_Association_P	0.27906355961503015	0.27906355961503015
rs11961408	HLA-B	0	0.0013514546282016743	8	Transcript_count	0.17881159528257984	0.17881159528257984
rs11961408	HLA-B	0	0.0013514546282016743	9	SE_log_OR	-0.17208237276051014	0.17208237276051014
rs11961408	HLA-B	0	0.0013514546282016743	10	Effective_Sample_Size	-0.16485129852140132	0.16485129852140132
rs7115190	WT1	0	0.03907828017193868	1	Is_intergenic	1.4190155792552945	1.4190155792552945
rs7115190	WT1	0	0.03907828017193868	2	MAF	-1.3098209445875735	1.3098209445875735
rs7115190	WT1	0	0.03907828017193868	3	Is_intronic	-1.0050153992571766	1.0050153992571766
rs7115190	WT1	0	0.03907828017193868	4	Has_MODIFIER_impact	-0.6259454180791647	0.6259454180791647
rs7115190	WT1	0	0.03907828017193868	5	Biotype_count	0.3948078862592953	0.3948078862592953
rs7115190	WT1	0	0.03907828017193868	6	CI_width	0.371412327158892	0.371412327158892
rs7115190	WT1	0	0.03907828017193868	7	MR_MEGA_Association_P	0.2790017834428504	0.2790017834428504
rs7115190	WT1	0	0.03907828017193868	8	Effective_Sample_Size	-0.19882921934017175	0.19882921934017175
rs7115190	WT1	0	0.03907828017193868	9	SE_log_OR	-0.17113030639387286	0.17113030639387286
rs7115190	WT1	0	0.03907828017193868	10	Is_upstream	-0.1703277172535689	0.1703277172535689
rs5215	KCNJ11	1	0.3736298210790948	1	Is_intronic	1.4462416721017908	1.4462416721017908
rs5215	KCNJ11	1	0.3736298210790948	2	Is_intergenic	1.4190155792552945	1.4190155792552945
rs5215	KCNJ11	1	0.3736298210790948	3	Biotype_count	1.1689409965716393	1.1689409965716393
rs5215	KCNJ11	1	0.3736298210790948	4	neg_log10_P	-0.9296361403015703	0.9296361403015703
rs5215	KCNJ11	1	0.3736298210790948	5	MAF	-0.800049546168345	0.800049546168345
rs5215	KCNJ11	1	0.3736298210790948	6	Has_MODIFIER_impact	-0.6259454180791647	0.6259454180791647
rs5215	KCNJ11	1	0.3736298210790948	7	CI_width	0.40007068573596394	0.40007068573596394
rs5215	KCNJ11	1	0.3736298210790948	8	MR_MEGA_Association_P	0.27906355970561825	0.27906355970561825
rs5215	KCNJ11	1	0.3736298210790948	9	Gene_count	-0.22113082022415878	0.22113082022415878
rs5215	KCNJ11	1	0.3736298210790948	10	SE_log_OR	-0.1937420566673346	0.1937420566673346
rs740746		0	0.004581905035957961	1	Is_intergenic	-5.67606231702118	5.67606231702118
rs740746		0	0.004581905035957961	2	Has_MODIFIER_impact	2.5037816723166606	2.5037816723166606
rs740746		0	0.004581905035957961	3	Is_intronic	1.4462416721017908	1.4462416721017908
rs740746		0	0.004581905035957961	4	Biotype_count	-1.1534583343653926	1.1534583343653926
rs740746		0	0.004581905035957961	5	CI_width	0.40007068573596394	0.40007068573596394
rs740746		0	0.004581905035957961	6	MAF	-0.3090499368738751	0.3090499368738751
rs740746		0	0.004581905035957961	7	Gene_count	0.23480901528957066	0.23480901528957066
rs740746		0	0.004581905035957961	8	log_OR	-0.20150115175553254	0.20150115175553254
rs740746		0	0.004581905035957961	9	Effective_Sample_Size	-0.198863885710117	0.198863885710117
rs740746		0	0.004581905035957961	10	SE_log_OR	-0.1850541509280382	0.1850541509280382
rs34885433	SLCO4A1	0	0.03912052369703514	1	Is_intergenic	1.4190155792552945	1.4190155792552945
rs34885433	SLCO4A1	0	0.03912052369703514	2	MAF	-1.296856677723287	1.296856677723287
rs34885433	SLCO4A1	0	0.03912052369703514	3	Is_intronic	-1.0050153992571766	1.0050153992571766
rs34885433	SLCO4A1	0	0.03912052369703514	4	Has_MODIFIER_impact	-0.6259454180791647	0.6259454180791647
rs34885433	SLCO4A1	0	0.03912052369703514	5	Biotype_count	0.3948078862592953	0.3948078862592953
rs34885433	SLCO4A1	0	0.03912052369703514	6	CI_width	0.37141232715888634	0.37141232715888634
rs34885433	SLCO4A1	0	0.03912052369703514	7	MR_MEGA_Association_P	0.2790635597049239	0.2790635597049239
rs34885433	SLCO4A1	0	0.03912052369703514	8	Gene_count	-0.22113082022415878	0.22113082022415878
rs34885433	SLCO4A1	0	0.03912052369703514	9	SE_log_OR	-0.17246061482631245	0.17246061482631245
rs34885433	SLCO4A1	0	0.03912052369703514	10	Has_LOW_impact	-0.15772961766600233	0.15772961766600233
rs10848958		0	0.02039825717352984	1	Is_intergenic	-5.67606231702118	5.67606231702118
rs10848958		0	0.02039825717352984	2	Has_MODIFIER_impact	2.5037816723166606	2.5037816723166606
rs10848958		0	0.02039825717352984	3	Is_intronic	1.4462416721017908	1.4462416721017908
rs10848958		0	0.02039825717352984	4	Biotype_count	-1.1534583343653926	1.1534583343653926
rs10848958		0	0.02039825717352984	5	MAF	0.463174538245886	0.463174538245886
rs10848958		0	0.02039825717352984	6	MR_MEGA_Association_P	0.27906038685488416	0.27906038685488416
rs10848958		0	0.02039825717352984	7	Risk_Allele_Frequency	0.2651219310342249	0.2651219310342249
rs10848958		0	0.02039825717352984	8	Gene_count	0.23480901528957066	0.23480901528957066
rs10848958		0	0.02039825717352984	9	CI_width	0.22812053427351517	0.22812053427351517
rs10848958		0	0.02039825717352984	10	Effective_Sample_Size	-0.19309769713151673	0.19309769713151673
rs145678014	QSER1	0	0.5033028304720638	1	Is_intergenic	1.4190155792552945	1.4190155792552945
rs145678014	QSER1	0	0.5033028304720638	2	MAF	1.064106437602224	1.064106437602224
rs145678014	QSER1	0	0.5033028304720638	3	Is_intronic	-1.0050153992571766	1.0050153992571766
rs145678014	QSER1	0	0.5033028304720638	4	Has_MODIFIER_impact	-0.6259454180791647	0.6259454180791647
rs145678014	QSER1	0	0.5033028304720638	5	Biotype_count	0.3948078862592953	0.3948078862592953
rs145678014	QSER1	0	0.5033028304720638	6	CI_width	-0.3737049958450529	0.3737049958450529
rs145678014	QSER1	0	0.5033028304720638	7	Effective_Sample_Size	0.3442231893661067	0.3442231893661067
rs145678014	QSER1	0	0.5033028304720638	8	Risk_Allele_Frequency	0.337242745981966	0.337242745981966
rs145678014	QSER1	0	0.5033028304720638	9	MR_MEGA_Association_P	0.2790635597053563	0.2790635597053563
rs145678014	QSER1	0	0.5033028304720638	10	log_OR	0.2200685392906197	0.2200685392906197
rs2237442	GRB10	0	0.04114234590005979	1	Is_intergenic	1.4190155792552945	1.4190155792552945
rs2237442	GRB10	0	0.04114234590005979	2	Is_intronic	-1.0050153992571766	1.0050153992571766
rs2237442	GRB10	0	0.04114234590005979	3	MAF	-0.6939302757724428	0.6939302757724428
rs2237442	GRB10	0	0.04114234590005979	4	Has_MODIFIER_impact	-0.6259454180791647	0.6259454180791647
rs2237442	GRB10	0	0.04114234590005979	5	CI_width	0.40007068573596394	0.40007068573596394
rs2237442	GRB10	0	0.04114234590005979	6	Biotype_count	-0.3793252240530487	0.3793252240530487
rs2237442	GRB10	0	0.04114234590005979	7	MR_MEGA_Association_P	0.2781934055353381	0.2781934055353381
rs2237442	GRB10	0	0.04114234590005979	8	Effective_Sample_Size	-0.20327316045546512	0.20327316045546512
rs2237442	GRB10	0	0.04114234590005979	9	SE_log_OR	-0.18576689296570498	0.18576689296570498
rs2237442	GRB10	0	0.04114234590005979	10	log_OR	-0.17854006079830334	0.17854006079830334
rs138878099		0	0.03053092424614522	1	Is_intergenic	-5.67606231702118	5.67606231702118
rs138878099		0	0.03053092424614522	2	Has_MODIFIER_impact	2.5037816723166606	2.5037816723166606
rs138878099		0	0.03053092424614522	3	Is_intronic	1.4462416721017908	1.4462416721017908
rs138878099		0	0.03053092424614522	4	Biotype_count	-1.1534583343653926	1.1534583343653926
rs138878099		0	0.03053092424614522	5	MAF	1.117782022130831	1.117782022130831
rs138878099		0	0.03053092424614522	6	CI_width	-0.6029718644616568	0.6029718644616568
rs138878099		0	0.03053092424614522	7	Effective_Sample_Size	0.40412910398458196	0.40412910398458196
rs138878099		0	0.03053092424614522	8	Risk_Allele_Frequency	-0.32800207295858574	0.32800207295858574
rs138878099		0	0.03053092424614522	9	SE_log_OR	0.29997633305380034	0.29997633305380034
rs138878099		0	0.03053092424614522	10	MR_MEGA_Association_P	0.2786120293364195	0.2786120293364195
rs12713597	ETAA1	0	0.2607047628631493	1	Is_intronic	1.4462416721017908	1.4462416721017908
rs12713597	ETAA1	0	0.2607047628631493	2	Is_intergenic	1.4190155792552945	1.4190155792552945
rs12713597	ETAA1	0	0.2607047628631493	3	MAF	-0.699151179622767	0.699151179622767
rs12713597	ETAA1	0	0.2607047628631493	4	Has_MODIFIER_impact	-0.6259454180791647	0.6259454180791647
rs12713597	ETAA1	0	0.2607047628631493	5	CI_width	0.40007068573596394	0.40007068573596394
rs12713597	ETAA1	0	0.2607047628631493	6	Biotype_count	-0.3793252240530487	0.3793252240530487
rs12713597	ETAA1	0	0.2607047628631493	7	MR_MEGA_Association_P	0.278800863734264	0.278800863734264
rs12713597	ETAA1	0	0.2607047628631493	8	Effective_Sample_Size	-0.20327316045546512	0.20327316045546512
rs12713597	ETAA1	0	0.2607047628631493	9	SE_log_OR	-0.18612117580122378	0.18612117580122378
rs12713597	ETAA1	0	0.2607047628631493	10	Is_upstream	-0.1703277172535689	0.1703277172535689
rs62483173	ARF5	0	0.10708802516635325	1	Biotype_count	1.9430741068839834	1.9430741068839834
rs62483173	ARF5	0	0.10708802516635325	2	Is_intergenic	1.4190155792552945	1.4190155792552945
rs62483173	ARF5	0	0.10708802516635325	3	MAF	-1.3321124441732244	1.3321124441732244
rs62483173	ARF5	0	0.10708802516635325	4	Is_intronic	-1.0050153992571766	1.0050153992571766
rs62483173	ARF5	0	0.10708802516635325	5	Has_MODIFIER_impact	-0.6259454180791647	0.6259454180791647
rs62483173	ARF5	0	0.10708802516635325	6	Gene_count	-0.44910073798102357	0.44910073798102357
rs62483173	ARF5	0	0.10708802516635325	7	CI_width	0.40007068573596394	0.40007068573596394
rs62483173	ARF5	0	0.10708802516635325	8	MR_MEGA_Association_P	0.27906355970561797	0.27906355970561797
rs62483173	ARF5	0	0.10708802516635325	9	Effective_Sample_Size	-0.19735642886448504	0.19735642886448504
rs62483173	ARF5	0	0.10708802516635325	10	SE_log_OR	-0.18612117580122378	0.18612117580122378
rs28691713	PIM3	0	0.036237149493032264	1	MAF	-1.5190090696466032	1.5190090696466032
rs28691713	PIM3	0	0.036237149493032264	2	Is_intergenic	1.4190155792552945	1.4190155792552945
rs28691713	PIM3	0	0.036237149493032264	3	Is_intronic	-1.0050153992571766	1.0050153992571766
rs28691713	PIM3	0	0.036237149493032264	4	Has_MODIFIER_impact	-0.6259454180791647	0.6259454180791647
rs28691713	PIM3	0	0.036237149493032264	5	CI_width	0.40007068573596394	0.40007068573596394
rs28691713	PIM3	0	0.036237149493032264	6	Biotype_count	0.3948078862592953	0.3948078862592953
rs28691713	PIM3	0	0.036237149493032264	7	MR_MEGA_Association_P	0.27906355970561825	0.27906355970561825
rs28691713	PIM3	0	0.036237149493032264	8	SE_log_OR	-0.18839070300408214	0.18839070300408214
rs28691713	PIM3	0	0.036237149493032264	9	Effective_Sample_Size	-0.18044503769825068	0.18044503769825068
rs28691713	PIM3	0	0.036237149493032264	10	Has_LOW_impact	-0.15772961766600233	0.15772961766600233
rs12001437		0	0.003081814736474494	1	Is_regulatory	-7.046697758576222	7.046697758576222
rs12001437		0	0.003081814736474494	2	Has_MODIFIER_impact	2.5037816723166606	2.5037816723166606
rs12001437		0	0.003081814736474494	3	Is_intronic	1.4462416721017908	1.4462416721017908
rs12001437		0	0.003081814736474494	4	Is_intergenic	1.4190155792552945	1.4190155792552945
rs12001437		0	0.003081814736474494	5	MAF	-1.1622277525941584	1.1622277525941584
rs12001437		0	0.003081814736474494	6	Biotype_count	-1.1534583343653926	1.1534583343653926
rs12001437		0	0.003081814736474494	7	CI_width	0.4287290443130359	0.4287290443130359
rs12001437		0	0.003081814736474494	8	MR_MEGA_Association_P	0.27906355970561825	0.27906355970561825
rs12001437		0	0.003081814736474494	9	Gene_count	0.23480901528957066	0.23480901528957066
rs12001437		0	0.003081814736474494	10	SE_log_OR	-0.20257385966783603	0.20257385966783603
rs117064493	LUC7L	0	0.7938510448647598	1	Biotype_count	1.9430741068839834	1.9430741068839834
rs117064493	LUC7L	0	0.7938510448647598	2	Is_intergenic	1.4190155792552945	1.4190155792552945
rs117064493	LUC7L	0	0.7938510448647598	3	MAF	1.1153182248082065	1.1153182248082065
rs117064493	LUC7L	0	0.7938510448647598	4	Is_intronic	-1.0050153992571766	1.0050153992571766
rs117064493	LUC7L	0	0.7938510448647598	5	Has_MODIFIER_impact	-0.6259454180791647	0.6259454180791647
rs117064493	LUC7L	0	0.7938510448647598	6	CI_width	-0.5456551473075074	0.5456551473075074
rs117064493	LUC7L	0	0.7938510448647598	7	Effective_Sample_Size	0.42601192597276316	0.42601192597276316
rs117064493	LUC7L	0	0.7938510448647598	8	Risk_Allele_Frequency	0.3433889263264973	0.3433889263264973
rs117064493	LUC7L	0	0.7938510448647598	9	SE_log_OR	0.2817163498991802	0.2817163498991802
rs117064493	LUC7L	0	0.7938510448647598	10	Is_upstream	-0.1703277172535689	0.1703277172535689
rs142395395		0	0.07521266312790907	1	Is_intergenic	-5.67606231702118	5.67606231702118
rs142395395		0	0.07521266312790907	2	Has_MODIFIER_impact	2.5037816723166606	2.5037816723166606
rs142395395		0	0.07521266312790907	3	CI_width	-2.121864869046613	2.121864869046613
rs142395395		0	0.07521266312790907	4	Is_intronic	1.4462416721017908	1.4462416721017908
rs142395395		0	0.07521266312790907	5	MAF	1.187941583984617	1.187941583984617
rs142395395		0	0.07521266312790907	6	Biotype_count	-1.1534583343653926	1.1534583343653926
rs142395395		0	0.07521266312790907	7	Effective_Sample_Size	1.1400599868630692	1.1400599868630692
rs142395395		0	0.07521266312790907	8	log_OR	1.0935057149607634	1.0935057149607634
rs142395395		0	0.07521266312790907	9	SE_log_OR	0.8489000053164355	0.8489000053164355
rs142395395		0	0.07521266312790907	10	CI_upper	-0.6937550157649519	0.6937550157649519
rs4132228	ADAMTS9-AS2	0	0.025513614772928944	1	Is_intergenic	1.4190155792552945	1.4190155792552945
rs4132228	ADAMTS9-AS2	0	0.025513614772928944	2	MAF	-1.1478556015455144	1.1478556015455144
rs4132228	ADAMTS9-AS2	0	0.025513614772928944	3	Is_intronic	-1.0050153992571766	1.0050153992571766
rs4132228	ADAMTS9-AS2	0	0.025513614772928944	4	Has_MODIFIER_impact	-0.6259454180791647	0.6259454180791647
rs4132228	ADAMTS9-AS2	0	0.025513614772928944	5	Biotype_count	-0.3793252240530487	0.3793252240530487
rs4132228	ADAMTS9-AS2	0	0.025513614772928944	6	CI_width	0.37141232715888634	0.37141232715888634
rs4132228	ADAMTS9-AS2	0	0.025513614772928944	7	MR_MEGA_Association_P	0.27906355970561825	0.27906355970561825
rs4132228	ADAMTS9-AS2	0	0.025513614772928944	8	Effective_Sample_Size	-0.19123869831411403	0.19123869831411403
rs4132228	ADAMTS9-AS2	0	0.025513614772928944	9	SE_log_OR	-0.17283739290737954	0.17283739290737954
rs4132228	ADAMTS9-AS2	0	0.025513614772928944	10	Has_LOW_impact	-0.15772961766600233	0.15772961766600233
rs78086284	SLC30A8	0	0.2905074228286513	1	Is_intergenic	1.4190155792552945	1.4190155792552945
rs78086284	SLC30A8	0	0.2905074228286513	2	Biotype_count	1.1689409965716393	1.1689409965716393
rs78086284	SLC30A8	0	0.2905074228286513	3	MAF	1.0935546817916895	1.0935546817916895
rs78086284	SLC30A8	0	0.2905074228286513	4	Is_intronic	-1.0050153992571766	1.0050153992571766
rs78086284	SLC30A8	0	0.2905074228286513	5	MR_MEGA_Association_P	-0.9928576179151564	0.9928576179151564
rs78086284	SLC30A8	0	0.2905074228286513	6	Has_MODIFIER_impact	-0.6259454180791647	0.6259454180791647
rs78086284	SLC30A8	0	0.2905074228286513	7	CI_width	-0.5456551473075074	0.5456551473075074
rs78086284	SLC30A8	0	0.2905074228286513	8	Effective_Sample_Size	0.3900454375385205	0.3900454375385205
rs78086284	SLC30A8	0	0.2905074228286513	9	Risk_Allele_Frequency	0.34077697568752696	0.34077697568752696
rs78086284	SLC30A8	0	0.2905074228286513	10	SE_log_OR	0.284148439037745	0.284148439037745
rs1012311	SLC8A1	0	0.07743343222233354	1	Is_intergenic	1.4190155792552945	1.4190155792552945
rs1012311	SLC8A1	0	0.07743343222233354	2	Biotype_count	1.1689409965716393	1.1689409965716393
rs1012311	SLC8A1	0	0.07743343222233354	3	Is_intronic	-1.0050153992571766	1.0050153992571766
rs1012311	SLC8A1	0	0.07743343222233354	4	MR_MEGA_Association_P	-0.8652779030296965	0.8652779030296965
rs1012311	SLC8A1	0	0.07743343222233354	5	Has_MODIFIER_impact	-0.6259454180791647	0.6259454180791647
rs1012311	SLC8A1	0	0.07743343222233354	6	CI_width	0.28543725142766474	0.28543725142766474
rs1012311	SLC8A1	0	0.07743343222233354	7	Gene_count	-0.22113082022415878	0.22113082022415878
rs1012311	SLC8A1	0	0.07743343222233354	8	Transcript_count	0.20833469852131065	0.20833469852131065
rs1012311	SLC8A1	0	0.07743343222233354	9	Effective_Sample_Size	-0.20327316045546512	0.20327316045546512
rs1012311	SLC8A1	0	0.07743343222233354	10	Risk_Allele_Frequency	-0.1952572500535037	0.1952572500535037
rs72846863	RP1-90K10.4	0	0.2035874974141009	1	Is_intergenic	1.4190155792552945	1.4190155792552945
rs72846863	RP1-90K10.4	0	0.2035874974141009	2	Is_intronic	-1.0050153992571766	1.0050153992571766
rs72846863	RP1-90K10.4	0	0.2035874974141009	3	MAF	0.6457888493251794	0.6457888493251794
rs72846863	RP1-90K10.4	0	0.2035874974141009	4	Has_MODIFIER_impact	-0.6259454180791647	0.6259454180791647
rs72846863	RP1-90K10.4	0	0.2035874974141009	5	Biotype_count	-0.3793252240530487	0.3793252240530487
rs72846863	RP1-90K10.4	0	0.2035874974141009	6	Risk_Allele_Frequency	0.2870383793876335	0.2870383793876335
rs72846863	RP1-90K10.4	0	0.2035874974141009	7	MR_MEGA_Association_P	0.24599293541872985	0.24599293541872985
rs72846863	RP1-90K10.4	0	0.2035874974141009	8	CI_width	0.17080381711936551	0.17080381711936551
rs72846863	RP1-90K10.4	0	0.2035874974141009	9	Has_LOW_impact	-0.15772961766600233	0.15772961766600233
rs72846863	RP1-90K10.4	0	0.2035874974141009	10	log_OR	-0.1556686618311719	0.1556686618311719
rs10849094	DYRK4	0	0.41158012468588817	1	Biotype_count	1.9430741068839834	1.9430741068839834
rs10849094	DYRK4	0	0.41158012468588817	2	Is_intergenic	1.4190155792552945	1.4190155792552945
rs10849094	DYRK4	0	0.41158012468588817	3	Is_intronic	-1.0050153992571766	1.0050153992571766
rs10849094	DYRK4	0	0.41158012468588817	4	MAF	0.8783243871081279	0.8783243871081279
rs10849094	DYRK4	0	0.41158012468588817	5	MR_MEGA_Association_P	-0.8011529125460176	0.8011529125460176
rs10849094	DYRK4	0	0.41158012468588817	6	Has_MODIFIER_impact	-0.6259454180791647	0.6259454180791647
rs10849094	DYRK4	0	0.41158012468588817	7	Risk_Allele_Frequency	0.31494612152477197	0.31494612152477197
rs10849094	DYRK4	0	0.41158012468588817	8	Effective_Sample_Size	-0.19985089924244323	0.19985089924244323
rs10849094	DYRK4	0	0.41158012468588817	9	Is_upstream	-0.1703277172535689	0.1703277172535689
rs10849094	DYRK4	0	0.41158012468588817	10	log_OR	-0.16709319363236078	0.16709319363236078
rs17168605		0	0.01749501735373424	1	Is_intergenic	-5.67606231702118	5.67606231702118
rs17168605		0	0.01749501735373424	2	Has_MODIFIER_impact	2.5037816723166606	2.5037816723166606
rs17168605		0	0.01749501735373424	3	Is_intronic	1.4462416721017908	1.4462416721017908
rs17168605		0	0.01749501735373424	4	Biotype_count	-1.1534583343653926	1.1534583343653926
rs17168605		0	0.01749501735373424	5	MAF	0.9287149085399018	0.9287149085399018
rs17168605		0	0.01749501735373424	6	Risk_Allele_Frequency	-0.3053111918011697	0.3053111918011697
rs17168605		0	0.01749501735373424	7	MR_MEGA_Association_P	0.27878209557219047	0.27878209557219047
rs17168605		0	0.01749501735373424	8	Gene_count	0.23480901528957066	0.23480901528957066
rs17168605		0	0.01749501735373424	9	Effective_Sample_Size	-0.1694248555678296	0.1694248555678296
rs17168605		0	0.01749501735373424	10	Has_LOW_impact	-0.15772961766600233	0.15772961766600233
rs2247326	SLC14A2	0	0.047717260820985104	1	Is_intergenic	1.4190155792552945	1.4190155792552945
rs2247326	SLC14A2	0	0.047717260820985104	2	Is_intronic	-1.0050153992571766	1.0050153992571766
rs2247326	SLC14A2	0	0.047717260820985104	3	MAF	-0.6423078556793572	0.6423078556793572
rs2247326	SLC14A2	0	0.047717260820985104	4	Has_MODIFIER_impact	-0.6259454180791647	0.6259454180791647
rs2247326	SLC14A2	0	0.047717260820985104	5	Biotype_count	-0.3793252240530487	0.3793252240530487
rs2247326	SLC14A2	0	0.047717260820985104	6	CI_width	0.371412327158892	0.371412327158892
rs2247326	SLC14A2	0	0.047717260820985104	7	MR_MEGA_Association_P	0.2771463014451352	0.2771463014451352
rs2247326	SLC14A2	0	0.047717260820985104	8	Effective_Sample_Size	-0.2016272266623151	0.2016272266623151
rs2247326	SLC14A2	0	0.047717260820985104	9	SE_log_OR	-0.17113030639387286	0.17113030639387286
rs2247326	SLC14A2	0	0.047717260820985104	10	log_OR	-0.16709319363236078	0.16709319363236078
rs77355428	KCNQ1DN	0	0.8617333017692953	1	CI_width	-2.0072314347383196	2.0072314347383196
rs77355428	KCNQ1DN	0	0.8617333017692953	2	Is_intronic	1.4462416721017908	1.4462416721017908
rs77355428	KCNQ1DN	0	0.8617333017692953	3	Is_intergenic	1.4190155792552945	1.4190155792552945
rs77355428	KCNQ1DN	0	0.8617333017692953	4	MAF	1.1969755075009072	1.1969755075009072
rs77355428	KCNQ1DN	0	0.8617333017692953	5	Effective_Sample_Size	0.9405667639609193	0.9405667639609193
rs77355428	KCNQ1DN	0	0.8617333017692953	6	SE_log_OR	0.8946140017019516	0.8946140017019516
rs77355428	KCNQ1DN	0	0.8617333017692953	7	log_OR	0.6382812707860811	0.6382812707860811
rs77355428	KCNQ1DN	0	0.8617333017692953	8	Has_MODIFIER_impact	-0.6259454180791647	0.6259454180791647
rs77355428	KCNQ1DN	0	0.8617333017692953	9	CI_upper	-0.42774886298923714	0.42774886298923714
rs77355428	KCNQ1DN	0	0.8617333017692953	10	Biotype_count	-0.3793252240530487	0.3793252240530487
rs56745821	RP11-524F11.2	0	0.007411591456871009	1	MR_MEGA_Association_P	-1.5724434741820625	1.5724434741820625
rs56745821	RP11-524F11.2	0	0.007411591456871009	2	Is_intergenic	1.4190155792552945	1.4190155792552945
rs56745821	RP11-524F11.2	0	0.007411591456871009	3	Is_intronic	-1.0050153992571766	1.0050153992571766
rs56745821	RP11-524F11.2	0	0.007411591456871009	4	Has_MODIFIER_impact	-0.6259454180791647	0.6259454180791647
rs56745821	RP11-524F11.2	0	0.007411591456871009	5	MAF	-0.40953767053234924	0.40953767053234924
rs56745821	RP11-524F11.2	0	0.007411591456871009	6	Biotype_count	-0.3793252240530487	0.3793252240530487
rs56745821	RP11-524F11.2	0	0.007411591456871009	7	CI_width	0.371412327158892	0.371412327158892
rs56745821	RP11-524F11.2	0	0.007411591456871009	8	log_OR	-0.2187812548751579	0.2187812548751579
rs56745821	RP11-524F11.2	0	0.007411591456871009	9	Effective_Sample_Size	-0.19882921934017175	0.19882921934017175
rs56745821	RP11-524F11.2	0	0.007411591456871009	10	SE_log_OR	-0.1691980187527289	0.1691980187527289
rs2624847	RP11-493K19.3	0	0.06008483851841013	1	Is_intergenic	1.4190155792552945	1.4190155792552945
rs2624847	RP11-493K19.3	0	0.06008483851841013	2	Is_intronic	-1.0050153992571766	1.0050153992571766
rs2624847	RP11-493K19.3	0	0.06008483851841013	3	Has_MODIFIER_impact	-0.6259454180791647	0.6259454180791647
rs2624847	RP11-493K19.3	0	0.06008483851841013	4	Biotype_count	-0.3793252240530487	0.3793252240530487
rs2624847	RP11-493K19.3	0	0.06008483851841013	5	CI_width	0.3427539685818144	0.3427539685818144
rs2624847	RP11-493K19.3	0	0.06008483851841013	6	MR_MEGA_Association_P	0.27906300059977324	0.27906300059977324
rs2624847	RP11-493K19.3	0	0.06008483851841013	7	Effective_Sample_Size	-0.19283705127727113	0.19283705127727113
rs2624847	RP11-493K19.3	0	0.06008483851841013	8	Risk_Allele_Frequency	-0.18610486236978022	0.18610486236978022
rs2624847	RP11-493K19.3	0	0.06008483851841013	9	Has_LOW_impact	-0.15772961766600233	0.15772961766600233
rs2624847	RP11-493K19.3	0	0.06008483851841013	10	SE_log_OR	-0.15676975249136388	0.15676975249136388
rs8179	CDK6	0	0.6016986250711165	1	Is_3UTR	1.870845748233353	1.870845748233353
rs8179	CDK6	0	0.6016986250711165	2	MR_MEGA_Association_P	-1.8533830718145277	1.8533830718145277
rs8179	CDK6	0	0.6016986250711165	3	Is_intronic	1.4462416721017908	1.4462416721017908
rs8179	CDK6	0	0.6016986250711165	4	Is_intergenic	1.4190155792552945	1.4190155792552945
rs8179	CDK6	0	0.6016986250711165	5	Has_MODIFIER_impact	-0.6259454180791647	0.6259454180791647
rs8179	CDK6	0	0.6016986250711165	6	Biotype_count	-0.3793252240530487	0.3793252240530487
rs8179	CDK6	0	0.6016986250711165	7	MAF	0.3439736773036683	0.3439736773036683
rs8179	CDK6	0	0.6016986250711165	8	CI_width	0.28543725142766474	0.28543725142766474
rs8179	CDK6	0	0.6016986250711165	9	Risk_Allele_Frequency	0.2508160450547432	0.2508160450547432
rs8179	CDK6	0	0.6016986250711165	10	Effective_Sample_Size	-0.198863885710117	0.198863885710117
rs2621396		0	0.005167697640065404	1	Is_intergenic	-5.67606231702118	5.67606231702118
rs2621396		0	0.005167697640065404	2	Has_MODIFIER_impact	2.5037816723166606	2.5037816723166606
rs2621396		0	0.005167697640065404	3	Is_intronic	1.4462416721017908	1.4462416721017908
rs2621396		0	0.005167697640065404	4	Biotype_count	-1.1534583343653926	1.1534583343653926
rs2621396		0	0.005167697640065404	5	MAF	-0.4230298939657694	0.4230298939657694
rs2621396		0	0.005167697640065404	6	CI_width	0.40007068573596394	0.40007068573596394
rs2621396		0	0.005167697640065404	7	Gene_count	0.23480901528957066	0.23480901528957066
rs2621396		0	0.005167697640065404	8	log_OR	-0.2072555214476654	0.2072555214476654
rs2621396		0	0.005167697640065404	9	Effective_Sample_Size	-0.19715830502211193	0.19715830502211193
rs2621396		0	0.005167697640065404	10	SE_log_OR	-0.18487508935323832	0.18487508935323832
rs1127215	PTGFRN	0	0.8363798606894849	1	Is_3UTR	1.870845748233353	1.870845748233353
rs1127215	PTGFRN	0	0.8363798606894849	2	Is_intronic	1.4462416721017908	1.4462416721017908
rs1127215	PTGFRN	0	0.8363798606894849	3	Is_intergenic	1.4190155792552945	1.4190155792552945
rs1127215	PTGFRN	0	0.8363798606894849	4	MAF	-0.9922843991740772	0.9922843991740772
rs1127215	PTGFRN	0	0.8363798606894849	5	Has_MODIFIER_impact	-0.6259454180791647	0.6259454180791647
rs1127215	PTGFRN	0	0.8363798606894849	6	CI_width	0.40007068573596394	0.40007068573596394
rs1127215	PTGFRN	0	0.8363798606894849	7	Biotype_count	0.3948078862592953	0.3948078862592953
rs1127215	PTGFRN	0	0.8363798606894849	8	MR_MEGA_Association_P	0.27906355970561825	0.27906355970561825
rs1127215	PTGFRN	0	0.8363798606894849	9	Effective_Sample_Size	-0.2016272266623151	0.2016272266623151
rs1127215	PTGFRN	0	0.8363798606894849	10	SE_log_OR	-0.1887348200862097	0.1887348200862097
rs13135646	NDST3	0	0.02592637372117789	1	Is_intergenic	1.4190155792552945	1.4190155792552945
rs13135646	NDST3	0	0.02592637372117789	2	MR_MEGA_Association_P	-1.0795928161245172	1.0795928161245172
rs13135646	NDST3	0	0.02592637372117789	3	Is_intronic	-1.0050153992571766	1.0050153992571766
rs13135646	NDST3	0	0.02592637372117789	4	Has_MODIFIER_impact	-0.6259454180791647	0.6259454180791647
rs13135646	NDST3	0	0.02592637372117789	5	Biotype_count	-0.3793252240530487	0.3793252240530487
rs13135646	NDST3	0	0.02592637372117789	6	CI_width	0.28543725142766474	0.28543725142766474
rs13135646	NDST3	0	0.02592637372117789	7	Risk_Allele_Frequency	-0.21077406732652426	0.21077406732652426
rs13135646	NDST3	0	0.02592637372117789	8	log_OR	-0.20150115175553254	0.20150115175553254
rs13135646	NDST3	0	0.02592637372117789	9	neg_log10_P	0.1591695747025716	0.1591695747025716
rs13135646	NDST3	0	0.02592637372117789	10	Has_LOW_impact	-0.15772961766600233	0.15772961766600233
rs12418866	OR9Q1	0	0.03405439152924561	1	MAF	-1.4608751852008663	1.4608751852008663
rs12418866	OR9Q1	0	0.03405439152924561	2	Is_intergenic	1.4190155792552945	1.4190155792552945
rs12418866	OR9Q1	0	0.03405439152924561	3	Biotype_count	1.1689409965716393	1.1689409965716393
rs12418866	OR9Q1	0	0.03405439152924561	4	Is_intronic	-1.0050153992571766	1.0050153992571766
rs12418866	OR9Q1	0	0.03405439152924561	5	Has_MODIFIER_impact	-0.6259454180791647	0.6259454180791647
rs12418866	OR9Q1	0	0.03405439152924561	6	Gene_count	-0.44910073798102357	0.44910073798102357
rs12418866	OR9Q1	0	0.03405439152924561	7	CI_width	0.4287290443130359	0.4287290443130359
rs12418866	OR9Q1	0	0.03405439152924561	8	log_OR	-0.2072555214476654	0.2072555214476654
rs12418866	OR9Q1	0	0.03405439152924561	9	SE_log_OR	-0.19998324675501641	0.19998324675501641
rs12418866	OR9Q1	0	0.03405439152924561	10	Effective_Sample_Size	-0.19712076353514882	0.19712076353514882
rs2283205	KCNQ1	0	0.10603480206784908	1	Is_intergenic	1.4190155792552945	1.4190155792552945
rs2283205	KCNQ1	0	0.10603480206784908	2	Is_intronic	-1.0050153992571766	1.0050153992571766
rs2283205	KCNQ1	0	0.10603480206784908	3	Has_MODIFIER_impact	-0.6259454180791647	0.6259454180791647
rs2283205	KCNQ1	0	0.10603480206784908	4	Biotype_count	-0.3793252240530487	0.3793252240530487
rs2283205	KCNQ1	0	0.10603480206784908	5	CI_width	0.3140956100047424	0.3140956100047424
rs2283205	KCNQ1	0	0.10603480206784908	6	MR_MEGA_Association_P	0.25946546609034393	0.25946546609034393
rs2283205	KCNQ1	0	0.10603480206784908	7	log_OR	-0.2419010112350975	0.2419010112350975
rs2283205	KCNQ1	0	0.10603480206784908	8	Risk_Allele_Frequency	0.2329477681768277	0.2329477681768277
rs2283205	KCNQ1	0	0.10603480206784908	9	MAF	0.19508992480792642	0.19508992480792642
rs2283205	KCNQ1	0	0.10603480206784908	10	Effective_Sample_Size	-0.183419134154474	0.183419134154474
rs7870869		0	0.0034384314256334174	1	Is_intergenic	-5.67606231702118	5.67606231702118
rs7870869		0	0.0034384314256334174	2	Has_MODIFIER_impact	2.5037816723166606	2.5037816723166606
rs7870869		0	0.0034384314256334174	3	Is_intronic	1.4462416721017908	1.4462416721017908
rs7870869		0	0.0034384314256334174	4	Biotype_count	-1.1534583343653926	1.1534583343653926
rs7870869		0	0.0034384314256334174	5	MAF	-1.0331130405204274	1.0331130405204274
rs7870869		0	0.0034384314256334174	6	CI_width	0.40007068573596394	0.40007068573596394
rs7870869		0	0.0034384314256334174	7	MR_MEGA_Association_P	0.27906355925978693	0.27906355925978693
rs7870869		0	0.0034384314256334174	8	Gene_count	0.23480901528957066	0.23480901528957066
rs7870869		0	0.0034384314256334174	9	SE_log_OR	-0.18682560573360768	0.18682560573360768
rs7870869		0	0.0034384314256334174	10	Effective_Sample_Size	-0.17947456787204394	0.17947456787204394
rs35632228	LMX1B	0	0.9101372292710633	1	Is_3UTR	1.870845748233353	1.870845748233353
rs35632228	LMX1B	0	0.9101372292710633	2	Is_intronic	1.4462416721017908	1.4462416721017908
rs35632228	LMX1B	0	0.9101372292710633	3	Is_intergenic	1.4190155792552945	1.4190155792552945
rs35632228	LMX1B	0	0.9101372292710633	4	Has_MODIFIER_impact	-0.6259454180791647	0.6259454180791647
rs35632228	LMX1B	0	0.9101372292710633	5	Biotype_count	0.3948078862592953	0.3948078862592953
rs35632228	LMX1B	0	0.9101372292710633	6	CI_width	0.28543725142766474	0.28543725142766474
rs35632228	LMX1B	0	0.9101372292710633	7	MAF	0.2566261960325254	0.2566261960325254
rs35632228	LMX1B	0	0.9101372292710633	8	Risk_Allele_Frequency	-0.22465049511469265	0.22465049511469265
rs35632228	LMX1B	0	0.9101372292710633	9	Gene_count	-0.22113082022415878	0.22113082022415878
rs35632228	LMX1B	0	0.9101372292710633	10	Effective_Sample_Size	-0.19712076353514882	0.19712076353514882
rs9382231		0	0.006106184581775171	1	Is_intergenic	-5.67606231702118	5.67606231702118
rs9382231		0	0.006106184581775171	2	Has_MODIFIER_impact	2.5037816723166606	2.5037816723166606
rs9382231		0	0.006106184581775171	3	Is_intronic	1.4462416721017908	1.4462416721017908
rs9382231		0	0.006106184581775171	4	Biotype_count	-1.1534583343653926	1.1534583343653926
rs9382231		0	0.006106184581775171	5	CI_width	0.3427539685818144	0.3427539685818144
rs9382231		0	0.006106184581775171	6	MAF	-0.33914346131450407	0.33914346131450407
rs9382231		0	0.006106184581775171	7	MR_MEGA_Association_P	0.2647005367989135	0.2647005367989135
rs9382231		0	0.006106184581775171	8	Gene_count	0.23480901528957066	0.23480901528957066
rs9382231		0	0.006106184581775171	9	Effective_Sample_Size	-0.20327316045546512	0.20327316045546512
rs9382231		0	0.006106184581775171	10	log_OR	-0.19575243191182248	0.19575243191182248
rs1942569		0	0.00047476951765494023	1	Is_regulatory	-7.046697758576222	7.046697758576222
rs1942569		0	0.00047476951765494023	2	Has_MODIFIER_impact	2.5037816723166606	2.5037816723166606
rs1942569		0	0.00047476951765494023	3	MAF	-1.4843399216068147	1.4843399216068147
rs1942569		0	0.00047476951765494023	4	Is_intronic	1.4462416721017908	1.4462416721017908
rs1942569		0	0.00047476951765494023	5	Is_intergenic	1.4190155792552945	1.4190155792552945
rs1942569		0	0.00047476951765494023	6	MR_MEGA_Association_P	-1.3812331031091252	1.3812331031091252
rs1942569		0	0.00047476951765494023	7	Biotype_count	-1.1534583343653926	1.1534583343653926
rs1942569		0	0.00047476951765494023	8	CI_width	0.40007068573596394	0.40007068573596394
rs1942569		0	0.00047476951765494023	9	Gene_count	0.23480901528957066	0.23480901528957066
rs1942569		0	0.00047476951765494023	10	log_OR	-0.21301555210449968	0.21301555210449968
rs486129	RP11-115J23.1	0	0.45383411392772616	1	Is_intronic	1.4462416721017908	1.4462416721017908
rs486129	RP11-115J23.1	0	0.45383411392772616	2	Is_intergenic	1.4190155792552945	1.4190155792552945
rs486129	RP11-115J23.1	0	0.45383411392772616	3	Has_MODIFIER_impact	-0.6259454180791647	0.6259454180791647
rs486129	RP11-115J23.1	0	0.45383411392772616	4	Biotype_count	-0.3793252240530487	0.3793252240530487
rs486129	RP11-115J23.1	0	0.45383411392772616	5	CI_width	0.3427539685818144	0.3427539685818144
rs486129	RP11-115J23.1	0	0.45383411392772616	6	MR_MEGA_Association_P	0.2687268794195262	0.2687268794195262
rs486129	RP11-115J23.1	0	0.45383411392772616	7	Effective_Sample_Size	-0.20327316045546512	0.20327316045546512
rs486129	RP11-115J23.1	0	0.45383411392772616	8	Risk_Allele_Frequency	0.19502168167512116	0.19502168167512116
rs486129	RP11-115J23.1	0	0.45383411392772616	9	Is_upstream	-0.1703277172535689	0.1703277172535689
rs486129	RP11-115J23.1	0	0.45383411392772616	10	log_OR	-0.16709319363236078	0.16709319363236078
rs4293449	NOL4	0	0.4239878444899921	1	Is_intergenic	1.4190155792552945	1.4190155792552945
rs4293449	NOL4	0	0.4239878444899921	2	Biotype_count	1.1689409965716393	1.1689409965716393
rs4293449	NOL4	0	0.4239878444899921	3	Is_intronic	-1.0050153992571766	1.0050153992571766
rs4293449	NOL4	0	0.4239878444899921	4	Has_MODIFIER_impact	-0.6259454180791647	0.6259454180791647
rs4293449	NOL4	0	0.4239878444899921	5	MAF	0.4752588774949501	0.4752588774949501
rs4293449	NOL4	0	0.4239878444899921	6	Risk_Allele_Frequency	0.2665722324671842	0.2665722324671842
rs4293449	NOL4	0	0.4239878444899921	7	CI_width	0.25677889285058714	0.25677889285058714
rs4293449	NOL4	0	0.4239878444899921	8	Effective_Sample_Size	-0.2016272266623151	0.2016272266623151
rs4293449	NOL4	0	0.4239878444899921	9	log_OR	-0.19575243191182248	0.19575243191182248
rs4293449	NOL4	0	0.4239878444899921	10	Has_LOW_impact	-0.15772961766600233	0.15772961766600233
rs2008713	TAL1	0	0.2665357817291321	1	Is_intronic	1.4462416721017908	1.4462416721017908
rs2008713	TAL1	0	0.2665357817291321	2	Is_intergenic	1.4190155792552945	1.4190155792552945
rs2008713	TAL1	0	0.2665357817291321	3	MAF	-1.2093918727701143	1.2093918727701143
rs2008713	TAL1	0	0.2665357817291321	4	Has_MODIFIER_impact	-0.6259454180791647	0.6259454180791647
rs2008713	TAL1	0	0.2665357817291321	5	Biotype_count	0.3948078862592953	0.3948078862592953
rs2008713	TAL1	0	0.2665357817291321	6	CI_width	0.3427539685818144	0.3427539685818144
rs2008713	TAL1	0	0.2665357817291321	7	Effective_Sample_Size	-0.20060773844760635	0.20060773844760635
rs2008713	TAL1	0	0.2665357817291321	8	log_OR	-0.19575243191182248	0.19575243191182248
rs2008713	TAL1	0	0.2665357817291321	9	Is_upstream	-0.1703277172535689	0.1703277172535689
rs2008713	TAL1	0	0.2665357817291321	10	Has_LOW_impact	-0.15772961766600233	0.15772961766600233
rs75179644	AC079610.1	0	0.4811906130223203	1	Is_intergenic	1.4190155792552945	1.4190155792552945
rs75179644	AC079610.1	0	0.4811906130223203	2	MAF	1.080531753086388	1.080531753086388
rs75179644	AC079610.1	0	0.4811906130223203	3	Is_intronic	-1.0050153992571766	1.0050153992571766
rs75179644	AC079610.1	0	0.4811906130223203	4	Has_MODIFIER_impact	-0.6259454180791647	0.6259454180791647
rs75179644	AC079610.1	0	0.4811906130223203	5	CI_width	-0.5743135058845793	0.5743135058845793
rs75179644	AC079610.1	0	0.4811906130223203	6	Effective_Sample_Size	0.5439804281367118	0.5439804281367118
rs75179644	AC079610.1	0	0.4811906130223203	7	Biotype_count	0.3948078862592953	0.3948078862592953
rs75179644	AC079610.1	0	0.4811906130223203	8	Risk_Allele_Frequency	0.3392140294830757	0.3392140294830757
rs75179644	AC079610.1	0	0.4811906130223203	9	SE_log_OR	0.29397988058571306	0.29397988058571306
rs75179644	AC079610.1	0	0.4811906130223203	10	Gene_count	-0.22113082022415878	0.22113082022415878
rs144186803	CTBP1-AS2	0	0.037821846194867184	1	MR_MEGA_Association_P	-1.876199915134722	1.876199915134722
rs144186803	CTBP1-AS2	0	0.037821846194867184	2	Is_intergenic	1.4190155792552945	1.4190155792552945
rs144186803	CTBP1-AS2	0	0.037821846194867184	3	MAF	1.095842493591269	1.095842493591269
rs144186803	CTBP1-AS2	0	0.037821846194867184	4	Is_intronic	-1.0050153992571766	1.0050153992571766
rs144186803	CTBP1-AS2	0	0.037821846194867184	5	Effective_Sample_Size	0.725801107991937	0.725801107991937
rs144186803	CTBP1-AS2	0	0.037821846194867184	6	CI_width	-0.6889469401928786	0.6889469401928786
rs144186803	CTBP1-AS2	0	0.037821846194867184	7	Has_MODIFIER_impact	-0.6259454180791647	0.6259454180791647
rs144186803	CTBP1-AS2	0	0.037821846194867184	8	Biotype_count	-0.3793252240530487	0.3793252240530487
rs144186803	CTBP1-AS2	0	0.037821846194867184	9	SE_log_OR	0.3508216994021133	0.3508216994021133
rs144186803	CTBP1-AS2	0	0.037821846194867184	10	Risk_Allele_Frequency	-0.32536900142496067	0.32536900142496067
rs62128838	C19orf26	0	0.29842261408581583	1	Is_intergenic	1.4190155792552945	1.4190155792552945
rs62128838	C19orf26	0	0.29842261408581583	2	Biotype_count	1.1689409965716393	1.1689409965716393
rs62128838	C19orf26	0	0.29842261408581583	3	Is_intronic	-1.0050153992571766	1.0050153992571766
rs62128838	C19orf26	0	0.29842261408581583	4	MAF	0.954174147540356	0.954174147540356
rs62128838	C19orf26	0	0.29842261408581583	5	MR_MEGA_Association_P	-0.8280709599702591	0.8280709599702591
rs62128838	C19orf26	0	0.29842261408581583	6	Has_MODIFIER_impact	-0.6259454180791647	0.6259454180791647
rs62128838	C19orf26	0	0.29842261408581583	7	Risk_Allele_Frequency	0.32404922712096773	0.32404922712096773
rs62128838	C19orf26	0	0.29842261408581583	8	Effective_Sample_Size	0.26260646488333284	0.26260646488333284
rs62128838	C19orf26	0	0.29842261408581583	9	Gene_count	-0.22113082022415878	0.22113082022415878
rs62128838	C19orf26	0	0.29842261408581583	10	Is_upstream	-0.1703277172535689	0.1703277172535689
rs8089704	DCC	0	0.022733377593267646	1	MR_MEGA_Association_P	-1.7617410986169995	1.7617410986169995
rs8089704	DCC	0	0.022733377593267646	2	Is_intergenic	1.4190155792552945	1.4190155792552945
rs8089704	DCC	0	0.022733377593267646	3	Is_intronic	-1.0050153992571766	1.0050153992571766
rs8089704	DCC	0	0.022733377593267646	4	Has_MODIFIER_impact	-0.6259454180791647	0.6259454180791647
rs8089704	DCC	0	0.022733377593267646	5	Biotype_count	0.3948078862592953	0.3948078862592953
rs8089704	DCC	0	0.022733377593267646	6	CI_width	0.3427539685818144	0.3427539685818144
rs8089704	DCC	0	0.022733377593267646	7	MAF	-0.2194146438031522	0.2194146438031522
rs8089704	DCC	0	0.022733377593267646	8	Effective_Sample_Size	-0.198863885710117	0.198863885710117
rs8089704	DCC	0	0.022733377593267646	9	log_OR	-0.19575243191182248	0.19575243191182248
rs8089704	DCC	0	0.022733377593267646	10	Risk_Allele_Frequency	0.18320102096668128	0.18320102096668128
rs2274162	DFNB31	0	0.16366323303323022	1	Is_intergenic	1.4190155792552945	1.4190155792552945
rs2274162	DFNB31	0	0.16366323303323022	2	Is_intronic	-1.0050153992571766	1.0050153992571766
rs2274162	DFNB31	0	0.16366323303323022	3	Is_5UTR	0.767033843450038	0.767033843450038
rs2274162	DFNB31	0	0.16366323303323022	4	Has_MODIFIER_impact	-0.6259454180791647	0.6259454180791647
rs2274162	DFNB31	0	0.16366323303323022	5	Biotype_count	-0.3793252240530487	0.3793252240530487
rs2274162	DFNB31	0	0.16366323303323022	6	CI_width	0.3427539685818144	0.3427539685818144
rs2274162	DFNB31	0	0.16366323303323022	7	MR_MEGA_Association_P	0.25954994054231445	0.25954994054231445
rs2274162	DFNB31	0	0.16366323303323022	8	MAF	-0.23220292514439417	0.23220292514439417
rs2274162	DFNB31	0	0.16366323303323022	9	Risk_Allele_Frequency	0.18166623595510306	0.18166623595510306
rs2274162	DFNB31	0	0.16366323303323022	10	log_OR	-0.16709319363236078	0.16709319363236078
rs34086018		0	0.011147962791203978	1	Is_intergenic	-5.67606231702118	5.67606231702118
rs34086018		0	0.011147962791203978	2	Has_MODIFIER_impact	2.5037816723166606	2.5037816723166606
rs34086018		0	0.011147962791203978	3	Is_intronic	1.4462416721017908	1.4462416721017908
rs34086018		0	0.011147962791203978	4	Biotype_count	-1.1534583343653926	1.1534583343653926
rs34086018		0	0.011147962791203978	5	MAF	0.8322748419114541	0.8322748419114541
rs34086018		0	0.011147962791203978	6	MR_MEGA_Association_P	-0.7256467054504632	0.7256467054504632
rs34086018		0	0.011147962791203978	7	Risk_Allele_Frequency	0.3094194874234466	0.3094194874234466
rs34086018		0	0.011147962791203978	8	Gene_count	0.23480901528957066	0.23480901528957066
rs34086018		0	0.011147962791203978	9	Effective_Sample_Size	-0.20327316045546512	0.20327316045546512
rs34086018		0	0.011147962791203978	10	neg_log10_P	0.15773244741885956	0.15773244741885956
rs11230823		0	0.011329110115508788	1	Is_intergenic	-5.67606231702118	5.67606231702118
rs11230823		0	0.011329110115508788	2	Has_MODIFIER_impact	2.5037816723166606	2.5037816723166606
rs11230823		0	0.011329110115508788	3	Is_intronic	1.4462416721017908	1.4462416721017908
rs11230823		0	0.011329110115508788	4	Biotype_count	-1.1534583343653926	1.1534583343653926
rs11230823		0	0.011329110115508788	5	MAF	0.3497811995641405	0.3497811995641405
rs11230823		0	0.011329110115508788	6	CI_width	0.28543725142766474	0.28543725142766474
rs11230823		0	0.011329110115508788	7	MR_MEGA_Association_P	0.27892347605670603	0.27892347605670603
rs11230823		0	0.011329110115508788	8	Risk_Allele_Frequency	-0.23583048868527187	0.23583048868527187
rs11230823		0	0.011329110115508788	9	Gene_count	0.23480901528957066	0.23480901528957066
rs11230823		0	0.011329110115508788	10	Effective_Sample_Size	-0.19873349208339566	0.19873349208339566
rs2073957	KCNQ1	0	0.7031498475806589	1	CI_width	-1.9785730761612503	1.9785730761612503
rs2073957	KCNQ1	0	0.7031498475806589	2	Effective_Sample_Size	1.9653204019897803	1.9653204019897803
rs2073957	KCNQ1	0	0.7031498475806589	3	Is_intergenic	1.4190155792552945	1.4190155792552945
rs2073957	KCNQ1	0	0.7031498475806589	4	MAF	1.1078681709993177	1.1078681709993177
rs2073957	KCNQ1	0	0.7031498475806589	5	Is_intronic	-1.0050153992571766	1.0050153992571766
rs2073957	KCNQ1	0	0.7031498475806589	6	SE_log_OR	0.867270128461986	0.867270128461986
rs2073957	KCNQ1	0	0.7031498475806589	7	log_OR	0.7076314805859558	0.7076314805859558
rs2073957	KCNQ1	0	0.7031498475806589	8	Has_MODIFIER_impact	-0.6259454180791647	0.6259454180791647
rs2073957	KCNQ1	0	0.7031498475806589	9	CI_upper	-0.46339917212412707	0.46339917212412707
rs2073957	KCNQ1	0	0.7031498475806589	10	Biotype_count	0.3948078862592953	0.3948078862592953
rs2272163	ROBO2	0	0.16939922359370554	1	Is_intergenic	1.4190155792552945	1.4190155792552945
rs2272163	ROBO2	0	0.16939922359370554	2	Biotype_count	1.1689409965716393	1.1689409965716393
rs2272163	ROBO2	0	0.16939922359370554	3	Is_intronic	-1.0050153992571766	1.0050153992571766
rs2272163	ROBO2	0	0.16939922359370554	4	MAF	-0.8636976436694801	0.8636976436694801
rs2272163	ROBO2	0	0.16939922359370554	5	Has_MODIFIER_impact	-0.6259454180791647	0.6259454180791647
rs2272163	ROBO2	0	0.16939922359370554	6	CI_width	0.40007068573596394	0.40007068573596394
rs2272163	ROBO2	0	0.16939922359370554	7	MR_MEGA_Association_P	0.27906338040410283	0.27906338040410283
rs2272163	ROBO2	0	0.16939922359370554	8	Effective_Sample_Size	-0.19712076353514882	0.19712076353514882
rs2272163	ROBO2	0	0.16939922359370554	9	SE_log_OR	-0.18629779873850244	0.18629779873850244
rs2272163	ROBO2	0	0.16939922359370554	10	log_OR	-0.16137814126015373	0.16137814126015373
rs75620555	S1PR4	0	0.5413939590296152	1	Is_intronic	1.4462416721017908	1.4462416721017908
rs75620555	S1PR4	0	0.5413939590296152	2	Is_intergenic	1.4190155792552945	1.4190155792552945
rs75620555	S1PR4	0	0.5413939590296152	3	MR_MEGA_Association_P	-1.1216787663572483	1.1216787663572483
rs75620555	S1PR4	0	0.5413939590296152	4	MAF	0.9578111816832785	0.9578111816832785
rs75620555	S1PR4	0	0.5413939590296152	5	Has_MODIFIER_impact	-0.6259454180791647	0.6259454180791647
rs75620555	S1PR4	0	0.5413939590296152	6	Biotype_count	0.3948078862592953	0.3948078862592953
rs75620555	S1PR4	0	0.5413939590296152	7	Risk_Allele_Frequency	0.3244857256104992	0.3244857256104992
rs75620555	S1PR4	0	0.5413939590296152	8	Gene_count	-0.22113082022415878	0.22113082022415878
rs75620555	S1PR4	0	0.5413939590296152	9	Is_upstream	-0.1703277172535689	0.1703277172535689
rs75620555	S1PR4	0	0.5413939590296152	10	neg_log10_P	0.15931484158152995	0.15931484158152995
rs77969702	ZMIZ1	0	0.09059302896856393	1	Is_intergenic	1.4190155792552945	1.4190155792552945
rs77969702	ZMIZ1	0	0.09059302896856393	2	Is_intronic	-1.0050153992571766	1.0050153992571766
rs77969702	ZMIZ1	0	0.09059302896856393	3	MAF	0.7338402726885006	0.7338402726885006
rs77969702	ZMIZ1	0	0.09059302896856393	4	Has_MODIFIER_impact	-0.6259454180791647	0.6259454180791647
rs77969702	ZMIZ1	0	0.09059302896856393	5	Biotype_count	-0.3793252240530487	0.3793252240530487
rs77969702	ZMIZ1	0	0.09059302896856393	6	Risk_Allele_Frequency	-0.28192332112014706	0.28192332112014706
rs77969702	ZMIZ1	0	0.09059302896856393	7	MR_MEGA_Association_P	-0.25629687553464525	0.25629687553464525
rs77969702	ZMIZ1	0	0.09059302896856393	8	Has_LOW_impact	-0.15772961766600233	0.15772961766600233
rs77969702	ZMIZ1	0	0.09059302896856393	9	neg_log10_P	0.15473476363311192	0.15473476363311192
rs77969702	ZMIZ1	0	0.09059302896856393	10	Effective_Sample_Size	0.1408377178846398	0.1408377178846398
rs2099044	MFAP3	0	0.018770207959688267	1	MAF	-1.4975974976761748	1.4975974976761748
rs2099044	MFAP3	0	0.018770207959688267	2	Is_intergenic	1.4190155792552945	1.4190155792552945
rs2099044	MFAP3	0	0.018770207959688267	3	Is_intronic	-1.0050153992571766	1.0050153992571766
rs2099044	MFAP3	0	0.018770207959688267	4	Has_MODIFIER_impact	-0.6259454180791647	0.6259454180791647
rs2099044	MFAP3	0	0.018770207959688267	5	Biotype_count	-0.3793252240530487	0.3793252240530487
rs2099044	MFAP3	0	0.018770207959688267	6	CI_width	0.37141232715888634	0.37141232715888634
rs2099044	MFAP3	0	0.018770207959688267	7	MR_MEGA_Association_P	0.27904843772288607	0.27904843772288607
rs2099044	MFAP3	0	0.018770207959688267	8	Effective_Sample_Size	-0.19467990701961466	0.19467990701961466
rs2099044	MFAP3	0	0.018770207959688267	9	SE_log_OR	-0.17132146241089932	0.17132146241089932
rs2099044	MFAP3	0	0.018770207959688267	10	Has_LOW_impact	-0.15772961766600233	0.15772961766600233
rs2815749		0	0.017476948007251785	1	Is_intergenic	-5.67606231702118	5.67606231702118
rs2815749		0	0.017476948007251785	2	Has_MODIFIER_impact	2.5037816723166606	2.5037816723166606
rs2815749		0	0.017476948007251785	3	Is_intronic	1.4462416721017908	1.4462416721017908
rs2815749		0	0.017476948007251785	4	Biotype_count	-1.1534583343653926	1.1534583343653926
rs2815749		0	0.017476948007251785	5	MAF	0.3296015262550256	0.3296015262550256
rs2815749		0	0.017476948007251785	6	MR_MEGA_Association_P	0.2790634944153807	0.2790634944153807
rs2815749		0	0.017476948007251785	7	CI_width	0.2567788928505928	0.2567788928505928
rs2815749		0	0.017476948007251785	8	Risk_Allele_Frequency	0.2490911719912723	0.2490911719912723
rs2815749		0	0.017476948007251785	9	Gene_count	0.23480901528957066	0.23480901528957066
rs2815749		0	0.017476948007251785	10	Effective_Sample_Size	-0.19434533295155604	0.19434533295155604
rs4930013	KCNQ1	0	0.16087390533175316	1	Is_intergenic	1.4190155792552945	1.4190155792552945
rs4930013	KCNQ1	0	0.16087390533175316	2	Biotype_count	1.1689409965716393	1.1689409965716393
rs4930013	KCNQ1	0	0.16087390533175316	3	Is_intronic	-1.0050153992571766	1.0050153992571766
rs4930013	KCNQ1	0	0.16087390533175316	4	Has_MODIFIER_impact	-0.6259454180791647	0.6259454180791647
rs4930013	KCNQ1	0	0.16087390533175316	5	CI_width	0.3427539685818144	0.3427539685818144
rs4930013	KCNQ1	0	0.16087390533175316	6	MAF	-0.2975522160349603	0.2975522160349603
rs4930013	KCNQ1	0	0.16087390533175316	7	MR_MEGA_Association_P	0.2789898145148091	0.2789898145148091
rs4930013	KCNQ1	0	0.16087390533175316	8	log_OR	-0.23032972151940193	0.23032972151940193
rs4930013	KCNQ1	0	0.16087390533175316	9	Gene_count	-0.22113082022415878	0.22113082022415878
rs4930013	KCNQ1	0	0.16087390533175316	10	Effective_Sample_Size	-0.17863955847714016	0.17863955847714016
rs2165069	AP3S2	0	0.3133888859214261	1	Biotype_count	1.9430741068839834	1.9430741068839834
rs2165069	AP3S2	0	0.3133888859214261	2	Is_intergenic	1.4190155792552945	1.4190155792552945
rs2165069	AP3S2	0	0.3133888859214261	3	Is_intronic	-1.0050153992571766	1.0050153992571766
rs2165069	AP3S2	0	0.3133888859214261	4	Has_MODIFIER_impact	-0.6259454180791647	0.6259454180791647
rs2165069	AP3S2	0	0.3133888859214261	5	neg_log10_P	-0.4154695723814802	0.4154695723814802
rs2165069	AP3S2	0	0.3133888859214261	6	CI_width	0.3427539685818144	0.3427539685818144
rs2165069	AP3S2	0	0.3133888859214261	7	MR_MEGA_Association_P	0.27906355970561825	0.27906355970561825
rs2165069	AP3S2	0	0.3133888859214261	8	MAF	-0.25302787870467336	0.25302787870467336
rs2165069	AP3S2	0	0.3133888859214261	9	Risk_Allele_Frequency	-0.16348438419454667	0.16348438419454667
rs2165069	AP3S2	0	0.3133888859214261	10	SE_log_OR	-0.16254209781655946	0.16254209781655946
rs429358	APOE	1	0.750992784306723	1	Is_intronic	1.4462416721017908	1.4462416721017908
rs429358	APOE	1	0.750992784306723	2	Is_intergenic	1.4190155792552945	1.4190155792552945
rs429358	APOE	1	0.750992784306723	3	Has_MODIFIER_impact	-0.6259454180791647	0.6259454180791647
rs429358	APOE	1	0.750992784306723	4	MAF	0.4141919009984694	0.4141919009984694
rs429358	APOE	1	0.750992784306723	5	Biotype_count	0.3948078862592953	0.3948078862592953
rs429358	APOE	1	0.750992784306723	6	MR_MEGA_Association_P	0.27906355970561825	0.27906355970561825
rs429358	APOE	1	0.750992784306723	7	Risk_Allele_Frequency	0.2592432820219871	0.2592432820219871
rs429358	APOE	1	0.750992784306723	8	CI_width	0.25677889285058714	0.25677889285058714
rs429358	APOE	1	0.750992784306723	9	Gene_count	-0.22113082022415878	0.22113082022415878
rs429358	APOE	1	0.750992784306723	10	neg_log10_P	-0.2089508194944242	0.2089508194944242
rs16907751		0	0.02112362336831764	1	Is_intergenic	-5.67606231702118	5.67606231702118
rs16907751		0	0.02112362336831764	2	Has_MODIFIER_impact	2.5037816723166606	2.5037816723166606
rs16907751		0	0.02112362336831764	3	Is_intronic	1.4462416721017908	1.4462416721017908
rs16907751		0	0.02112362336831764	4	Biotype_count	-1.1534583343653926	1.1534583343653926
rs16907751		0	0.02112362336831764	5	MAF	0.5878309504024868	0.5878309504024868
rs16907751		0	0.02112362336831764	6	Risk_Allele_Frequency	0.28008256474800364	0.28008256474800364
rs16907751		0	0.02112362336831764	7	Gene_count	0.23480901528957066	0.23480901528957066
rs16907751		0	0.02112362336831764	8	CI_width	0.19946217569644323	0.19946217569644323
rs16907751		0	0.02112362336831764	9	Effective_Sample_Size	-0.19735642886448504	0.19735642886448504
rs16907751		0	0.02112362336831764	10	MR_MEGA_Association_P	0.17591018174162462	0.17591018174162462
rs77273391	PDE10A	0	0.1718424611400796	1	Is_intergenic	1.4190155792552945	1.4190155792552945
rs77273391	PDE10A	0	0.1718424611400796	2	MAF	1.158200030590077	1.158200030590077
rs77273391	PDE10A	0	0.1718424611400796	3	Is_intronic	-1.0050153992571766	1.0050153992571766
rs77273391	PDE10A	0	0.1718424611400796	4	CI_width	-0.9755305259636268	0.9755305259636268
rs77273391	PDE10A	0	0.1718424611400796	5	Effective_Sample_Size	0.7023126038488566	0.7023126038488566
rs77273391	PDE10A	0	0.1718424611400796	6	Has_MODIFIER_impact	-0.6259454180791647	0.6259454180791647
rs77273391	PDE10A	0	0.1718424611400796	7	SE_log_OR	0.48733449296850023	0.48733449296850023
rs77273391	PDE10A	0	0.1718424611400796	8	Biotype_count	-0.3793252240530487	0.3793252240530487
rs77273391	PDE10A	0	0.1718424611400796	9	Risk_Allele_Frequency	-0.3328528384309592	0.3328528384309592
rs77273391	PDE10A	0	0.1718424611400796	10	log_OR	0.1663025904026114	0.1663025904026114
rs12467798		0	0.0049441913179541315	1	Is_intergenic	-5.67606231702118	5.67606231702118
rs12467798		0	0.0049441913179541315	2	Has_MODIFIER_impact	2.5037816723166606	2.5037816723166606
rs12467798		0	0.0049441913179541315	3	Is_intronic	1.4462416721017908	1.4462416721017908
rs12467798		0	0.0049441913179541315	4	Biotype_count	-1.1534583343653926	1.1534583343653926
rs12467798		0	0.0049441913179541315	5	MAF	-0.8376517862588774	0.8376517862588774
rs12467798		0	0.0049441913179541315	6	CI_width	0.40007068573596394	0.40007068573596394
rs12467798		0	0.0049441913179541315	7	MR_MEGA_Association_P	0.2790634902308887	0.2790634902308887
rs12467798		0	0.0049441913179541315	8	Gene_count	0.23480901528957066	0.23480901528957066
rs12467798		0	0.0049441913179541315	9	Effective_Sample_Size	-0.20327316045546512	0.20327316045546512
rs12467798		0	0.0049441913179541315	10	SE_log_OR	-0.18647407736977414	0.18647407736977414
rs13387347	G6PC2	0	0.05091697631786512	1	MAF	-1.6717645036493276	1.6717645036493276
rs13387347	G6PC2	0	0.05091697631786512	2	Is_intergenic	1.4190155792552945	1.4190155792552945
rs13387347	G6PC2	0	0.05091697631786512	3	Biotype_count	1.1689409965716393	1.1689409965716393
rs13387347	G6PC2	0	0.05091697631786512	4	Is_intronic	-1.0050153992571766	1.0050153992571766
rs13387347	G6PC2	0	0.05091697631786512	5	Has_MODIFIER_impact	-0.6259454180791647	0.6259454180791647
rs13387347	G6PC2	0	0.05091697631786512	6	CI_width	0.4287290443130359	0.4287290443130359
rs13387347	G6PC2	0	0.05091697631786512	7	MR_MEGA_Association_P	0.2388623449792164	0.2388623449792164
rs13387347	G6PC2	0	0.05091697631786512	8	Gene_count	-0.22113082022415878	0.22113082022415878
rs13387347	G6PC2	0	0.05091697631786512	9	log_OR	-0.2072555214476654	0.2072555214476654
rs13387347	G6PC2	0	0.05091697631786512	10	SE_log_OR	-0.19998324675501641	0.19998324675501641
rs11657101	TLK2	0	0.12881918873303266	1	Is_intergenic	1.4190155792552945	1.4190155792552945
rs11657101	TLK2	0	0.12881918873303266	2	Is_intronic	-1.0050153992571766	1.0050153992571766
rs11657101	TLK2	0	0.12881918873303266	3	Has_MODIFIER_impact	-0.6259454180791647	0.6259454180791647
rs11657101	TLK2	0	0.12881918873303266	4	MAF	-0.44021781338312627	0.44021781338312627
rs11657101	TLK2	0	0.12881918873303266	5	Biotype_count	0.3948078862592953	0.3948078862592953
rs11657101	TLK2	0	0.12881918873303266	6	CI_width	0.371412327158892	0.371412327158892
rs11657101	TLK2	0	0.12881918873303266	7	MR_MEGA_Association_P	0.2786620382209862	0.2786620382209862
rs11657101	TLK2	0	0.12881918873303266	8	Effective_Sample_Size	-0.18717024276805175	0.18717024276805175
rs11657101	TLK2	0	0.12881918873303266	9	log_OR	-0.17281382983776944	0.17281382983776944
rs11657101	TLK2	0	0.12881918873303266	10	SE_log_OR	-0.17074687261665972	0.17074687261665972
rs2920928		0	0.0023051868122123597	1	Is_intergenic	-5.67606231702118	5.67606231702118
rs2920928		0	0.0023051868122123597	2	Has_MODIFIER_impact	2.5037816723166606	2.5037816723166606
rs2920928		0	0.0023051868122123597	3	MAF	-1.5396580376838374	1.5396580376838374
rs2920928		0	0.0023051868122123597	4	Is_intronic	1.4462416721017908	1.4462416721017908
rs2920928		0	0.0023051868122123597	5	Biotype_count	-1.1534583343653926	1.1534583343653926
rs2920928		0	0.0023051868122123597	6	CI_width	0.40007068573596394	0.40007068573596394
rs2920928		0	0.0023051868122123597	7	MR_MEGA_Association_P	0.277850824793809	0.277850824793809
rs2920928		0	0.0023051868122123597	8	Gene_count	0.23480901528957066	0.23480901528957066
rs2920928		0	0.0023051868122123597	9	Effective_Sample_Size	-0.20327316045546512	0.20327316045546512
rs2920928		0	0.0023051868122123597	10	SE_log_OR	-0.1855892310361148	0.1855892310361148
rs61385262	MEG3	0	0.08469150710770652	1	Is_intergenic	1.4190155792552945	1.4190155792552945
rs61385262	MEG3	0	0.08469150710770652	2	MAF	1.0516114654660567	1.0516114654660567
rs61385262	MEG3	0	0.08469150710770652	3	Is_intronic	-1.0050153992571766	1.0050153992571766
rs61385262	MEG3	0	0.08469150710770652	4	Has_MODIFIER_impact	-0.6259454180791647	0.6259454180791647
rs61385262	MEG3	0	0.08469150710770652	5	Biotype_count	-0.3793252240530487	0.3793252240530487
rs61385262	MEG3	0	0.08469150710770652	6	Risk_Allele_Frequency	-0.320060616568401	0.320060616568401
rs61385262	MEG3	0	0.08469150710770652	7	CI_width	-0.23041320295968176	0.23041320295968176
rs61385262	MEG3	0	0.08469150710770652	8	Effective_Sample_Size	-0.17613229147179865	0.17613229147179865
rs61385262	MEG3	0	0.08469150710770652	9	MR_MEGA_Association_P	-0.17362999610888846	0.17362999610888846
rs61385262	MEG3	0	0.08469150710770652	10	Has_LOW_impact	-0.15772961766600233	0.15772961766600233
rs10259561	TOMM7	0	0.058918200060658545	1	MAF	-1.6766920982945763	1.6766920982945763
rs10259561	TOMM7	0	0.058918200060658545	2	Is_intergenic	1.4190155792552945	1.4190155792552945
rs10259561	TOMM7	0	0.058918200060658545	3	Biotype_count	1.1689409965716393	1.1689409965716393
rs10259561	TOMM7	0	0.058918200060658545	4	Is_intronic	-1.0050153992571766	1.0050153992571766
rs10259561	TOMM7	0	0.058918200060658545	5	Has_MODIFIER_impact	-0.6259454180791647	0.6259454180791647
rs10259561	TOMM7	0	0.058918200060658545	6	CI_width	0.40007068573596394	0.40007068573596394
rs10259561	TOMM7	0	0.058918200060658545	7	MR_MEGA_Association_P	0.27802046078169	0.27802046078169
rs10259561	TOMM7	0	0.058918200060658545	8	Effective_Sample_Size	-0.19882921934017175	0.19882921934017175
rs10259561	TOMM7	0	0.058918200060658545	9	log_OR	-0.19575243191182248	0.19575243191182248
rs10259561	TOMM7	0	0.058918200060658545	10	SE_log_OR	-0.18523286104496176	0.18523286104496176
rs11716527		0	0.02434763913112005	1	Is_intergenic	-5.67606231702118	5.67606231702118
rs11716527		0	0.02434763913112005	2	Has_MODIFIER_impact	2.5037816723166606	2.5037816723166606
rs11716527		0	0.02434763913112005	3	Is_intronic	1.4462416721017908	1.4462416721017908
rs11716527		0	0.02434763913112005	4	Biotype_count	-1.1534583343653926	1.1534583343653926
rs11716527		0	0.02434763913112005	5	MAF	0.8133857291046656	0.8133857291046656
rs11716527		0	0.02434763913112005	6	Effective_Sample_Size	0.35577104973544466	0.35577104973544466
rs11716527		0	0.02434763913112005	7	Risk_Allele_Frequency	-0.29146996550409243	0.29146996550409243
rs11716527		0	0.02434763913112005	8	Gene_count	0.23480901528957066	0.23480901528957066
rs11716527		0	0.02434763913112005	9	Has_LOW_impact	-0.15772961766600233	0.15772961766600233
rs11716527		0	0.02434763913112005	10	MR_MEGA_Association_P	0.15742618792968063	0.15742618792968063
rs7145337		0	0.0022717042522188225	1	Is_regulatory	-7.046697758576222	7.046697758576222
rs7145337		0	0.0022717042522188225	2	Has_MODIFIER_impact	2.5037816723166606	2.5037816723166606
rs7145337		0	0.0022717042522188225	3	MAF	-1.5489266085641873	1.5489266085641873
rs7145337		0	0.0022717042522188225	4	Is_intronic	1.4462416721017908	1.4462416721017908
rs7145337		0	0.0022717042522188225	5	Is_intergenic	1.4190155792552945	1.4190155792552945
rs7145337		0	0.0022717042522188225	6	Biotype_count	-1.1534583343653926	1.1534583343653926
rs7145337		0	0.0022717042522188225	7	CI_width	0.3427539685818144	0.3427539685818144
rs7145337		0	0.0022717042522188225	8	MR_MEGA_Association_P	0.2789372735336496	0.2789372735336496
rs7145337		0	0.0022717042522188225	9	Gene_count	0.23480901528957066	0.23480901528957066
rs7145337		0	0.0022717042522188225	10	Effective_Sample_Size	-0.18618247510667207	0.18618247510667207
rs62076641	RP11-353N14.4	0	0.050175837511695826	1	Is_intergenic	1.4190155792552945	1.4190155792552945
rs62076641	RP11-353N14.4	0	0.050175837511695826	2	Is_intronic	-1.0050153992571766	1.0050153992571766
rs62076641	RP11-353N14.4	0	0.050175837511695826	3	Has_MODIFIER_impact	-0.6259454180791647	0.6259454180791647
rs62076641	RP11-353N14.4	0	0.050175837511695826	4	Biotype_count	-0.3793252240530487	0.3793252240530487
rs62076641	RP11-353N14.4	0	0.050175837511695826	5	MAF	-0.3753378172206798	0.3753378172206798
rs62076641	RP11-353N14.4	0	0.050175837511695826	6	CI_width	0.37141232715888634	0.37141232715888634
rs62076641	RP11-353N14.4	0	0.050175837511695826	7	Gene_count	-0.22113082022415878	0.22113082022415878
rs62076641	RP11-353N14.4	0	0.050175837511695826	8	MR_MEGA_Association_P	0.21723082615559702	0.21723082615559702
rs62076641	RP11-353N14.4	0	0.050175837511695826	9	log_OR	-0.18427189746796718	0.18427189746796718
rs62076641	RP11-353N14.4	0	0.050175837511695826	10	Effective_Sample_Size	-0.1813325297619982	0.1813325297619982
rs720159	UPP2	0	0.01875147459449278	1	Is_intergenic	1.4190155792552945	1.4190155792552945
rs720159	UPP2	0	0.01875147459449278	2	MAF	-1.2174872068301668	1.2174872068301668
rs720159	UPP2	0	0.01875147459449278	3	Is_intronic	-1.0050153992571766	1.0050153992571766
rs720159	UPP2	0	0.01875147459449278	4	Has_MODIFIER_impact	-0.6259454180791647	0.6259454180791647
rs720159	UPP2	0	0.01875147459449278	5	CI_width	0.40007068573596394	0.40007068573596394
rs720159	UPP2	0	0.01875147459449278	6	Biotype_count	-0.3793252240530487	0.3793252240530487
rs720159	UPP2	0	0.01875147459449278	7	Effective_Sample_Size	-0.198863885710117	0.198863885710117
rs720159	UPP2	0	0.01875147459449278	8	log_OR	-0.19575243191182248	0.19575243191182248
rs720159	UPP2	0	0.01875147459449278	9	SE_log_OR	-0.18523286104496176	0.18523286104496176
rs720159	UPP2	0	0.01875147459449278	10	Is_upstream	-0.1703277172535689	0.1703277172535689
rs2812539		0	0.007879204170253336	1	Is_intergenic	-5.67606231702118	5.67606231702118
rs2812539		0	0.007879204170253336	2	Has_MODIFIER_impact	2.5037816723166606	2.5037816723166606
rs2812539		0	0.007879204170253336	3	Is_intronic	1.4462416721017908	1.4462416721017908
rs2812539		0	0.007879204170253336	4	Biotype_count	-1.1534583343653926	1.1534583343653926
rs2812539		0	0.007879204170253336	5	MAF	-0.36372277269973485	0.36372277269973485
rs2812539		0	0.007879204170253336	6	CI_width	0.3427539685818144	0.3427539685818144
rs2812539		0	0.007879204170253336	7	MR_MEGA_Association_P	0.2790635597053457	0.2790635597053457
rs2812539		0	0.007879204170253336	8	Gene_count	0.23480901528957066	0.23480901528957066
rs2812539		0	0.007879204170253336	9	Effective_Sample_Size	-0.2016272266623151	0.2016272266623151
rs2812539		0	0.007879204170253336	10	Risk_Allele_Frequency	0.16588188734978915	0.16588188734978915
rs10490563		0	0.007610662046025493	1	Is_intergenic	-5.67606231702118	5.67606231702118
rs10490563		0	0.007610662046025493	2	Has_MODIFIER_impact	2.5037816723166606	2.5037816723166606
rs10490563		0	0.007610662046025493	3	Is_intronic	1.4462416721017908	1.4462416721017908
rs10490563		0	0.007610662046025493	4	Biotype_count	-1.1534583343653926	1.1534583343653926
rs10490563		0	0.007610662046025493	5	CI_width	0.371412327158892	0.371412327158892
rs10490563		0	0.007610662046025493	6	Gene_count	0.23480901528957066	0.23480901528957066
rs10490563		0	0.007610662046025493	7	MAF	-0.21923865828010775	0.21923865828010775
rs10490563		0	0.007610662046025493	8	Effective_Sample_Size	-0.20327316045546512	0.20327316045546512
rs10490563		0	0.007610662046025493	9	log_OR	-0.19000935083296205	0.19000935083296205
rs10490563		0	0.007610662046025493	10	Risk_Allele_Frequency	0.183222141861336	0.183222141861336
rs1907225		0	0.005258494458431551	1	Is_intergenic	-5.67606231702118	5.67606231702118
rs1907225		0	0.005258494458431551	2	Has_MODIFIER_impact	2.5037816723166606	2.5037816723166606
rs1907225		0	0.005258494458431551	3	Is_intronic	1.4462416721017908	1.4462416721017908
rs1907225		0	0.005258494458431551	4	Biotype_count	-1.1534583343653926	1.1534583343653926
rs1907225		0	0.005258494458431551	5	MAF	-0.5029273214280238	0.5029273214280238
rs1907225		0	0.005258494458431551	6	CI_width	0.40007068573596394	0.40007068573596394
rs1907225		0	0.005258494458431551	7	MR_MEGA_Association_P	0.2790635597013969	0.2790635597013969
rs1907225		0	0.005258494458431551	8	Gene_count	0.23480901528957066	0.23480901528957066
rs1907225		0	0.005258494458431551	9	Effective_Sample_Size	-0.1971832855470218	0.1971832855470218
rs1907225		0	0.005258494458431551	10	SE_log_OR	-0.18682560573360768	0.18682560573360768
rs12534945	PRKRIP1	0	0.2860052223274521	1	Is_intergenic	1.4190155792552945	1.4190155792552945
rs12534945	PRKRIP1	0	0.2860052223274521	2	Biotype_count	1.1689409965716393	1.1689409965716393
rs12534945	PRKRIP1	0	0.2860052223274521	3	Is_intronic	-1.0050153992571766	1.0050153992571766
rs12534945	PRKRIP1	0	0.2860052223274521	4	Has_MODIFIER_impact	-0.6259454180791647	0.6259454180791647
rs12534945	PRKRIP1	0	0.2860052223274521	5	CI_width	0.3140956100047424	0.3140956100047424
rs12534945	PRKRIP1	0	0.2860052223274521	6	Risk_Allele_Frequency	0.2161777778209589	0.2161777778209589
rs12534945	PRKRIP1	0	0.2860052223274521	7	log_OR	-0.19000935083296205	0.19000935083296205
rs12534945	PRKRIP1	0	0.2860052223274521	8	Effective_Sample_Size	-0.18913086047546449	0.18913086047546449
rs12534945	PRKRIP1	0	0.2860052223274521	9	Has_LOW_impact	-0.15772961766600233	0.15772961766600233
rs12534945	PRKRIP1	0	0.2860052223274521	10	neg_log10_P	0.15303273763972117	0.15303273763972117
rs11691374		0	0.010034058856492549	1	Is_intergenic	-5.67606231702118	5.67606231702118
rs11691374		0	0.010034058856492549	2	Has_MODIFIER_impact	2.5037816723166606	2.5037816723166606
rs11691374		0	0.010034058856492549	3	Is_intronic	1.4462416721017908	1.4462416721017908
rs11691374		0	0.010034058856492549	4	Biotype_count	-1.1534583343653926	1.1534583343653926
rs11691374		0	0.010034058856492549	5	Effective_Sample_Size	0.3378290705174901	0.3378290705174901
rs11691374		0	0.010034058856492549	6	MR_MEGA_Association_P	-0.3318720649811475	0.3318720649811475
rs11691374		0	0.010034058856492549	7	MAF	0.28466655603763374	0.28466655603763374
rs11691374		0	0.010034058856492549	8	CI_width	0.25677889285058714	0.25677889285058714
rs11691374		0	0.010034058856492549	9	Gene_count	0.23480901528957066	0.23480901528957066
rs11691374		0	0.010034058856492549	10	Risk_Allele_Frequency	-0.2280157576630156	0.2280157576630156
rs730831	CTBP1	0	0.28670740118386745	1	Is_intergenic	1.4190155792552945	1.4190155792552945
rs730831	CTBP1	0	0.28670740118386745	2	Biotype_count	1.1689409965716393	1.1689409965716393
rs730831	CTBP1	0	0.28670740118386745	3	Is_intronic	-1.0050153992571766	1.0050153992571766
rs730831	CTBP1	0	0.28670740118386745	4	Has_MODIFIER_impact	-0.6259454180791647	0.6259454180791647
rs730831	CTBP1	0	0.28670740118386745	5	MAF	0.5416054196827684	0.5416054196827684
rs730831	CTBP1	0	0.28670740118386745	6	neg_log10_P	-0.512688439019627	0.512688439019627
rs730831	CTBP1	0	0.28670740118386745	7	MR_MEGA_Association_P	0.27906355970561825	0.27906355970561825
rs730831	CTBP1	0	0.28670740118386745	8	Risk_Allele_Frequency	0.2745348097520236	0.2745348097520236
rs730831	CTBP1	0	0.28670740118386745	9	Gene_count	-0.22113082022415878	0.22113082022415878
rs730831	CTBP1	0	0.28670740118386745	10	Effective_Sample_Size	-0.2014968330355932	0.2014968330355932
rs1978487	KAT8	0	0.010858914637436747	1	MAF	-1.5878780709980613	1.5878780709980613
rs1978487	KAT8	0	0.010858914637436747	2	MR_MEGA_Association_P	-1.5160064891701241	1.5160064891701241
rs1978487	KAT8	0	0.010858914637436747	3	Is_intergenic	1.4190155792552945	1.4190155792552945
rs1978487	KAT8	0	0.010858914637436747	4	Biotype_count	1.1689409965716393	1.1689409965716393
rs1978487	KAT8	0	0.010858914637436747	5	Is_intronic	-1.0050153992571766	1.0050153992571766
rs1978487	KAT8	0	0.010858914637436747	6	Has_MODIFIER_impact	-0.6259454180791647	0.6259454180791647
rs1978487	KAT8	0	0.010858914637436747	7	CI_width	0.371412327158892	0.371412327158892
rs1978487	KAT8	0	0.010858914637436747	8	log_OR	-0.24769524297017534	0.24769524297017534
rs1978487	KAT8	0	0.010858914637436747	9	Gene_count	-0.22113082022415878	0.22113082022415878
rs1978487	KAT8	0	0.010858914637436747	10	Effective_Sample_Size	-0.1903931311124555	0.1903931311124555
rs72806282	AC007131.2	0	0.10762406948969887	1	Is_intergenic	1.4190155792552945	1.4190155792552945
rs72806282	AC007131.2	0	0.10762406948969887	2	MAF	1.1334447336818023	1.1334447336818023
rs72806282	AC007131.2	0	0.10762406948969887	3	Is_intronic	-1.0050153992571766	1.0050153992571766
rs72806282	AC007131.2	0	0.10762406948969887	4	MR_MEGA_Association_P	-0.8432904421326326	0.8432904421326326
rs72806282	AC007131.2	0	0.10762406948969887	5	CI_width	-0.7176052987699505	0.7176052987699505
rs72806282	AC007131.2	0	0.10762406948969887	6	Has_MODIFIER_impact	-0.6259454180791647	0.6259454180791647
rs72806282	AC007131.2	0	0.10762406948969887	7	Biotype_count	-0.3793252240530487	0.3793252240530487
rs72806282	AC007131.2	0	0.10762406948969887	8	Effective_Sample_Size	0.3784560293716203	0.3784560293716203
rs72806282	AC007131.2	0	0.10762406948969887	9	SE_log_OR	0.3628112554157192	0.3628112554157192
rs72806282	AC007131.2	0	0.10762406948969887	10	Risk_Allele_Frequency	0.34556437847593624	0.34556437847593624
rs4626927	RP11-630I5.1	0	0.2240509214016193	1	MAF	-1.5757937317489983	1.5757937317489983
rs4626927	RP11-630I5.1	0	0.2240509214016193	2	Is_intronic	1.4462416721017908	1.4462416721017908
rs4626927	RP11-630I5.1	0	0.2240509214016193	3	Is_intergenic	1.4190155792552945	1.4190155792552945
rs4626927	RP11-630I5.1	0	0.2240509214016193	4	Has_MODIFIER_impact	-0.6259454180791647	0.6259454180791647
rs4626927	RP11-630I5.1	0	0.2240509214016193	5	CI_width	0.40007068573596394	0.40007068573596394
rs4626927	RP11-630I5.1	0	0.2240509214016193	6	Biotype_count	0.3948078862592953	0.3948078862592953
rs4626927	RP11-630I5.1	0	0.2240509214016193	7	MR_MEGA_Association_P	0.27906355965406976	0.27906355965406976
rs4626927	RP11-630I5.1	0	0.2240509214016193	8	Gene_count	-0.22113082022415878	0.22113082022415878
rs4626927	RP11-630I5.1	0	0.2240509214016193	9	Effective_Sample_Size	-0.19985089924244323	0.19985089924244323
rs4626927	RP11-630I5.1	0	0.2240509214016193	10	SE_log_OR	-0.1866500127008461	0.1866500127008461
rs316371		0	0.00021908224456937883	1	Is_intergenic	-5.67606231702118	5.67606231702118
rs316371		0	0.00021908224456937883	2	Has_MODIFIER_impact	2.5037816723166606	2.5037816723166606
rs316371		0	0.00021908224456937883	3	MR_MEGA_Association_P	-2.0889037933278347	2.0889037933278347
rs316371		0	0.00021908224456937883	4	MAF	-1.5857662447215266	1.5857662447215266
rs316371		0	0.00021908224456937883	5	Is_intronic	1.4462416721017908	1.4462416721017908
rs316371		0	0.00021908224456937883	6	Biotype_count	-1.1534583343653926	1.1534583343653926
rs316371		0	0.00021908224456937883	7	CI_width	0.40007068573596394	0.40007068573596394
rs316371		0	0.00021908224456937883	8	Gene_count	0.23480901528957066	0.23480901528957066
rs316371		0	0.00021908224456937883	9	log_OR	-0.20150115175553254	0.20150115175553254
rs316371		0	0.00021908224456937883	10	SE_log_OR	-0.1850541509280382	0.1850541509280382
rs676387	HSD17B1	0	0.26801219490658484	1	Biotype_count	1.9430741068839834	1.9430741068839834
rs676387	HSD17B1	0	0.26801219490658484	2	Is_intergenic	1.4190155792552945	1.4190155792552945
rs676387	HSD17B1	0	0.26801219490658484	3	Is_intronic	-1.0050153992571766	1.0050153992571766
rs676387	HSD17B1	0	0.26801219490658484	4	Has_MODIFIER_impact	-0.6259454180791647	0.6259454180791647
rs676387	HSD17B1	0	0.26801219490658484	5	MAF	-0.49301347029651044	0.49301347029651044
rs676387	HSD17B1	0	0.26801219490658484	6	CI_width	0.371412327158892	0.371412327158892
rs676387	HSD17B1	0	0.26801219490658484	7	MR_MEGA_Association_P	0.2790635597056182	0.2790635597056182
rs676387	HSD17B1	0	0.26801219490658484	8	Gene_count	-0.22113082022415878	0.22113082022415878
rs676387	HSD17B1	0	0.26801219490658484	9	Effective_Sample_Size	-0.19985089924244323	0.19985089924244323
rs676387	HSD17B1	0	0.26801219490658484	10	SE_log_OR	-0.17302523560720712	0.17302523560720712
rs1048317	NF1	0	0.4313889799428786	1	Is_3UTR	1.870845748233353	1.870845748233353
rs1048317	NF1	0	0.4313889799428786	2	Is_intergenic	1.4190155792552945	1.4190155792552945
rs1048317	NF1	0	0.4313889799428786	3	Biotype_count	1.1689409965716393	1.1689409965716393
rs1048317	NF1	0	0.4313889799428786	4	MAF	-1.0901910118278966	1.0901910118278966
rs1048317	NF1	0	0.4313889799428786	5	Is_intronic	-1.0050153992571766	1.0050153992571766
rs1048317	NF1	0	0.4313889799428786	6	Has_MODIFIER_impact	-0.6259454180791647	0.6259454180791647
rs1048317	NF1	0	0.4313889799428786	7	CI_width	0.40007068573596394	0.40007068573596394
rs1048317	NF1	0	0.4313889799428786	8	MR_MEGA_Association_P	0.27906355970561825	0.27906355970561825
rs1048317	NF1	0	0.4313889799428786	9	Effective_Sample_Size	-0.19393416765146318	0.19393416765146318
rs1048317	NF1	0	0.4313889799428786	10	SE_log_OR	-0.187872031283406	0.187872031283406
rs10849893	KDM2B	0	0.21935823536348306	1	Is_intergenic	1.4190155792552945	1.4190155792552945
rs10849893	KDM2B	0	0.21935823536348306	2	Biotype_count	1.1689409965716393	1.1689409965716393
rs10849893	KDM2B	0	0.21935823536348306	3	Is_intronic	-1.0050153992571766	1.0050153992571766
rs10849893	KDM2B	0	0.21935823536348306	4	Has_MODIFIER_impact	-0.6259454180791647	0.6259454180791647
rs10849893	KDM2B	0	0.21935823536348306	5	MAF	-0.5925626144987464	0.5925626144987464
rs10849893	KDM2B	0	0.21935823536348306	6	CI_width	0.37141232715888634	0.37141232715888634
rs10849893	KDM2B	0	0.21935823536348306	7	MR_MEGA_Association_P	0.2788581465850112	0.2788581465850112
rs10849893	KDM2B	0	0.21935823536348306	8	Effective_Sample_Size	-0.19978837723057025	0.19978837723057025
rs10849893	KDM2B	0	0.21935823536348306	9	SE_log_OR	-0.17093877682780317	0.17093877682780317
rs10849893	KDM2B	0	0.21935823536348306	10	log_OR	-0.16709319363236078	0.16709319363236078
rs3783300	PRKD1	0	0.048083546550775	1	Is_intergenic	1.4190155792552945	1.4190155792552945
rs3783300	PRKD1	0	0.048083546550775	2	MAF	-1.030883890561862	1.030883890561862
rs3783300	PRKD1	0	0.048083546550775	3	Is_intronic	-1.0050153992571766	1.0050153992571766
rs3783300	PRKD1	0	0.048083546550775	4	Has_MODIFIER_impact	-0.6259454180791647	0.6259454180791647
rs3783300	PRKD1	0	0.048083546550775	5	CI_width	0.40007068573596394	0.40007068573596394
rs3783300	PRKD1	0	0.048083546550775	6	Biotype_count	0.3948078862592953	0.3948078862592953
rs3783300	PRKD1	0	0.048083546550775	7	MR_MEGA_Association_P	0.27742975673153697	0.27742975673153697
rs3783300	PRKD1	0	0.048083546550775	8	Effective_Sample_Size	-0.19457008697614372	0.19457008697614372
rs3783300	PRKD1	0	0.048083546550775	9	SE_log_OR	-0.18576689296570498	0.18576689296570498
rs3783300	PRKD1	0	0.048083546550775	10	log_OR	-0.17854006079830334	0.17854006079830334
rs10864859	AC018866.1	0	0.6599934540864465	1	Is_intronic	1.4462416721017908	1.4462416721017908
rs10864859	AC018866.1	0	0.6599934540864465	2	Is_intergenic	1.4190155792552945	1.4190155792552945
rs10864859	AC018866.1	0	0.6599934540864465	3	Has_MODIFIER_impact	-0.6259454180791647	0.6259454180791647
rs10864859	AC018866.1	0	0.6599934540864465	4	MAF	0.4434641596648895	0.4434641596648895
rs10864859	AC018866.1	0	0.6599934540864465	5	Biotype_count	-0.3793252240530487	0.3793252240530487
rs10864859	AC018866.1	0	0.6599934540864465	6	MR_MEGA_Association_P	0.2790635341990165	0.2790635341990165
rs10864859	AC018866.1	0	0.6599934540864465	7	Risk_Allele_Frequency	0.2627563908328932	0.2627563908328932
rs10864859	AC018866.1	0	0.6599934540864465	8	CI_width	0.19946217569644323	0.19946217569644323
rs10864859	AC018866.1	0	0.6599934540864465	9	Effective_Sample_Size	-0.19705289192029984	0.19705289192029984
rs10864859	AC018866.1	0	0.6599934540864465	10	Has_LOW_impact	-0.15772961766600233	0.15772961766600233
