SNP	Assembly	Annotation_Chromosome	Annotation_Position	Allele_string	Most_severe_consequence	Gene_symbol	Gene_ID	Transcript_ID	Consequence	Impact	Biotype	Exon	Protein_position	Amino_acids
rs12138597					intron_variant	SKI		ENST00000378536	intron_variant	MODIFIER	protein_coding			
rs12138597					intron_variant	SKI		ENST00000478223	intron_variant,non_coding_transcript_variant	MODIFIER	processed_transcript			
rs12138597					intron_variant	SKI		ENST00000508416	intron_variant,non_coding_transcript_variant	MODIFIER	processed_transcript			
rs12402498					5_prime_UTR_variant	PHF13		ENST00000377648	5_prime_UTR_variant	MODIFIER	protein_coding			
rs12402498					5_prime_UTR_variant	KLHL21		ENST00000463043	intron_variant	MODIFIER	protein_coding			
rs12402498					5_prime_UTR_variant	KLHL21		ENST00000467612	intron_variant	MODIFIER	protein_coding			
rs12402498					5_prime_UTR_variant	PHF13		ENST00000495385	upstream_gene_variant	MODIFIER	processed_transcript			
rs6697896					intron_variant	MTOR		ENST00000361445	intron_variant	MODIFIER	protein_coding			
rs12746673					intron_variant	PLEKHM2		ENST00000375793	intron_variant	MODIFIER	protein_coding			
rs12746673					intron_variant	PLEKHM2		ENST00000375799	intron_variant	MODIFIER	protein_coding			
rs12746673					intron_variant	RP11-288I21.1		ENST00000453804	intron_variant,non_coding_transcript_variant	MODIFIER	antisense			
rs12746673					intron_variant	PLEKHM2		ENST00000462455	downstream_gene_variant	MODIFIER	processed_transcript			
rs10927878					non_coding_transcript_exon_variant	TBC1D3P6		ENST00000505954	non_coding_transcript_exon_variant	MODIFIER	unprocessed_pseudogene			
rs10916784					intron_variant	LINC01141		ENST00000418743	intron_variant,non_coding_transcript_variant	MODIFIER	lincRNA			
rs10916784					intron_variant	LINC01141		ENST00000423486	intron_variant,non_coding_transcript_variant	MODIFIER	lincRNA			
rs10916784					intron_variant	LINC01141		ENST00000426428	intron_variant,non_coding_transcript_variant	MODIFIER	lincRNA			
rs12119086					intron_variant	RP11-293P20.2		ENST00000439239	intron_variant,non_coding_transcript_variant	MODIFIER	antisense			
rs61776586					intron_variant	PDIK1L		ENST00000374269	intron_variant	MODIFIER	protein_coding			
rs61776586					intron_variant	PDIK1L		ENST00000374271	intron_variant	MODIFIER	protein_coding			
rs61776586					intron_variant	PDIK1L		ENST00000444713	intron_variant	MODIFIER	protein_coding			
rs2873789					upstream_gene_variant	GMEB1		ENST00000294409	upstream_gene_variant	MODIFIER	protein_coding			
rs2873789					upstream_gene_variant	GMEB1		ENST00000361872	upstream_gene_variant	MODIFIER	protein_coding			
rs2873789					upstream_gene_variant	GMEB1		ENST00000373816	upstream_gene_variant	MODIFIER	protein_coding			
rs139751114					intron_variant	S100PBP		ENST00000356689	downstream_gene_variant	MODIFIER	processed_transcript			
rs139751114					intron_variant	S100PBP		ENST00000373475	intron_variant	MODIFIER	protein_coding			
rs139751114					intron_variant	S100PBP		ENST00000373476	intron_variant	MODIFIER	protein_coding			
rs139751114					intron_variant	S100PBP		ENST00000398243	downstream_gene_variant	MODIFIER	protein_coding			
rs139751114					intron_variant	S100PBP		ENST00000531123	intron_variant,non_coding_transcript_variant	MODIFIER	processed_transcript			
rs11576244					intron_variant	THRAP3		ENST00000354618	intron_variant	MODIFIER	protein_coding			
rs11576244					intron_variant	THRAP3		ENST00000466743	intron_variant,non_coding_transcript_variant	MODIFIER	processed_transcript			
rs11576244					intron_variant	THRAP3		ENST00000469141	intron_variant	MODIFIER	protein_coding			
rs188918325					intron_variant	MACF1		ENST00000289893	intron_variant	MODIFIER	protein_coding			
rs188918325					intron_variant	MACF1		ENST00000317713	intron_variant	MODIFIER	protein_coding			
rs188918325					intron_variant	MACF1		ENST00000361689	intron_variant	MODIFIER	protein_coding			
rs188918325					intron_variant	MACF1		ENST00000372915	intron_variant	MODIFIER	protein_coding			
rs188918325					intron_variant	MACF1		ENST00000372925	intron_variant	MODIFIER	protein_coding			
rs188918325					intron_variant	MACF1		ENST00000476350	intron_variant,non_coding_transcript_variant	MODIFIER	processed_transcript			
rs188918325					intron_variant	MACF1		ENST00000530262	intron_variant	MODIFIER	protein_coding			
rs188918325					intron_variant	MACF1		ENST00000539005	intron_variant	MODIFIER	protein_coding			
rs188918325					intron_variant	MACF1		ENST00000545844	intron_variant	MODIFIER	protein_coding			
rs188918325					intron_variant	MACF1		ENST00000564288	intron_variant	MODIFIER	protein_coding			
rs188918325					intron_variant	MACF1		ENST00000567887	intron_variant	MODIFIER	protein_coding			
rs3768321					intron_variant	SNORA55		ENST00000364587	upstream_gene_variant	MODIFIER	snoRNA			
rs3768321					intron_variant	PABPC4		ENST00000372856	intron_variant	MODIFIER	protein_coding			
rs3768321					intron_variant	PABPC4		ENST00000372857	intron_variant	MODIFIER	protein_coding			
rs3768321					intron_variant	PABPC4		ENST00000372858	intron_variant	MODIFIER	protein_coding			
rs3768321					intron_variant	PABPC4		ENST00000372862	intron_variant	MODIFIER	protein_coding			
rs3768321					intron_variant	RP11-69E11.8		ENST00000415255	intron_variant,non_coding_transcript_variant	MODIFIER	antisense			
rs3768321					intron_variant	PABPC4		ENST00000421687	intron_variant	MODIFIER	protein_coding			
rs3768321					intron_variant	PABPC4		ENST00000451091	downstream_gene_variant	MODIFIER	protein_coding			
rs3768321					intron_variant	PABPC4		ENST00000470443	intron_variant,NMD_transcript_variant	MODIFIER	nonsense_mediated_decay			
rs3768321					intron_variant	PABPC4		ENST00000474378	intron_variant	MODIFIER	protein_coding			
rs3768321					intron_variant	PABPC4		ENST00000492519	upstream_gene_variant	MODIFIER	retained_intron			
rs3768321					intron_variant	PABPC4		ENST00000513632	upstream_gene_variant	MODIFIER	retained_intron			
rs3768321					intron_variant	PABPC4		ENST00000525669	upstream_gene_variant	MODIFIER	retained_intron			
rs3768321					intron_variant	PABPC4		ENST00000525751	intron_variant,non_coding_transcript_variant	MODIFIER	retained_intron			
rs3768321					intron_variant	PABPC4		ENST00000527718	upstream_gene_variant	MODIFIER	protein_coding			
rs3768321					intron_variant	PABPC4		ENST00000529216	intron_variant,non_coding_transcript_variant	MODIFIER	processed_transcript			
rs35042446					missense_variant	RLF		ENST00000372771	missense_variant	MODERATE	protein_coding		957.0	G/D
rs35042446					missense_variant	RLF		ENST00000372771	missense_variant	MODERATE	protein_coding		957.0	G/A
rs4626927					upstream_gene_variant	RP11-630I5.1		ENST00000399997	downstream_gene_variant	MODIFIER	processed_pseudogene			
rs4626927					upstream_gene_variant	RP11-630I5.1		ENST00000463059	downstream_gene_variant	MODIFIER	processed_pseudogene			
rs4626927					upstream_gene_variant	MAST2		ENST00000470809	upstream_gene_variant	MODIFIER	processed_transcript			
rs2008713					upstream_gene_variant	TAL1		ENST00000371884	upstream_gene_variant	MODIFIER	protein_coding			
rs2008713					upstream_gene_variant	TAL1		ENST00000464796	upstream_gene_variant	MODIFIER	processed_transcript			
rs12063943					intron_variant	FAF1		ENST00000371778	intron_variant	MODIFIER	protein_coding			
rs12063943					intron_variant	FAF1		ENST00000396153	intron_variant	MODIFIER	protein_coding			
rs12063943					intron_variant	FAF1		ENST00000487898	intron_variant,non_coding_transcript_variant	MODIFIER	processed_transcript			
rs12140915					intron_variant	DAB1		ENST00000371234	intron_variant	MODIFIER	protein_coding			
rs12140915					intron_variant	DAB1		ENST00000485760	intron_variant,non_coding_transcript_variant	MODIFIER	processed_transcript			
rs12140153					missense_variant	INADL		ENST00000316485	missense_variant	MODERATE	protein_coding		1573.0	G/D
rs12140153					missense_variant	INADL		ENST00000316485	missense_variant	MODERATE	protein_coding		1573.0	G/V
rs12140153					missense_variant	INADL		ENST00000371158	missense_variant	MODERATE	protein_coding		1543.0	G/D
rs12140153					missense_variant	INADL		ENST00000371158	missense_variant	MODERATE	protein_coding		1543.0	G/V
rs12140153					missense_variant	INADL		ENST00000459752	non_coding_transcript_exon_variant	MODIFIER	retained_intron			
rs12140153					missense_variant	INADL		ENST00000465798	non_coding_transcript_exon_variant	MODIFIER	processed_transcript			
rs12140153					missense_variant	INADL		ENST00000484562	non_coding_transcript_exon_variant	MODIFIER	retained_intron			
rs12140153					missense_variant	INADL		ENST00000484937	missense_variant,NMD_transcript_variant	MODERATE	nonsense_mediated_decay		1002.0	G/D
rs12140153					missense_variant	INADL		ENST00000484937	missense_variant,NMD_transcript_variant	MODERATE	nonsense_mediated_decay		1002.0	G/V
rs12140153					missense_variant	INADL		ENST00000543708	missense_variant	MODERATE	protein_coding		357.0	G/D
rs12140153					missense_variant	INADL		ENST00000543708	missense_variant	MODERATE	protein_coding		357.0	G/V
rs12140153					missense_variant	INADL		ENST00000545929	missense_variant	MODERATE	protein_coding		188.0	G/D
rs12140153					missense_variant	INADL		ENST00000545929	missense_variant	MODERATE	protein_coding		188.0	G/V
rs2269247					intron_variant	PGM1		ENST00000371083	intron_variant	MODIFIER	protein_coding			
rs2269247					intron_variant	PGM1		ENST00000371084	intron_variant	MODIFIER	protein_coding			
rs2269247					intron_variant	PGM1		ENST00000540265	intron_variant	MODIFIER	protein_coding			
rs10789175					intron_variant	AK4		ENST00000327299	intron_variant	MODIFIER	protein_coding			
rs10789175					intron_variant	AK4		ENST00000395334	intron_variant	MODIFIER	protein_coding			
rs10789175					intron_variant	AK4		ENST00000470888	intron_variant,non_coding_transcript_variant	MODIFIER	processed_transcript			
rs10789175					intron_variant	AK4		ENST00000474968	intron_variant,non_coding_transcript_variant	MODIFIER	processed_transcript			
rs10789175					intron_variant	AK4		ENST00000479060	intron_variant,non_coding_transcript_variant	MODIFIER	processed_transcript			
rs10789175					intron_variant	AK4		ENST00000497030	intron_variant,non_coding_transcript_variant	MODIFIER	processed_transcript			
rs10789175					intron_variant	AK4		ENST00000545314	intron_variant	MODIFIER	protein_coding			
rs10789175					intron_variant	AK4		ENST00000546702	intron_variant	MODIFIER	protein_coding			
rs1571151					intron_variant	LEPR		ENST00000344610	intron_variant	MODIFIER	protein_coding			
rs1571151					intron_variant	LEPR		ENST00000349533	intron_variant	MODIFIER	protein_coding			
rs1571151					intron_variant	LEPR		ENST00000371059	intron_variant	MODIFIER	protein_coding			
rs1571151					intron_variant	LEPR		ENST00000371060	intron_variant	MODIFIER	protein_coding			
rs1571151					intron_variant	LEPR		ENST00000406510	intron_variant	MODIFIER	protein_coding			
rs1571151					intron_variant	LEPR		ENST00000462765	upstream_gene_variant	MODIFIER	processed_transcript			
rs2815749					intergenic_variant				intergenic_variant					
rs4970658					intergenic_variant				intergenic_variant					
rs6692233					upstream_gene_variant	TTLL7		ENST00000260505	downstream_gene_variant	MODIFIER	protein_coding			
rs6692233					upstream_gene_variant	RP11-475O6.1		ENST00000413975	upstream_gene_variant	MODIFIER	lincRNA			
rs6692233					upstream_gene_variant	RP11-475O6.1		ENST00000417565	upstream_gene_variant	MODIFIER	lincRNA			
rs6692233					upstream_gene_variant	RP11-475O6.1		ENST00000417975	upstream_gene_variant	MODIFIER	lincRNA			
rs6692233					upstream_gene_variant	RP11-475O6.1		ENST00000419733	upstream_gene_variant	MODIFIER	lincRNA			
rs6692233					upstream_gene_variant	RP11-475O6.1		ENST00000457273	upstream_gene_variant	MODIFIER	lincRNA			
rs6692233					upstream_gene_variant	TTLL7		ENST00000472688	downstream_gene_variant	MODIFIER	processed_transcript			
rs6692233					upstream_gene_variant	TTLL7		ENST00000474957	downstream_gene_variant	MODIFIER	nonsense_mediated_decay			
rs6692233					upstream_gene_variant	TTLL7		ENST00000477524	downstream_gene_variant	MODIFIER	processed_transcript			
rs6692233					upstream_gene_variant	TTLL7		ENST00000480174	downstream_gene_variant	MODIFIER	nonsense_mediated_decay			
rs6692233					upstream_gene_variant	TTLL7		ENST00000488014	downstream_gene_variant	MODIFIER	processed_transcript			
rs6604014					intron_variant	EVI5		ENST00000370331	intron_variant	MODIFIER	protein_coding			
rs6604014					intron_variant	RP11-330C7.4		ENST00000429959	upstream_gene_variant	MODIFIER	processed_pseudogene			
rs6604014					intron_variant	EVI5		ENST00000466778	intron_variant,non_coding_transcript_variant	MODIFIER	processed_transcript			
rs6604014					intron_variant	EVI5		ENST00000474806	intron_variant,non_coding_transcript_variant	MODIFIER	processed_transcript			
rs6604014					intron_variant	EVI5		ENST00000540033	intron_variant	MODIFIER	protein_coding			
rs6604014					intron_variant	EVI5		ENST00000543509	intron_variant	MODIFIER	protein_coding			
rs11165431					intergenic_variant				intergenic_variant					
rs321234					intron_variant	RP11-147C23.1		ENST00000412513	intron_variant,non_coding_transcript_variant	MODIFIER	processed_transcript			
rs321234					intron_variant	RP11-147C23.1		ENST00000413825	intron_variant	MODIFIER	protein_coding			
rs321234					intron_variant	RP11-147C23.1		ENST00000442558	intron_variant,non_coding_transcript_variant	MODIFIER	processed_transcript			
rs321234					intron_variant	RP11-147C23.1		ENST00000451675	intron_variant,non_coding_transcript_variant	MODIFIER	processed_transcript			
rs321234					intron_variant	RP11-147C23.1		ENST00000593954	intron_variant,non_coding_transcript_variant	MODIFIER	processed_transcript			
rs321234					intron_variant	RP11-147C23.1		ENST00000595613	intron_variant,non_coding_transcript_variant	MODIFIER	processed_transcript			
rs321234					intron_variant	RP11-147C23.1		ENST00000598129	intron_variant,non_coding_transcript_variant	MODIFIER	processed_transcript			
rs321234					intron_variant	RP11-147C23.1		ENST00000598612	intron_variant,non_coding_transcript_variant	MODIFIER	processed_transcript			
rs12757257					intergenic_variant				intergenic_variant					
rs1410467					intergenic_variant				intergenic_variant					
rs6577334					intergenic_variant				intergenic_variant					
rs12066815					intron_variant	NTNG1		ENST00000294649	intron_variant,non_coding_transcript_variant	MODIFIER	retained_intron			
rs12066815					intron_variant	NTNG1		ENST00000370061	intron_variant	MODIFIER	protein_coding			
rs12066815					intron_variant	NTNG1		ENST00000370065	intron_variant	MODIFIER	protein_coding			
rs12066815					intron_variant	NTNG1		ENST00000370066	intron_variant	MODIFIER	protein_coding			
rs12066815					intron_variant	NTNG1		ENST00000370067	intron_variant	MODIFIER	protein_coding			
rs12066815					intron_variant	NTNG1		ENST00000370068	intron_variant	MODIFIER	protein_coding			
rs12066815					intron_variant	NTNG1		ENST00000370070	intron_variant	MODIFIER	protein_coding			
rs12066815					intron_variant	NTNG1		ENST00000370071	intron_variant	MODIFIER	protein_coding			
rs12066815					intron_variant	NTNG1		ENST00000370072	intron_variant	MODIFIER	protein_coding			
rs12066815					intron_variant	NTNG1		ENST00000370073	intron_variant	MODIFIER	protein_coding			
rs12066815					intron_variant	NTNG1		ENST00000370074	intron_variant	MODIFIER	protein_coding			
rs12066815					intron_variant	NTNG1		ENST00000542803	intron_variant	MODIFIER	protein_coding			
rs333947					intron_variant	CSF1		ENST00000329608	intron_variant	MODIFIER	protein_coding			
rs333947					intron_variant	CSF1		ENST00000344188	intron_variant	MODIFIER	protein_coding			
rs333947					intron_variant	CSF1		ENST00000369801	downstream_gene_variant	MODIFIER	protein_coding			
rs333947					intron_variant	CSF1		ENST00000369802	downstream_gene_variant	MODIFIER	protein_coding			
rs333947					intron_variant	CSF1		ENST00000420111	intron_variant	MODIFIER	protein_coding			
rs333947					intron_variant	CSF1		ENST00000488198	downstream_gene_variant	MODIFIER	protein_coding			
rs12033257					3_prime_UTR_variant	KCND3		ENST00000302127	3_prime_UTR_variant	MODIFIER	protein_coding			
rs12033257					3_prime_UTR_variant	KCND3		ENST00000315987	3_prime_UTR_variant	MODIFIER	protein_coding			
rs12033257					3_prime_UTR_variant	KCND3		ENST00000369697	3_prime_UTR_variant	MODIFIER	protein_coding			
rs1127215					3_prime_UTR_variant	PTGFRN		ENST00000393203	3_prime_UTR_variant	MODIFIER	protein_coding			
rs1127215					3_prime_UTR_variant	PTGFRN		ENST00000497385	non_coding_transcript_exon_variant	MODIFIER	processed_transcript			
rs1146297					5_prime_UTR_variant	MAN1A2		ENST00000356554	5_prime_UTR_variant	MODIFIER	protein_coding			
rs1146297					5_prime_UTR_variant	MAN1A2		ENST00000482811	non_coding_transcript_exon_variant	MODIFIER	processed_transcript			
rs1146297					5_prime_UTR_variant	RP11-188D8.1		ENST00000604156	upstream_gene_variant	MODIFIER	lincRNA			
rs320369					intron_variant	AL157902.3		ENST00000425010	downstream_gene_variant	MODIFIER	antisense			
rs320369					intron_variant	AL157902.3		ENST00000440801	intron_variant,non_coding_transcript_variant	MODIFIER	antisense			
rs320369					intron_variant	AL157902.3		ENST00000456126	downstream_gene_variant	MODIFIER	antisense			
rs2493389					downstream_gene_variant	AL512503.1		ENST00000579475	downstream_gene_variant	MODIFIER	protein_coding			
rs2493389					intron_variant	NOTCH2		ENST00000256646	intron_variant	MODIFIER	protein_coding			
rs2493389					intron_variant	NOTCH2		ENST00000478864	downstream_gene_variant	MODIFIER	processed_transcript			
rs59689207					intron_variant	CHD1L		ENST00000579109	intron_variant	MODIFIER	protein_coding			
rs59689207					intron_variant	CHD1L		ENST00000579763	intron_variant	MODIFIER	protein_coding			
rs59689207					intron_variant	CHD1L		ENST00000580988	intron_variant,non_coding_transcript_variant	MODIFIER	processed_transcript			
rs59689207					intron_variant	CHD1L		ENST00000581543	intron_variant,non_coding_transcript_variant	MODIFIER	processed_transcript			
rs59689207					intron_variant	CHD1L		ENST00000582612	intron_variant	MODIFIER	protein_coding			
rs59689207					intron_variant	CHD1L		ENST00000582670	intron_variant,non_coding_transcript_variant	MODIFIER	processed_transcript			
rs59689207					intron_variant	CHD1L		ENST00000583055	intron_variant	MODIFIER	protein_coding			
rs59689207					intron_variant	CHD1L		ENST00000361293	intron_variant	MODIFIER	protein_coding			
rs59689207					intron_variant	CHD1L		ENST00000369258	intron_variant	MODIFIER	protein_coding			
rs59689207					intron_variant	CHD1L		ENST00000369259	intron_variant	MODIFIER	protein_coding			
rs59689207					intron_variant	CHD1L		ENST00000431239	intron_variant	MODIFIER	protein_coding			
rs59689207					intron_variant	CHD1L		ENST00000467213	intron_variant,non_coding_transcript_variant	MODIFIER	processed_transcript			
rs59689207					intron_variant	CHD1L		ENST00000488864	intron_variant,non_coding_transcript_variant	MODIFIER	processed_transcript			
rs59689207					intron_variant	CHD1L		ENST00000492728	intron_variant,non_coding_transcript_variant	MODIFIER	processed_transcript			
rs80296758					downstream_gene_variant	BCL9		ENST00000585295	downstream_gene_variant	MODIFIER	protein_coding			
rs80296758					downstream_gene_variant	BCL9		ENST00000234739	downstream_gene_variant	MODIFIER	protein_coding			
rs80296758					downstream_gene_variant	ACP6		ENST00000609196	downstream_gene_variant	MODIFIER	protein_coding			
rs12758483					intergenic_variant				intergenic_variant					
rs116279971					intron_variant	HORMAD1		ENST00000322343	intron_variant	MODIFIER	protein_coding			
rs116279971					intron_variant	HORMAD1		ENST00000361824	intron_variant	MODIFIER	protein_coding			
rs116279971					intron_variant	HORMAD1		ENST00000368987	intron_variant	MODIFIER	protein_coding			
rs116279971					intron_variant	HORMAD1		ENST00000368993	intron_variant	MODIFIER	protein_coding			
rs116279971					intron_variant	HORMAD1		ENST00000368995	intron_variant	MODIFIER	protein_coding			
rs116279971					intron_variant	HORMAD1		ENST00000442853	intron_variant	MODIFIER	protein_coding			
rs116279971					intron_variant	HORMAD1		ENST00000476530	downstream_gene_variant	MODIFIER	processed_transcript			
rs35550545					intron_variant	PRUNE		ENST00000271619	intron_variant	MODIFIER	protein_coding			
rs35550545					intron_variant	PRUNE		ENST00000271620	intron_variant	MODIFIER	protein_coding			
rs35550545					intron_variant	RNU6-884P		ENST00000363889	upstream_gene_variant	MODIFIER	snRNA			
rs35550545					intron_variant	PRUNE		ENST00000368934	intron_variant	MODIFIER	protein_coding			
rs35550545					intron_variant	PRUNE		ENST00000368935	intron_variant	MODIFIER	protein_coding			
rs35550545					intron_variant	PRUNE		ENST00000368936	intron_variant	MODIFIER	protein_coding			
rs35550545					intron_variant	PRUNE		ENST00000368937	intron_variant	MODIFIER	protein_coding			
rs35550545					intron_variant	PRUNE		ENST00000431193	intron_variant	MODIFIER	protein_coding			
rs35550545					intron_variant	PRUNE		ENST00000450884	intron_variant	MODIFIER	protein_coding			
rs35550545					intron_variant	PRUNE		ENST00000462440	intron_variant,non_coding_transcript_variant	MODIFIER	processed_transcript			
rs35550545					intron_variant	PRUNE		ENST00000467771	intron_variant,non_coding_transcript_variant	MODIFIER	processed_transcript			
rs35550545					intron_variant	PRUNE		ENST00000475722	intron_variant,non_coding_transcript_variant	MODIFIER	processed_transcript			
rs4971038					intergenic_variant				intergenic_variant					
rs1685635					upstream_gene_variant	AQP10		ENST00000324978	upstream_gene_variant	MODIFIER	protein_coding			
rs1685635					upstream_gene_variant	AQP10		ENST00000355197	upstream_gene_variant	MODIFIER	processed_transcript			
rs1685635					upstream_gene_variant	AQP10		ENST00000484864	upstream_gene_variant	MODIFIER	protein_coding			
rs4971072					upstream_gene_variant	FDPS		ENST00000356657	upstream_gene_variant	MODIFIER	protein_coding			
rs4971072					upstream_gene_variant	FDPS		ENST00000368356	upstream_gene_variant	MODIFIER	protein_coding			
rs4971072					upstream_gene_variant	FDPS		ENST00000447866	upstream_gene_variant	MODIFIER	protein_coding			
rs4971072					upstream_gene_variant	FDPS		ENST00000461507	upstream_gene_variant	MODIFIER	processed_transcript			
rs4971072					upstream_gene_variant	FDPS		ENST00000465559	upstream_gene_variant	MODIFIER	processed_transcript			
rs4971072					upstream_gene_variant	FDPS		ENST00000467076	upstream_gene_variant	MODIFIER	processed_transcript			
rs4971072					upstream_gene_variant	FDPS		ENST00000468479	upstream_gene_variant	MODIFIER	processed_transcript			
rs4971072					upstream_gene_variant	FDPS		ENST00000470171	upstream_gene_variant	MODIFIER	processed_transcript			
rs4971072					upstream_gene_variant	FDPS		ENST00000471117	upstream_gene_variant	MODIFIER	processed_transcript			
rs4971072					upstream_gene_variant	FDPS		ENST00000474345	upstream_gene_variant	MODIFIER	processed_transcript			
rs4971072					upstream_gene_variant	FDPS		ENST00000477057	upstream_gene_variant	MODIFIER	processed_transcript			
rs4971072					upstream_gene_variant	FDPS		ENST00000487002	upstream_gene_variant	MODIFIER	processed_transcript			
rs4971072					upstream_gene_variant	FDPS		ENST00000489003	upstream_gene_variant	MODIFIER	processed_transcript			
rs4971072					upstream_gene_variant	FDPS		ENST00000491013	upstream_gene_variant	MODIFIER	processed_transcript			
rs4971072					upstream_gene_variant	FDPS		ENST00000495308	upstream_gene_variant	MODIFIER	processed_transcript			
rs4971072					upstream_gene_variant	PKLR		ENST00000571194	upstream_gene_variant	MODIFIER	protein_coding			
rs4971072					upstream_gene_variant	PKLR		ENST00000572740	upstream_gene_variant	MODIFIER	protein_coding			
rs4971072					upstream_gene_variant	PKLR		ENST00000573938	upstream_gene_variant	MODIFIER	nonsense_mediated_decay			
rs4971072					upstream_gene_variant	PKLR		ENST00000342741	upstream_gene_variant	MODIFIER	protein_coding			
rs4971072					upstream_gene_variant	PKLR		ENST00000392414	upstream_gene_variant	MODIFIER	protein_coding			
rs4971072					upstream_gene_variant	PKLR		ENST00000434082	upstream_gene_variant	MODIFIER	nonsense_mediated_decay			
rs2227199					intron_variant	DNM3		ENST00000355305	intron_variant	MODIFIER	protein_coding			
rs2227199					intron_variant	DNM3		ENST00000358155	intron_variant	MODIFIER	protein_coding			
rs2227199					intron_variant	DNM3		ENST00000367731	intron_variant	MODIFIER	protein_coding			
rs2227199					intron_variant	PIGC		ENST00000475059	intron_variant,non_coding_transcript_variant	MODIFIER	processed_transcript			
rs2227199					intron_variant	PIGC		ENST00000484368	downstream_gene_variant	MODIFIER	processed_transcript			
rs2227199					intron_variant	DNM3		ENST00000485254	intron_variant	MODIFIER	protein_coding			
rs2227199					intron_variant	PIGC		ENST00000489002	intron_variant,non_coding_transcript_variant	MODIFIER	processed_transcript			
rs2227199					intron_variant	DNM3		ENST00000491124	downstream_gene_variant	MODIFIER	retained_intron			
rs539515					downstream_gene_variant	SEC16B		ENST00000441371	downstream_gene_variant	MODIFIER	processed_transcript			
rs74128490					intron_variant	SEC16B		ENST00000308284	intron_variant	MODIFIER	protein_coding			
rs74128490					intron_variant	SEC16B		ENST00000327037	intron_variant,non_coding_transcript_variant	MODIFIER	processed_transcript			
rs74128490					intron_variant	SEC16B		ENST00000464631	intron_variant	MODIFIER	protein_coding			
rs74128490					intron_variant	SEC16B		ENST00000526773	intron_variant,non_coding_transcript_variant	MODIFIER	retained_intron			
rs74128490					intron_variant	SEC16B		ENST00000527976	intron_variant	MODIFIER	protein_coding			
rs74128490					intron_variant	SEC16B		ENST00000528461	intron_variant,NMD_transcript_variant	MODIFIER	nonsense_mediated_decay			
rs2816177					intergenic_variant				intergenic_variant					
rs4129858					intron_variant	LAMC1		ENST00000258341	intron_variant	MODIFIER	protein_coding			
rs1327123					intergenic_variant				intergenic_variant					
rs12025652					intergenic_variant				intergenic_variant					
rs12128213					intergenic_variant				intergenic_variant					
rs10919896					upstream_gene_variant	RP11-532L16.1		ENST00000425737	upstream_gene_variant	MODIFIER	processed_pseudogene			
rs10920270					upstream_gene_variant	IPO9		ENST00000361565	downstream_gene_variant	MODIFIER	protein_coding			
rs10920270					upstream_gene_variant	SHISA4		ENST00000362011	upstream_gene_variant	MODIFIER	protein_coding			
rs10920270					upstream_gene_variant	SHISA4		ENST00000464117	upstream_gene_variant	MODIFIER	processed_transcript			
rs10920270					upstream_gene_variant	SHISA4		ENST00000481699	upstream_gene_variant	MODIFIER	processed_transcript			
rs13303359					intergenic_variant				intergenic_variant					
rs6689629					intron_variant	MDM4		ENST00000507825	intron_variant	MODIFIER	protein_coding			
rs4951159					upstream_gene_variant	CNTN2		ENST00000331830	upstream_gene_variant	MODIFIER	protein_coding			
rs4950978					intron_variant	CNTN2		ENST00000331830	intron_variant	MODIFIER	protein_coding			
rs4950978					intron_variant	CNTN2		ENST00000481872	upstream_gene_variant	MODIFIER	retained_intron			
rs4950978					intron_variant	CNTN2		ENST00000530117	upstream_gene_variant	MODIFIER	retained_intron			
rs4950978					intron_variant	CNTN2		ENST00000532366	upstream_gene_variant	MODIFIER	retained_intron			
rs708723					3_prime_UTR_variant	RAB7L1		ENST00000235932	3_prime_UTR_variant	MODIFIER	protein_coding			
rs708723					3_prime_UTR_variant	RAB7L1		ENST00000367139	3_prime_UTR_variant	MODIFIER	protein_coding			
rs708723					3_prime_UTR_variant	RAB7L1		ENST00000414729	downstream_gene_variant	MODIFIER	protein_coding			
rs708723					3_prime_UTR_variant	RAB7L1		ENST00000437324	3_prime_UTR_variant	MODIFIER	protein_coding			
rs708723					3_prime_UTR_variant	RAB7L1		ENST00000446390	3_prime_UTR_variant	MODIFIER	protein_coding			
rs708723					3_prime_UTR_variant	RAB7L1		ENST00000468887	downstream_gene_variant	MODIFIER	processed_transcript			
rs708723					3_prime_UTR_variant	RAB7L1		ENST00000492534	downstream_gene_variant	MODIFIER	retained_intron			
rs708723					3_prime_UTR_variant	RAB7L1		ENST00000528078	3_prime_UTR_variant,NMD_transcript_variant	MODIFIER	nonsense_mediated_decay			
rs708723					3_prime_UTR_variant	RAB7L1		ENST00000533111	downstream_gene_variant	MODIFIER	processed_transcript			
rs11120291					intron_variant	SRGAP2		ENST00000573034	intron_variant	MODIFIER	protein_coding			
rs11120291					intron_variant	SRGAP2		ENST00000604419	intron_variant,non_coding_transcript_variant	MODIFIER	retained_intron			
rs11120291					intron_variant	SRGAP2		ENST00000604925	intron_variant	MODIFIER	protein_coding			
rs11120291					intron_variant	SRGAP2		ENST00000605476	intron_variant	MODIFIER	protein_coding			
rs11120291					intron_variant	SRGAP2		ENST00000605610	intron_variant	MODIFIER	protein_coding			
rs11120291					intron_variant	SRGAP2		ENST00000295713	intron_variant	MODIFIER	protein_coding			
rs11120291					intron_variant	SRGAP2		ENST00000414007	intron_variant	MODIFIER	protein_coding			
rs11120291					intron_variant	SRGAP2		ENST00000419187	intron_variant	MODIFIER	protein_coding			
rs11120291					intron_variant	SRGAP2		ENST00000439126	intron_variant	MODIFIER	protein_coding			
rs11120291					intron_variant	SRGAP2		ENST00000471256	upstream_gene_variant	MODIFIER	processed_transcript			
rs77570671					intergenic_variant				intergenic_variant					
rs11277					3_prime_UTR_variant	SLC30A1		ENST00000367001	3_prime_UTR_variant	MODIFIER	protein_coding			
rs6540733					intergenic_variant				intergenic_variant					
rs3123307					intron_variant	ANGEL2		ENST00000360506	downstream_gene_variant	MODIFIER	protein_coding			
rs3123307					intron_variant	ANGEL2		ENST00000366962	downstream_gene_variant	MODIFIER	protein_coding			
rs3123307					intron_variant	VASH2		ENST00000366965	intron_variant	MODIFIER	protein_coding			
rs3123307					intron_variant	VASH2		ENST00000366966	intron_variant	MODIFIER	protein_coding			
rs3123307					intron_variant	VASH2		ENST00000366967	intron_variant	MODIFIER	protein_coding			
rs3123307					intron_variant	VASH2		ENST00000366968	intron_variant	MODIFIER	protein_coding			
rs3123307					intron_variant	VASH2		ENST00000517399	intron_variant	MODIFIER	protein_coding			
rs3123307					intron_variant	VASH2		ENST00000519906	upstream_gene_variant	MODIFIER	processed_transcript			
rs11120157					intron_variant	RP11-554K11.2		ENST00000417161	intron_variant,non_coding_transcript_variant	MODIFIER	lincRNA			
rs12117411					intron_variant	RP11-323I1.1		ENST00000456240	intron_variant,non_coding_transcript_variant	MODIFIER	lincRNA			
rs61818951					intron_variant	PROX1-AS1		ENST00000413560	intron_variant,non_coding_transcript_variant	MODIFIER	antisense			
rs61818951					intron_variant	PROX1-AS1		ENST00000433082	intron_variant,non_coding_transcript_variant	MODIFIER	antisense			
rs61818951					intron_variant	PROX1-AS1		ENST00000593620	intron_variant,non_coding_transcript_variant	MODIFIER	antisense			
rs61818951					intron_variant	PROX1-AS1		ENST00000598105	intron_variant,non_coding_transcript_variant	MODIFIER	antisense			
rs61818951					intron_variant	PROX1-AS1		ENST00000600591	intron_variant,non_coding_transcript_variant	MODIFIER	antisense			
rs61818951					intron_variant	PROX1-AS1		ENST00000601744	intron_variant,non_coding_transcript_variant	MODIFIER	antisense			
rs61818951					intron_variant	PROX1-AS1		ENST00000601907	intron_variant,non_coding_transcript_variant	MODIFIER	antisense			
rs17712208					intron_variant	PROX1-AS1		ENST00000451396	intron_variant,non_coding_transcript_variant	MODIFIER	antisense			
rs17712208					intron_variant	PROX1-AS1		ENST00000598091	intron_variant,non_coding_transcript_variant	MODIFIER	antisense			
rs17712208					intron_variant	PROX1-AS1		ENST00000601744	intron_variant,non_coding_transcript_variant	MODIFIER	antisense			
rs17712208					intron_variant	PROX1-AS1		ENST00000601854	intron_variant,non_coding_transcript_variant	MODIFIER	antisense			
rs340874					intron_variant	PROX1		ENST00000366958	upstream_gene_variant	MODIFIER	protein_coding			
rs340874					intron_variant	PROX1		ENST00000435016	upstream_gene_variant	MODIFIER	protein_coding			
rs340874					intron_variant	PROX1-AS1		ENST00000451396	intron_variant,non_coding_transcript_variant	MODIFIER	antisense			
rs340874					intron_variant	PROX1		ENST00000471129	intron_variant	MODIFIER	protein_coding			
rs340874					intron_variant	PROX1		ENST00000498508	upstream_gene_variant	MODIFIER	protein_coding			
rs340874					intron_variant	PROX1-AS1		ENST00000598091	intron_variant,non_coding_transcript_variant	MODIFIER	antisense			
rs340874					intron_variant	PROX1		ENST00000607425	upstream_gene_variant	MODIFIER	protein_coding			
rs340874					intron_variant	PROX1		ENST00000607726	upstream_gene_variant	MODIFIER	processed_transcript			
rs76378634					downstream_gene_variant	PROX1		ENST00000366958	downstream_gene_variant	MODIFIER	protein_coding			
rs72755403					intergenic_variant				intergenic_variant					
rs74139610					intergenic_variant				intergenic_variant					
rs1415287					intergenic_variant				intergenic_variant					
rs12068632					intron_variant	CDC42BPA		ENST00000334218	intron_variant	MODIFIER	protein_coding			
rs12068632					intron_variant	CDC42BPA		ENST00000366764	intron_variant	MODIFIER	protein_coding			
rs12068632					intron_variant	CDC42BPA		ENST00000366765	intron_variant	MODIFIER	protein_coding			
rs12068632					intron_variant	CDC42BPA		ENST00000366766	intron_variant	MODIFIER	protein_coding			
rs12068632					intron_variant	CDC42BPA		ENST00000366767	intron_variant	MODIFIER	protein_coding			
rs12068632					intron_variant	CDC42BPA		ENST00000366769	intron_variant	MODIFIER	protein_coding			
rs12068632					intron_variant	CDC42BPA		ENST00000462553	downstream_gene_variant	MODIFIER	processed_transcript			
rs12068632					intron_variant	CDC42BPA		ENST00000478573	intron_variant,non_coding_transcript_variant	MODIFIER	retained_intron			
rs12068632					intron_variant	CDC42BPA		ENST00000535525	intron_variant	MODIFIER	protein_coding			
rs348330					intron_variant	ABCB10		ENST00000344517	intron_variant	MODIFIER	protein_coding			
rs348330					intron_variant	RNU4-21P		ENST00000362802	upstream_gene_variant	MODIFIER	snRNA			
rs1726669					intron_variant	ERO1LB		ENST00000327333	intron_variant	MODIFIER	protein_coding			
rs1726669					intron_variant	ERO1LB		ENST00000354619	intron_variant	MODIFIER	protein_coding			
rs1726669					intron_variant	ERO1LB		ENST00000366589	intron_variant	MODIFIER	protein_coding			
rs1726669					intron_variant	RNU2-70P		ENST00000410718	upstream_gene_variant	MODIFIER	snRNA			
rs62107261					non_coding_transcript_exon_variant	AC105393.2		ENST00000449119	non_coding_transcript_exon_variant	MODIFIER	lincRNA			
rs62107261					non_coding_transcript_exon_variant	AC105393.2		ENST00000449621	non_coding_transcript_exon_variant	MODIFIER	lincRNA			
rs35142762					regulatory_region_variant				regulatory_region_variant					
rs147020059					upstream_gene_variant	SOX11		ENST00000322002	upstream_gene_variant	MODIFIER	protein_coding			
rs147020059					upstream_gene_variant	AC108025.2		ENST00000420221	upstream_gene_variant	MODIFIER	antisense			
rs147020059					upstream_gene_variant	AC108025.2		ENST00000453678	upstream_gene_variant	MODIFIER	antisense			
rs147020059					upstream_gene_variant	AC010729.1		ENST00000455579	upstream_gene_variant	MODIFIER	3prime_overlapping_ncRNA			
rs147020059					upstream_gene_variant	AC107057.2		ENST00000458264	upstream_gene_variant	MODIFIER	antisense			
rs12468070					intergenic_variant				intergenic_variant					
rs12328987					intergenic_variant				intergenic_variant					
rs4668481					intron_variant	AC142119.1		ENST00000412381	intron_variant,non_coding_transcript_variant	MODIFIER	lincRNA			
rs4668481					intron_variant	AC130710.1		ENST00000426539	downstream_gene_variant	MODIFIER	lincRNA			
rs11680058					intron_variant	AC010880.1		ENST00000425176	intron_variant,non_coding_transcript_variant	MODIFIER	lincRNA			
rs11680058					intron_variant	AC010880.1		ENST00000427950	intron_variant,non_coding_transcript_variant	MODIFIER	lincRNA			
rs5023163					intergenic_variant				intergenic_variant					
rs7579323					regulatory_region_variant				regulatory_region_variant					
rs13023418					upstream_gene_variant	DNMT3A		ENST00000264709	upstream_gene_variant	MODIFIER	protein_coding			
rs13023418					upstream_gene_variant	DNMT3A		ENST00000380756	upstream_gene_variant	MODIFIER	nonsense_mediated_decay			
rs13023418					upstream_gene_variant	DNMT3A		ENST00000406659	upstream_gene_variant	MODIFIER	protein_coding			
rs41521945					intergenic_variant				intergenic_variant					
rs7603413					intron_variant	GPR113		ENST00000333478	intron_variant	MODIFIER	protein_coding			
rs7603413					intron_variant	GPR113		ENST00000433584	intron_variant	MODIFIER	protein_coding			
rs7603413					intron_variant	GPR113		ENST00000435303	intron_variant,NMD_transcript_variant	MODIFIER	nonsense_mediated_decay			
rs7603413					intron_variant	EPT1		ENST00000442141	intron_variant	MODIFIER	protein_coding			
rs7603413					intron_variant	GPR113		ENST00000447444	intron_variant,NMD_transcript_variant	MODIFIER	nonsense_mediated_decay			
rs7603413					intron_variant	GPR113		ENST00000459892	intron_variant,non_coding_transcript_variant	MODIFIER	processed_transcript			
rs7603413					intron_variant	GPR113		ENST00000481960	downstream_gene_variant	MODIFIER	processed_transcript			
rs7603413					intron_variant	GPR113		ENST00000487878	intron_variant,non_coding_transcript_variant	MODIFIER	processed_transcript			
rs7603413					intron_variant	GPR113		ENST00000541401	intron_variant	MODIFIER	protein_coding			
rs72806909					intron_variant	MAPRE3		ENST00000233121	intron_variant	MODIFIER	protein_coding			
rs72806909					intron_variant	MAPRE3		ENST00000405074	intron_variant	MODIFIER	protein_coding			
rs72806909					intron_variant	AC013472.4		ENST00000416226	intron_variant,non_coding_transcript_variant	MODIFIER	antisense			
rs72806909					intron_variant	MAPRE3		ENST00000475633	intron_variant,non_coding_transcript_variant	MODIFIER	retained_intron			
rs72806909					intron_variant	MAPRE3		ENST00000494788	intron_variant,non_coding_transcript_variant	MODIFIER	retained_intron			
rs4665372					intron_variant	CGREF1		ENST00000260595	intron_variant	MODIFIER	protein_coding			
rs4665372					intron_variant	KHK		ENST00000260598	downstream_gene_variant	MODIFIER	protein_coding			
rs4665372					intron_variant	KHK		ENST00000260599	downstream_gene_variant	MODIFIER	protein_coding			
rs4665372					intron_variant	CGREF1		ENST00000312734	intron_variant	MODIFIER	protein_coding			
rs4665372					intron_variant	CGREF1		ENST00000402394	intron_variant	MODIFIER	protein_coding			
rs4665372					intron_variant	CGREF1		ENST00000402550	intron_variant	MODIFIER	protein_coding			
rs4665372					intron_variant	CGREF1		ENST00000404694	intron_variant	MODIFIER	protein_coding			
rs4665372					intron_variant	CGREF1		ENST00000405600	intron_variant	MODIFIER	protein_coding			
rs4665372					intron_variant	KHK		ENST00000429697	downstream_gene_variant	MODIFIER	protein_coding			
rs4665372					intron_variant	CGREF1		ENST00000440612	intron_variant,NMD_transcript_variant	MODIFIER	nonsense_mediated_decay			
rs4665372					intron_variant	CGREF1		ENST00000452318	intron_variant	MODIFIER	protein_coding			
rs4665372					intron_variant	KHK		ENST00000464371	downstream_gene_variant	MODIFIER	retained_intron			
rs4665372					intron_variant	CGREF1		ENST00000467539	intron_variant,non_coding_transcript_variant	MODIFIER	retained_intron			
rs4665372					intron_variant	KHK		ENST00000490823	downstream_gene_variant	MODIFIER	processed_transcript			
rs1260326					missense_variant	GCKR		ENST00000264717	missense_variant,splice_region_variant	MODERATE	protein_coding		446.0	L/P
rs1260326					missense_variant	GCKR		ENST00000264717	missense_variant,splice_region_variant	MODERATE	protein_coding		446.0	L/R
rs1260326					missense_variant	GCKR		ENST00000411584	missense_variant,splice_region_variant	MODERATE	protein_coding		147.0	L/P
rs1260326					missense_variant	GCKR		ENST00000411584	missense_variant,splice_region_variant	MODERATE	protein_coding		147.0	L/R
rs1260326					missense_variant	GCKR		ENST00000424318	missense_variant,splice_region_variant	MODERATE	protein_coding		256.0	L/P
rs1260326					missense_variant	GCKR		ENST00000424318	missense_variant,splice_region_variant	MODERATE	protein_coding		256.0	L/R
rs1260326					missense_variant	GCKR		ENST00000472290	downstream_gene_variant	MODIFIER	retained_intron			
rs1260326					missense_variant	GCKR		ENST00000478147	splice_region_variant,non_coding_transcript_exon_variant	LOW	retained_intron			
rs8179236					intron_variant	GCKR		ENST00000264717	intron_variant	MODIFIER	protein_coding			
rs8179236					intron_variant	GCKR		ENST00000424318	intron_variant	MODIFIER	protein_coding			
rs1012311					intron_variant	SLC8A1		ENST00000332839	intron_variant	MODIFIER	protein_coding			
rs1012311					intron_variant	SLC8A1		ENST00000402441	intron_variant	MODIFIER	protein_coding			
rs1012311					intron_variant	SLC8A1		ENST00000403092	intron_variant	MODIFIER	protein_coding			
rs1012311					intron_variant	SLC8A1		ENST00000405269	intron_variant	MODIFIER	protein_coding			
rs1012311					intron_variant	SLC8A1		ENST00000405901	intron_variant	MODIFIER	protein_coding			
rs1012311					intron_variant	SLC8A1		ENST00000406391	intron_variant	MODIFIER	protein_coding			
rs1012311					intron_variant	SLC8A1		ENST00000406785	intron_variant	MODIFIER	protein_coding			
rs1012311					intron_variant	SLC8A1		ENST00000407929	intron_variant,NMD_transcript_variant	MODIFIER	nonsense_mediated_decay			
rs1012311					intron_variant	SLC8A1		ENST00000408028	intron_variant	MODIFIER	protein_coding			
rs1012311					intron_variant	SLC8A1-AS1		ENST00000413479	intron_variant,non_coding_transcript_variant	MODIFIER	antisense			
rs1012311					intron_variant	SLC8A1-AS1		ENST00000417875	upstream_gene_variant	MODIFIER	antisense			
rs1012311					intron_variant	SLC8A1-AS1		ENST00000427354	intron_variant,non_coding_transcript_variant	MODIFIER	antisense			
rs1012311					intron_variant	SLC8A1-AS1		ENST00000435515	intron_variant,non_coding_transcript_variant	MODIFIER	antisense			
rs1012311					intron_variant	SLC8A1-AS1		ENST00000444629	intron_variant,non_coding_transcript_variant	MODIFIER	antisense			
rs1012311					intron_variant	SLC8A1		ENST00000542024	intron_variant	MODIFIER	protein_coding			
rs1012311					intron_variant	SLC8A1		ENST00000542756	intron_variant	MODIFIER	protein_coding			
rs1012311					intron_variant	SLC8A1-AS1		ENST00000593848	intron_variant,non_coding_transcript_variant	MODIFIER	antisense			
rs1012311					intron_variant	SLC8A1-AS1		ENST00000593878	intron_variant,non_coding_transcript_variant	MODIFIER	antisense			
rs1012311					intron_variant	SLC8A1-AS1		ENST00000596532	intron_variant,non_coding_transcript_variant	MODIFIER	antisense			
rs1012311					intron_variant	SLC8A1-AS1		ENST00000597170	intron_variant,non_coding_transcript_variant	MODIFIER	antisense			
rs1012311					intron_variant	SLC8A1-AS1		ENST00000597385	intron_variant,non_coding_transcript_variant	MODIFIER	antisense			
rs1012311					intron_variant	SLC8A1-AS1		ENST00000598247	intron_variant,non_coding_transcript_variant	MODIFIER	antisense			
rs1012311					intron_variant	SLC8A1-AS1		ENST00000599268	intron_variant,non_coding_transcript_variant	MODIFIER	antisense			
rs1012311					intron_variant	SLC8A1-AS1		ENST00000599740	intron_variant,non_coding_transcript_variant	MODIFIER	antisense			
rs1012311					intron_variant	SLC8A1-AS1		ENST00000599956	intron_variant,non_coding_transcript_variant	MODIFIER	antisense			
rs1012311					intron_variant	SLC8A1-AS1		ENST00000601679	intron_variant,non_coding_transcript_variant	MODIFIER	antisense			
rs11124906					intergenic_variant				intergenic_variant					
rs4952673					intron_variant	THADA		ENST00000330266	intron_variant	MODIFIER	protein_coding			
rs62137415					intron_variant	THADA		ENST00000330266	intron_variant	MODIFIER	protein_coding			
rs62137415					intron_variant	THADA		ENST00000398653	intron_variant,NMD_transcript_variant	MODIFIER	nonsense_mediated_decay			
rs62137415					intron_variant	THADA		ENST00000402796	downstream_gene_variant	MODIFIER	nonsense_mediated_decay			
rs62137415					intron_variant	THADA		ENST00000405006	intron_variant	MODIFIER	protein_coding			
rs62137415					intron_variant	THADA		ENST00000405975	intron_variant	MODIFIER	protein_coding			
rs62137415					intron_variant	THADA		ENST00000407351	intron_variant	MODIFIER	protein_coding			
rs62137415					intron_variant	THADA		ENST00000408045	downstream_gene_variant	MODIFIER	nonsense_mediated_decay			
rs62137415					intron_variant	THADA		ENST00000415080	intron_variant	MODIFIER	protein_coding			
rs62137415					intron_variant	THADA		ENST00000473004	intron_variant,non_coding_transcript_variant	MODIFIER	processed_transcript			
rs62137415					intron_variant	THADA		ENST00000485353	downstream_gene_variant	MODIFIER	processed_transcript			
rs62137415					intron_variant	THADA		ENST00000486735	intron_variant,non_coding_transcript_variant	MODIFIER	processed_transcript			
rs62137415					intron_variant	THADA		ENST00000497770	downstream_gene_variant	MODIFIER	processed_transcript			
rs76675804					intron_variant	THADA		ENST00000330266	intron_variant	MODIFIER	protein_coding			
rs76675804					intron_variant	THADA		ENST00000398653	intron_variant,NMD_transcript_variant	MODIFIER	nonsense_mediated_decay			
rs76675804					intron_variant	THADA		ENST00000402796	intron_variant,NMD_transcript_variant	MODIFIER	nonsense_mediated_decay			
rs76675804					intron_variant	THADA		ENST00000405006	intron_variant	MODIFIER	protein_coding			
rs76675804					intron_variant	THADA		ENST00000405975	intron_variant	MODIFIER	protein_coding			
rs76675804					intron_variant	THADA		ENST00000407351	intron_variant	MODIFIER	protein_coding			
rs76675804					intron_variant	THADA		ENST00000408045	intron_variant,NMD_transcript_variant	MODIFIER	nonsense_mediated_decay			
rs76675804					intron_variant	THADA		ENST00000415080	intron_variant	MODIFIER	protein_coding			
rs76675804					intron_variant	THADA		ENST00000473004	intron_variant,non_coding_transcript_variant	MODIFIER	processed_transcript			
rs76675804					intron_variant	THADA		ENST00000485353	intron_variant,non_coding_transcript_variant	MODIFIER	processed_transcript			
rs76675804					intron_variant	THADA		ENST00000486735	intron_variant,non_coding_transcript_variant	MODIFIER	processed_transcript			
rs10201401					intron_variant	CAMKMT		ENST00000378494	intron_variant	MODIFIER	protein_coding			
rs10201401					intron_variant	CAMKMT		ENST00000407131	intron_variant	MODIFIER	protein_coding			
rs12712928					intron_variant	AC012354.6		ENST00000425325	intron_variant,non_coding_transcript_variant	MODIFIER	lincRNA			
rs11691374					intergenic_variant				intergenic_variant					
rs6741951					intron_variant	LINC01122		ENST00000422723	intron_variant,non_coding_transcript_variant	MODIFIER	lincRNA			
rs6741951					intron_variant	LINC01122		ENST00000427421	intron_variant,non_coding_transcript_variant	MODIFIER	lincRNA			
rs6741951					intron_variant	LINC01122		ENST00000429095	intron_variant,non_coding_transcript_variant	MODIFIER	lincRNA			
rs6741951					intron_variant	LINC01122		ENST00000429664	intron_variant,non_coding_transcript_variant	MODIFIER	lincRNA			
rs6741951					intron_variant	LINC01122		ENST00000449448	intron_variant,non_coding_transcript_variant	MODIFIER	lincRNA			
rs6741951					intron_variant	LINC01122		ENST00000452840	intron_variant,non_coding_transcript_variant	MODIFIER	lincRNA			
rs17049820					intron_variant	LINC01122		ENST00000422723	intron_variant,non_coding_transcript_variant	MODIFIER	lincRNA			
rs17049820					intron_variant	LINC01122		ENST00000427421	intron_variant,non_coding_transcript_variant	MODIFIER	lincRNA			
rs17049820					intron_variant	LINC01122		ENST00000429095	intron_variant,non_coding_transcript_variant	MODIFIER	lincRNA			
rs17049820					intron_variant	LINC01122		ENST00000429664	intron_variant,non_coding_transcript_variant	MODIFIER	lincRNA			
rs17049820					intron_variant	LINC01122		ENST00000449448	intron_variant,non_coding_transcript_variant	MODIFIER	lincRNA			
rs17049820					intron_variant	LINC01122		ENST00000452840	intron_variant,non_coding_transcript_variant	MODIFIER	lincRNA			
rs117882378					intron_variant	LINC01122		ENST00000422723	intron_variant,non_coding_transcript_variant	MODIFIER	lincRNA			
rs117882378					intron_variant	LINC01122		ENST00000427421	intron_variant,non_coding_transcript_variant	MODIFIER	lincRNA			
rs117882378					intron_variant	LINC01122		ENST00000429095	intron_variant,non_coding_transcript_variant	MODIFIER	lincRNA			
rs117882378					intron_variant	LINC01122		ENST00000429664	intron_variant,non_coding_transcript_variant	MODIFIER	lincRNA			
rs117882378					intron_variant	LINC01122		ENST00000449448	intron_variant,non_coding_transcript_variant	MODIFIER	lincRNA			
rs117882378					intron_variant	LINC01122		ENST00000452840	intron_variant,non_coding_transcript_variant	MODIFIER	lincRNA			
rs7599151					intergenic_variant				intergenic_variant					
rs72806282					intron_variant	AC007131.2		ENST00000412409	intron_variant,non_coding_transcript_variant	MODIFIER	lincRNA			
rs72806282					intron_variant	AC007131.2		ENST00000434611	intron_variant,non_coding_transcript_variant	MODIFIER	lincRNA			
rs72806282					intron_variant	AC007131.2		ENST00000444001	intron_variant,non_coding_transcript_variant	MODIFIER	lincRNA			
rs72806282					intron_variant	RP11-444A22.1		ENST00000606382	intron_variant,non_coding_transcript_variant	MODIFIER	lincRNA			
rs980329					intron_variant	RP11-444A22.1		ENST00000606382	intron_variant,non_coding_transcript_variant	MODIFIER	lincRNA			
rs7608259					intergenic_variant				intergenic_variant					
rs243018					non_coding_transcript_exon_variant	AC007381.2		ENST00000441598	downstream_gene_variant	MODIFIER	lincRNA			
rs243018					non_coding_transcript_exon_variant	AC007381.2		ENST00000453476	non_coding_transcript_exon_variant	MODIFIER	lincRNA			
rs6545816					intron_variant	BCL11A		ENST00000335712	intron_variant	MODIFIER	protein_coding			
rs6545816					intron_variant	BCL11A		ENST00000356842	intron_variant	MODIFIER	protein_coding			
rs6545816					intron_variant	BCL11A		ENST00000358510	intron_variant	MODIFIER	protein_coding			
rs6545816					intron_variant	BCL11A		ENST00000359629	intron_variant	MODIFIER	protein_coding			
rs6545816					intron_variant	BCL11A		ENST00000477659	intron_variant,non_coding_transcript_variant	MODIFIER	processed_transcript			
rs6545816					intron_variant	BCL11A		ENST00000489516	intron_variant,non_coding_transcript_variant	MODIFIER	processed_transcript			
rs6545816					intron_variant	BCL11A		ENST00000492272	intron_variant,non_coding_transcript_variant	MODIFIER	processed_transcript			
rs6545816					intron_variant	BCL11A		ENST00000537768	intron_variant	MODIFIER	protein_coding			
rs6545816					intron_variant	BCL11A		ENST00000538214	intron_variant	MODIFIER	protein_coding			
rs2540949					intron_variant	CEP68		ENST00000260569	intron_variant	MODIFIER	protein_coding			
rs2540949					intron_variant	CEP68		ENST00000377990	intron_variant	MODIFIER	protein_coding			
rs2540949					intron_variant	CEP68		ENST00000475851	intron_variant,non_coding_transcript_variant	MODIFIER	processed_transcript			
rs2540949					intron_variant	CEP68		ENST00000537589	intron_variant	MODIFIER	protein_coding			
rs2540949					intron_variant	CEP68		ENST00000546106	intron_variant	MODIFIER	protein_coding			
rs61748094					synonymous_variant	SPRED2		ENST00000356388	synonymous_variant	LOW	protein_coding		56.0	G
rs61748094					synonymous_variant	SPRED2		ENST00000426832	synonymous_variant,NMD_transcript_variant	LOW	nonsense_mediated_decay		15.0	G
rs61748094					synonymous_variant	SPRED2		ENST00000427238	synonymous_variant	LOW	protein_coding		11.0	G
rs61748094					synonymous_variant	SPRED2		ENST00000440972	synonymous_variant	LOW	protein_coding		56.0	G
rs61748094					synonymous_variant	SPRED2		ENST00000443619	synonymous_variant	LOW	protein_coding		53.0	G
rs61748094					synonymous_variant	SPRED2		ENST00000452315	synonymous_variant	LOW	protein_coding		71.0	G
rs61748094					synonymous_variant	SPRED2		ENST00000474228	non_coding_transcript_exon_variant	MODIFIER	processed_transcript			
rs12185610					upstream_gene_variant	SPRED2		ENST00000356388	upstream_gene_variant	MODIFIER	protein_coding			
rs12185610					upstream_gene_variant	AC074391.1		ENST00000377977	upstream_gene_variant	MODIFIER	lincRNA			
rs12185610					upstream_gene_variant	SPRED2		ENST00000440972	upstream_gene_variant	MODIFIER	protein_coding			
rs12185610					upstream_gene_variant	AC074391.1		ENST00000536804	upstream_gene_variant	MODIFIER	lincRNA			
rs12185610					upstream_gene_variant	AC074391.1		ENST00000606978	upstream_gene_variant	MODIFIER	lincRNA			
rs2049019					intron_variant	MEIS1		ENST00000272369	intron_variant	MODIFIER	protein_coding			
rs2049019					intron_variant	MEIS1		ENST00000398506	intron_variant	MODIFIER	protein_coding			
rs2049019					intron_variant	MEIS1		ENST00000407092	intron_variant	MODIFIER	protein_coding			
rs2049019					intron_variant	MEIS1		ENST00000409622	intron_variant,NMD_transcript_variant	MODIFIER	nonsense_mediated_decay			
rs2049019					intron_variant	MEIS1		ENST00000437869	intron_variant	MODIFIER	protein_coding			
rs2049019					intron_variant	MEIS1-AS2		ENST00000439433	upstream_gene_variant	MODIFIER	antisense			
rs2049019					intron_variant	MEIS1		ENST00000444274	intron_variant	MODIFIER	protein_coding			
rs2049019					intron_variant	AC092669.1		ENST00000454595	upstream_gene_variant	MODIFIER	antisense			
rs2049019					intron_variant	MEIS1		ENST00000466811	intron_variant,NMD_transcript_variant	MODIFIER	nonsense_mediated_decay			
rs2049019					intron_variant	MEIS1		ENST00000475239	upstream_gene_variant	MODIFIER	nonsense_mediated_decay			
rs2049019					intron_variant	MEIS1		ENST00000488550	intron_variant	MODIFIER	protein_coding			
rs2049019					intron_variant	MEIS1		ENST00000490726	downstream_gene_variant	MODIFIER	processed_transcript			
rs2049019					intron_variant	MEIS1		ENST00000491706	downstream_gene_variant	MODIFIER	nonsense_mediated_decay			
rs2049019					intron_variant	MEIS1		ENST00000495021	intron_variant	MODIFIER	protein_coding			
rs2049019					intron_variant	MEIS1		ENST00000496248	downstream_gene_variant	MODIFIER	processed_transcript			
rs2049019					intron_variant	MEIS1		ENST00000498705	intron_variant,non_coding_transcript_variant	MODIFIER	retained_intron			
rs2049019					intron_variant	MEIS1		ENST00000560281	intron_variant	MODIFIER	protein_coding			
rs2049019					intron_variant	MEIS1		ENST00000606455	intron_variant	MODIFIER	protein_coding			
rs12713597					upstream_gene_variant	ETAA1		ENST00000272342	upstream_gene_variant	MODIFIER	protein_coding			
rs10180252					regulatory_region_variant				regulatory_region_variant					
rs10496386					intergenic_variant				intergenic_variant					
rs1451533					intron_variant	LINC01158		ENST00000413121	intron_variant,non_coding_transcript_variant	MODIFIER	antisense			
rs1451533					intron_variant	LINC01158		ENST00000443988	intron_variant,non_coding_transcript_variant	MODIFIER	antisense			
rs1451533					intron_variant	LINC01158		ENST00000447876	intron_variant,non_coding_transcript_variant	MODIFIER	antisense			
rs1451533					intron_variant	LINC01158		ENST00000454729	intron_variant,non_coding_transcript_variant	MODIFIER	antisense			
rs1451533					intron_variant	LINC01158		ENST00000458253	intron_variant,non_coding_transcript_variant	MODIFIER	antisense			
rs1451533					intron_variant	RP11-13J10.1		ENST00000598623	upstream_gene_variant	MODIFIER	sense_overlapping			
rs72836348					intron_variant	BCL2L11		ENST00000308659	intron_variant	MODIFIER	protein_coding			
rs72836348					intron_variant	BCL2L11		ENST00000337565	downstream_gene_variant	MODIFIER	protein_coding			
rs72836348					intron_variant	BCL2L11		ENST00000357757	intron_variant	MODIFIER	protein_coding			
rs72836348					intron_variant	BCL2L11		ENST00000361493	intron_variant,NMD_transcript_variant	MODIFIER	nonsense_mediated_decay			
rs72836348					intron_variant	BCL2L11		ENST00000393253	intron_variant	MODIFIER	protein_coding			
rs72836348					intron_variant	BCL2L11		ENST00000393256	intron_variant	MODIFIER	protein_coding			
rs72836348					intron_variant	BCL2L11		ENST00000405953	downstream_gene_variant	MODIFIER	protein_coding			
rs72836348					intron_variant	BCL2L11		ENST00000415458	intron_variant,NMD_transcript_variant	MODIFIER	nonsense_mediated_decay			
rs72836348					intron_variant	BCL2L11		ENST00000431217	intron_variant,NMD_transcript_variant	MODIFIER	nonsense_mediated_decay			
rs72836348					intron_variant	BCL2L11		ENST00000433098	intron_variant,NMD_transcript_variant	MODIFIER	nonsense_mediated_decay			
rs72836348					intron_variant	BCL2L11		ENST00000436733	intron_variant,NMD_transcript_variant	MODIFIER	nonsense_mediated_decay			
rs72836348					intron_variant	BCL2L11		ENST00000437029	intron_variant,NMD_transcript_variant	MODIFIER	nonsense_mediated_decay			
rs72836348					intron_variant	BCL2L11		ENST00000438054	intron_variant	MODIFIER	protein_coding			
rs72836348					intron_variant	BCL2L11		ENST00000439718	intron_variant,NMD_transcript_variant	MODIFIER	nonsense_mediated_decay			
rs72836348					intron_variant	BCL2L11		ENST00000452231	intron_variant,NMD_transcript_variant	MODIFIER	nonsense_mediated_decay			
rs1345203					intron_variant	MIR4435-1HG		ENST00000308604	upstream_gene_variant	MODIFIER	lincRNA			
rs1345203					intron_variant	MIR4435-1HG		ENST00000409569	upstream_gene_variant	MODIFIER	lincRNA			
rs1345203					intron_variant	MIR4435-1HG		ENST00000419736	upstream_gene_variant	MODIFIER	lincRNA			
rs1345203					intron_variant	MIR4435-1HG		ENST00000431385	upstream_gene_variant	MODIFIER	lincRNA			
rs1345203					intron_variant	AC017002.2		ENST00000432268	upstream_gene_variant	MODIFIER	lincRNA			
rs1345203					intron_variant	MIR4435-1HG		ENST00000432818	upstream_gene_variant	MODIFIER	lincRNA			
rs1345203					intron_variant	MIR4435-1HG		ENST00000439362	upstream_gene_variant	MODIFIER	lincRNA			
rs1345203					intron_variant	MIR4435-1HG		ENST00000441075	upstream_gene_variant	MODIFIER	lincRNA			
rs1345203					intron_variant	MIR4435-1HG		ENST00000443467	upstream_gene_variant	MODIFIER	lincRNA			
rs1345203					intron_variant	MIR4435-1HG		ENST00000444301	upstream_gene_variant	MODIFIER	lincRNA			
rs1345203					intron_variant	MIR4435-1HG		ENST00000453478	upstream_gene_variant	MODIFIER	lincRNA			
rs1345203					intron_variant	AC017002.1		ENST00000455309	intron_variant,non_coding_transcript_variant	MODIFIER	lincRNA			
rs1345203					intron_variant	MIR4435-1HG		ENST00000604981	upstream_gene_variant	MODIFIER	lincRNA			
rs3731600					missense_variant	SCTR		ENST00000019103	missense_variant	MODERATE	protein_coding		122.0	A/P
rs3731600					missense_variant	AC013275.2		ENST00000413602	upstream_gene_variant	MODIFIER	antisense			
rs3731600					missense_variant	AC013275.2		ENST00000457436	upstream_gene_variant	MODIFIER	antisense			
rs3731600					missense_variant	SCTR		ENST00000485440	non_coding_transcript_exon_variant	MODIFIER	retained_intron			
rs2244214					5_prime_UTR_variant	SCTR		ENST00000019103	5_prime_UTR_variant	MODIFIER	protein_coding			
rs80136509					3_prime_UTR_variant	INHBB		ENST00000295228	3_prime_UTR_variant	MODIFIER	protein_coding			
rs11902253					intergenic_variant				intergenic_variant					
rs11688682					regulatory_region_variant				regulatory_region_variant					
rs10864859					downstream_gene_variant	AC018866.1		ENST00000444963	downstream_gene_variant	MODIFIER	lincRNA			
rs6705150					intron_variant	ZEB2		ENST00000303660	intron_variant	MODIFIER	protein_coding			
rs6705150					intron_variant	ZEB2		ENST00000392861	intron_variant	MODIFIER	protein_coding			
rs6705150					intron_variant	ZEB2		ENST00000409211	intron_variant	MODIFIER	protein_coding			
rs6705150					intron_variant	ZEB2		ENST00000409487	intron_variant	MODIFIER	protein_coding			
rs6705150					intron_variant	ZEB2		ENST00000427902	intron_variant	MODIFIER	protein_coding			
rs6705150					intron_variant	ZEB2		ENST00000431672	intron_variant	MODIFIER	protein_coding			
rs6705150					intron_variant	ZEB2		ENST00000434448	intron_variant,non_coding_transcript_variant	MODIFIER	processed_transcript			
rs6705150					intron_variant	ZEB2		ENST00000435831	intron_variant	MODIFIER	protein_coding			
rs6705150					intron_variant	ZEB2		ENST00000444559	intron_variant	MODIFIER	protein_coding			
rs6705150					intron_variant	ZEB2		ENST00000453352	intron_variant,non_coding_transcript_variant	MODIFIER	processed_transcript			
rs6705150					intron_variant	ZEB2		ENST00000461784	intron_variant,non_coding_transcript_variant	MODIFIER	retained_intron			
rs6705150					intron_variant	ZEB2		ENST00000465308	intron_variant,non_coding_transcript_variant	MODIFIER	retained_intron			
rs6705150					intron_variant	ZEB2		ENST00000472146	intron_variant,non_coding_transcript_variant	MODIFIER	retained_intron			
rs6705150					intron_variant	ZEB2		ENST00000476394	intron_variant,non_coding_transcript_variant	MODIFIER	retained_intron			
rs6705150					intron_variant	ZEB2		ENST00000479735	intron_variant,non_coding_transcript_variant	MODIFIER	processed_transcript			
rs6705150					intron_variant	ZEB2		ENST00000484313	intron_variant,non_coding_transcript_variant	MODIFIER	processed_transcript			
rs6705150					intron_variant	ZEB2		ENST00000539609	intron_variant	MODIFIER	protein_coding			
rs6705150					intron_variant	ZEB2		ENST00000558170	intron_variant	MODIFIER	protein_coding			
rs6705150					intron_variant	ZEB2		ENST00000560384	intron_variant,non_coding_transcript_variant	MODIFIER	retained_intron			
rs72854449					intron_variant	TEX41		ENST00000445791	intron_variant,non_coding_transcript_variant	MODIFIER	lincRNA			
rs72854449					intron_variant	TEX41		ENST00000451027	intron_variant,non_coding_transcript_variant	MODIFIER	lincRNA			
rs72854449					intron_variant	TEX41		ENST00000451774	intron_variant,non_coding_transcript_variant	MODIFIER	lincRNA			
rs72854449					intron_variant	TEX41		ENST00000594471	intron_variant,non_coding_transcript_variant	MODIFIER	lincRNA			
rs72854449					intron_variant	TEX41		ENST00000594626	intron_variant,non_coding_transcript_variant	MODIFIER	lincRNA			
rs72854449					intron_variant	TEX41		ENST00000595686	intron_variant,non_coding_transcript_variant	MODIFIER	lincRNA			
rs72854449					intron_variant	TEX41		ENST00000596230	intron_variant,non_coding_transcript_variant	MODIFIER	lincRNA			
rs72854449					intron_variant	TEX41		ENST00000596540	intron_variant,non_coding_transcript_variant	MODIFIER	lincRNA			
rs72854449					intron_variant	TEX41		ENST00000596589	intron_variant,non_coding_transcript_variant	MODIFIER	lincRNA			
rs72854449					intron_variant	TEX41		ENST00000597469	intron_variant,non_coding_transcript_variant	MODIFIER	lincRNA			
rs72854449					intron_variant	TEX41		ENST00000597655	intron_variant,non_coding_transcript_variant	MODIFIER	lincRNA			
rs72854449					intron_variant	TEX41		ENST00000597670	intron_variant,non_coding_transcript_variant	MODIFIER	lincRNA			
rs72854449					intron_variant	TEX41		ENST00000597893	intron_variant,non_coding_transcript_variant	MODIFIER	lincRNA			
rs72854449					intron_variant	TEX41		ENST00000598248	intron_variant,non_coding_transcript_variant	MODIFIER	lincRNA			
rs72854449					intron_variant	TEX41		ENST00000598659	intron_variant,non_coding_transcript_variant	MODIFIER	lincRNA			
rs72854449					intron_variant	TEX41		ENST00000599072	intron_variant,non_coding_transcript_variant	MODIFIER	lincRNA			
rs72854449					intron_variant	TEX41		ENST00000599187	intron_variant,non_coding_transcript_variant	MODIFIER	lincRNA			
rs72854449					intron_variant	TEX41		ENST00000600064	intron_variant,non_coding_transcript_variant	MODIFIER	lincRNA			
rs72854449					intron_variant	TEX41		ENST00000600679	intron_variant,non_coding_transcript_variant	MODIFIER	lincRNA			
rs72854449					intron_variant	TEX41		ENST00000601277	intron_variant,non_coding_transcript_variant	MODIFIER	lincRNA			
rs7609422					upstream_gene_variant	AC092484.1		ENST00000420548	upstream_gene_variant	MODIFIER	lincRNA			
rs7559658					intergenic_variant				intergenic_variant					
rs4499362					intergenic_variant				intergenic_variant					
rs10174715					intergenic_variant				intergenic_variant					
rs4664605					intron_variant	ARL6IP6		ENST00000326446	upstream_gene_variant	MODIFIER	protein_coding			
rs4664605					intron_variant	PRPF40A		ENST00000354363	intron_variant,NMD_transcript_variant	MODIFIER	nonsense_mediated_decay			
rs4664605					intron_variant	PRPF40A		ENST00000410080	intron_variant	MODIFIER	protein_coding			
rs4664605					intron_variant	ARL6IP6		ENST00000425034	upstream_gene_variant	MODIFIER	nonsense_mediated_decay			
rs4664605					intron_variant	PRPF40A		ENST00000448428	intron_variant	MODIFIER	protein_coding			
rs4664605					intron_variant	PRPF40A		ENST00000450303	intron_variant,non_coding_transcript_variant	MODIFIER	retained_intron			
rs4664605					intron_variant	ARL6IP6		ENST00000455875	upstream_gene_variant	MODIFIER	nonsense_mediated_decay			
rs4664605					intron_variant	ARL6IP6		ENST00000463690	upstream_gene_variant	MODIFIER	processed_transcript			
rs4664605					intron_variant	PRPF40A		ENST00000486100	intron_variant,non_coding_transcript_variant	MODIFIER	processed_transcript			
rs4664605					intron_variant	PRPF40A		ENST00000489741	upstream_gene_variant	MODIFIER	retained_intron			
rs4664605					intron_variant	PRPF40A		ENST00000493468	intron_variant	MODIFIER	protein_coding			
rs4664605					intron_variant	ARL6IP6		ENST00000495469	upstream_gene_variant	MODIFIER	processed_transcript			
rs4664605					intron_variant	PRPF40A		ENST00000545856	intron_variant	MODIFIER	protein_coding			
rs7594480					missense_variant	ACVR1C		ENST00000243349	missense_variant	MODERATE	protein_coding		482.0	I/V
rs7594480					missense_variant	ACVR1C		ENST00000335450	missense_variant	MODERATE	protein_coding		402.0	I/V
rs7594480					missense_variant	ACVR1C		ENST00000348328	missense_variant	MODERATE	protein_coding		325.0	I/V
rs7594480					missense_variant	ACVR1C		ENST00000409680	missense_variant	MODERATE	protein_coding		432.0	I/V
rs720159					intron_variant	UPP2		ENST00000409859	upstream_gene_variant	MODIFIER	protein_coding			
rs720159					intron_variant	UPP2		ENST00000605860	intron_variant	MODIFIER	protein_coding			
rs6720948					intron_variant	LY75		ENST00000263636	intron_variant	MODIFIER	protein_coding			
rs6720948					intron_variant	AC009961.5		ENST00000435771	upstream_gene_variant	MODIFIER	processed_pseudogene			
rs6720948					intron_variant	LY75		ENST00000553424	intron_variant	MODIFIER	protein_coding			
rs6720948					intron_variant	LY75		ENST00000554112	intron_variant	MODIFIER	protein_coding			
rs77704424					intron_variant	RBMS1		ENST00000348849	intron_variant	MODIFIER	protein_coding			
rs77704424					intron_variant	RBMS1		ENST00000392753	intron_variant	MODIFIER	protein_coding			
rs77704424					intron_variant	RBMS1		ENST00000409075	intron_variant	MODIFIER	protein_coding			
rs77704424					intron_variant	RBMS1		ENST00000409289	intron_variant	MODIFIER	protein_coding			
rs77704424					intron_variant	RBMS1		ENST00000409972	intron_variant	MODIFIER	protein_coding			
rs77704424					intron_variant	RBMS1		ENST00000474820	intron_variant,non_coding_transcript_variant	MODIFIER	processed_transcript			
rs77704424					intron_variant	RBMS1		ENST00000477965	upstream_gene_variant	MODIFIER	retained_intron			
rs77704424					intron_variant	RBMS1		ENST00000490637	upstream_gene_variant	MODIFIER	retained_intron			
rs77704424					intron_variant	RBMS1		ENST00000491781	intron_variant,non_coding_transcript_variant	MODIFIER	retained_intron			
rs58757862					intron_variant	RBMS1		ENST00000348849	intron_variant	MODIFIER	protein_coding			
rs58757862					intron_variant	RBMS1		ENST00000392753	intron_variant	MODIFIER	protein_coding			
rs58757862					intron_variant	RBMS1		ENST00000409075	intron_variant	MODIFIER	protein_coding			
rs58757862					intron_variant	RBMS1		ENST00000409289	intron_variant	MODIFIER	protein_coding			
rs58757862					intron_variant	RBMS1		ENST00000409972	intron_variant	MODIFIER	protein_coding			
rs58757862					intron_variant	RBMS1		ENST00000428519	intron_variant	MODIFIER	protein_coding			
rs58757862					intron_variant	RBMS1		ENST00000474820	intron_variant,non_coding_transcript_variant	MODIFIER	processed_transcript			
rs58757862					intron_variant	RBMS1		ENST00000477486	intron_variant,non_coding_transcript_variant	MODIFIER	retained_intron			
rs58757862					intron_variant	RBMS1		ENST00000491781	intron_variant,non_coding_transcript_variant	MODIFIER	retained_intron			
rs10490563					intergenic_variant				intergenic_variant					
rs1492989					intergenic_variant				intergenic_variant					
rs192885976					intergenic_variant				intergenic_variant					
rs6757477					intergenic_variant				intergenic_variant					
rs72874860					intron_variant	GRB14		ENST00000263915	intron_variant	MODIFIER	protein_coding			
rs72874860					intron_variant	GRB14		ENST00000424693	intron_variant	MODIFIER	protein_coding			
rs72874860					intron_variant	GRB14		ENST00000446413	intron_variant	MODIFIER	protein_coding			
rs72874860					intron_variant	GRB14		ENST00000488342	intron_variant,non_coding_transcript_variant	MODIFIER	retained_intron			
rs10184004					downstream_gene_variant	COBLL1		ENST00000495084	downstream_gene_variant	MODIFIER	processed_transcript			
rs74459242					missense_variant	COBLL1		ENST00000194871	missense_variant	MODERATE	protein_coding		393.0	V/L
rs74459242					missense_variant	COBLL1		ENST00000194871	missense_variant	MODERATE	protein_coding		393.0	V/M
rs74459242					missense_variant	COBLL1		ENST00000342193	missense_variant	MODERATE	protein_coding		327.0	V/L
rs74459242					missense_variant	COBLL1		ENST00000342193	missense_variant	MODERATE	protein_coding		327.0	V/M
rs74459242					missense_variant	COBLL1		ENST00000375458	missense_variant	MODERATE	protein_coding		327.0	V/L
rs74459242					missense_variant	COBLL1		ENST00000375458	missense_variant	MODERATE	protein_coding		327.0	V/M
rs74459242					missense_variant	COBLL1		ENST00000392717	missense_variant	MODERATE	protein_coding		365.0	V/L
rs74459242					missense_variant	COBLL1		ENST00000392717	missense_variant	MODERATE	protein_coding		365.0	V/M
rs74459242					missense_variant	COBLL1		ENST00000409184	missense_variant	MODERATE	protein_coding		365.0	V/L
rs74459242					missense_variant	COBLL1		ENST00000409184	missense_variant	MODERATE	protein_coding		365.0	V/M
rs74459242					missense_variant	COBLL1		ENST00000434366	intron_variant,non_coding_transcript_variant	MODIFIER	processed_transcript			
rs74459242					missense_variant	COBLL1		ENST00000452626	downstream_gene_variant	MODIFIER	protein_coding			
rs74459242					missense_variant	COBLL1		ENST00000456171	missense_variant,NMD_transcript_variant	MODERATE	nonsense_mediated_decay		340.0	V/L
rs74459242					missense_variant	COBLL1		ENST00000456171	missense_variant,NMD_transcript_variant	MODERATE	nonsense_mediated_decay		340.0	V/M
rs74459242					missense_variant	COBLL1		ENST00000456693	downstream_gene_variant	MODIFIER	protein_coding			
rs74459242					missense_variant	COBLL1		ENST00000474975	non_coding_transcript_exon_variant	MODIFIER	retained_intron			
rs74459242					missense_variant	COBLL1		ENST00000491126	intron_variant,non_coding_transcript_variant	MODIFIER	processed_transcript			
rs74459242					missense_variant	COBLL1		ENST00000493868	non_coding_transcript_exon_variant	MODIFIER	retained_intron			
rs9287852					intron_variant	SLC38A11		ENST00000303735	intron_variant	MODIFIER	protein_coding			
rs9287852					intron_variant	SLC38A11		ENST00000409058	intron_variant	MODIFIER	protein_coding			
rs9287852					intron_variant	SLC38A11		ENST00000409149	intron_variant	MODIFIER	protein_coding			
rs9287852					intron_variant	SLC38A11		ENST00000409662	intron_variant	MODIFIER	protein_coding			
rs9287852					intron_variant	SLC38A11		ENST00000424914	intron_variant	MODIFIER	protein_coding			
rs9287852					intron_variant	SLC38A11		ENST00000465898	downstream_gene_variant	MODIFIER	retained_intron			
rs9287852					intron_variant	SLC38A11		ENST00000470576	upstream_gene_variant	MODIFIER	retained_intron			
rs9287852					intron_variant	SLC38A11		ENST00000483641	upstream_gene_variant	MODIFIER	retained_intron			
rs9287852					intron_variant	SLC38A11		ENST00000493887	intron_variant,non_coding_transcript_variant	MODIFIER	processed_transcript			
rs11674103					intron_variant	SCN2A		ENST00000283256	intron_variant	MODIFIER	protein_coding			
rs11674103					intron_variant	SCN2A		ENST00000357398	intron_variant	MODIFIER	protein_coding			
rs11674103					intron_variant	SCN2A		ENST00000375427	intron_variant	MODIFIER	protein_coding			
rs11674103					intron_variant	SCN2A		ENST00000375437	intron_variant	MODIFIER	protein_coding			
rs11674103					intron_variant	SCN2A		ENST00000480032	intron_variant,non_coding_transcript_variant	MODIFIER	retained_intron			
rs3791848					intron_variant	GALNT3		ENST00000392701	intron_variant	MODIFIER	protein_coding			
rs3791848					intron_variant	GALNT3		ENST00000409882	intron_variant	MODIFIER	protein_coding			
rs3791848					intron_variant	GALNT3		ENST00000412248	downstream_gene_variant	MODIFIER	protein_coding			
rs3791848					intron_variant	GALNT3		ENST00000437849	downstream_gene_variant	MODIFIER	nonsense_mediated_decay			
rs3791848					intron_variant	GALNT3		ENST00000463254	downstream_gene_variant	MODIFIER	retained_intron			
rs13387347					intron_variant	G6PC2		ENST00000571993	upstream_gene_variant	MODIFIER	nonsense_mediated_decay			
rs13387347					intron_variant	G6PC2		ENST00000572378	upstream_gene_variant	MODIFIER	protein_coding			
rs13387347					intron_variant	SPC25		ENST00000572735	intron_variant,non_coding_transcript_variant	MODIFIER	processed_transcript			
rs13387347					intron_variant	G6PC2		ENST00000573192	upstream_gene_variant	MODIFIER	protein_coding			
rs13387347					intron_variant	G6PC2		ENST00000574012	upstream_gene_variant	MODIFIER	protein_coding			
rs13387347					intron_variant	SPC25		ENST00000576123	intron_variant	MODIFIER	protein_coding			
rs13387347					intron_variant	G6PC2		ENST00000576368	upstream_gene_variant	MODIFIER	processed_transcript			
rs13387347					intron_variant	G6PC2		ENST00000282075	upstream_gene_variant	MODIFIER	nonsense_mediated_decay			
rs13387347					intron_variant	G6PC2		ENST00000375363	upstream_gene_variant	MODIFIER	protein_coding			
rs13387347					intron_variant	G6PC2		ENST00000421979	upstream_gene_variant	MODIFIER	protein_coding			
rs13387347					intron_variant	G6PC2		ENST00000429379	upstream_gene_variant	MODIFIER	protein_coding			
rs13387347					intron_variant	SPC25		ENST00000451987	intron_variant	MODIFIER	protein_coding			
rs13387347					intron_variant	G6PC2		ENST00000461586	upstream_gene_variant	MODIFIER	processed_transcript			
rs13387347					intron_variant	SPC25		ENST00000472216	intron_variant,non_coding_transcript_variant	MODIFIER	processed_transcript			
rs2270335					5_prime_UTR_variant	GAD1		ENST00000344257	intron_variant	MODIFIER	protein_coding			
rs2270335					5_prime_UTR_variant	GAD1		ENST00000358196	intron_variant	MODIFIER	protein_coding			
rs2270335					5_prime_UTR_variant	GAD1		ENST00000375272	intron_variant	MODIFIER	protein_coding			
rs2270335					5_prime_UTR_variant	GAD1		ENST00000414527	intron_variant,NMD_transcript_variant	MODIFIER	nonsense_mediated_decay			
rs2270335					5_prime_UTR_variant	AC007405.8		ENST00000418106	upstream_gene_variant	MODIFIER	antisense			
rs2270335					5_prime_UTR_variant	GAD1		ENST00000429023	upstream_gene_variant	MODIFIER	processed_transcript			
rs2270335					5_prime_UTR_variant	GAD1		ENST00000445006	intron_variant	MODIFIER	protein_coding			
rs2270335					5_prime_UTR_variant	AC007405.8		ENST00000451730	upstream_gene_variant	MODIFIER	antisense			
rs2270335					5_prime_UTR_variant	GAD1		ENST00000454603	intron_variant	MODIFIER	protein_coding			
rs2270335					5_prime_UTR_variant	GAD1		ENST00000455008	intron_variant	MODIFIER	protein_coding			
rs2270335					5_prime_UTR_variant	AC007405.8		ENST00000455988	upstream_gene_variant	MODIFIER	antisense			
rs2270335					5_prime_UTR_variant	GAD1		ENST00000456864	intron_variant	MODIFIER	protein_coding			
rs2270335					5_prime_UTR_variant	GAD1		ENST00000485013	upstream_gene_variant	MODIFIER	retained_intron			
rs2270335					5_prime_UTR_variant	GAD1		ENST00000486850	upstream_gene_variant	MODIFIER	protein_coding			
rs2270335					5_prime_UTR_variant	GAD1		ENST00000493875	5_prime_UTR_variant,NMD_transcript_variant	MODIFIER	nonsense_mediated_decay			
rs72917544					intron_variant	CIR1		ENST00000342016	intron_variant	MODIFIER	protein_coding			
rs72917544					intron_variant	CIR1		ENST00000362053	intron_variant	MODIFIER	protein_coding			
rs72917544					intron_variant	CIR1		ENST00000377973	intron_variant	MODIFIER	protein_coding			
rs72917544					intron_variant	CIR1		ENST00000461454	downstream_gene_variant	MODIFIER	retained_intron			
rs12464787					missense_variant	TTN		ENST00000342175	synonymous_variant	LOW	protein_coding		14737.0	S
rs12464787					missense_variant	TTN		ENST00000342175	missense_variant	MODERATE	protein_coding		14737.0	S/R
rs12464787					missense_variant	TTN		ENST00000342992	synonymous_variant	LOW	protein_coding		21042.0	S
rs12464787					missense_variant	TTN		ENST00000342992	missense_variant	MODERATE	protein_coding		21042.0	S/R
rs12464787					missense_variant	TTN		ENST00000359218	synonymous_variant	LOW	protein_coding		14670.0	S
rs12464787					missense_variant	TTN		ENST00000359218	missense_variant	MODERATE	protein_coding		14670.0	S/R
rs12464787					missense_variant	TTN-AS1		ENST00000419746	intron_variant,non_coding_transcript_variant	MODIFIER	antisense			
rs12464787					missense_variant	TTN-AS1		ENST00000438095	intron_variant,non_coding_transcript_variant	MODIFIER	antisense			
rs12464787					missense_variant	TTN-AS1		ENST00000456053	intron_variant,non_coding_transcript_variant	MODIFIER	antisense			
rs12464787					missense_variant	TTN		ENST00000460472	synonymous_variant	LOW	protein_coding		14545.0	S
rs12464787					missense_variant	TTN		ENST00000460472	missense_variant	MODERATE	protein_coding		14545.0	S/R
rs12464787					missense_variant	TTN-AS1		ENST00000585451	intron_variant,non_coding_transcript_variant	MODIFIER	antisense			
rs12464787					missense_variant	TTN-AS1		ENST00000586452	intron_variant,non_coding_transcript_variant	MODIFIER	antisense			
rs12464787					missense_variant	TTN-AS1		ENST00000586707	intron_variant,non_coding_transcript_variant	MODIFIER	antisense			
rs12464787					missense_variant	TTN-AS1		ENST00000586831	intron_variant,non_coding_transcript_variant	MODIFIER	antisense			
rs12464787					missense_variant	TTN		ENST00000589042	synonymous_variant	LOW	protein_coding		23610.0	S
rs12464787					missense_variant	TTN		ENST00000589042	missense_variant	MODERATE	protein_coding		23610.0	S/R
rs12464787					missense_variant	TTN-AS1		ENST00000590807	intron_variant,non_coding_transcript_variant	MODIFIER	antisense			
rs12464787					missense_variant	TTN-AS1		ENST00000590932	intron_variant,non_coding_transcript_variant	MODIFIER	antisense			
rs12464787					missense_variant	TTN		ENST00000591111	synonymous_variant	LOW	protein_coding		21969.0	S
rs12464787					missense_variant	TTN		ENST00000591111	missense_variant	MODERATE	protein_coding		21969.0	S/R
rs12464787					missense_variant	TTN-AS1		ENST00000591332	intron_variant,non_coding_transcript_variant	MODIFIER	antisense			
rs12464787					missense_variant	TTN-AS1		ENST00000592600	intron_variant,non_coding_transcript_variant	MODIFIER	antisense			
rs12464787					missense_variant	TTN-AS1		ENST00000592630	intron_variant,non_coding_transcript_variant	MODIFIER	antisense			
rs12464787					missense_variant	TTN-AS1		ENST00000592689	intron_variant,non_coding_transcript_variant	MODIFIER	antisense			
rs12464787					missense_variant	TTN-AS1		ENST00000592750	intron_variant,non_coding_transcript_variant	MODIFIER	antisense			
rs12464787					missense_variant	RP11-171I2.2		ENST00000603521	upstream_gene_variant	MODIFIER	antisense			
rs12464787					missense_variant	RP11-171I2.5		ENST00000604215	upstream_gene_variant	MODIFIER	antisense			
rs12467798					intergenic_variant				intergenic_variant					
rs10198943					intron_variant	DNAH7		ENST00000312428	intron_variant	MODIFIER	protein_coding			
rs10198943					intron_variant	DNAH7		ENST00000493844	upstream_gene_variant	MODIFIER	retained_intron			
rs1991371					intron_variant	BMPR2		ENST00000374574	intron_variant	MODIFIER	protein_coding			
rs1991371					intron_variant	BMPR2		ENST00000374580	intron_variant	MODIFIER	protein_coding			
rs4482463					downstream_gene_variant	AC016903.2		ENST00000456384	downstream_gene_variant	MODIFIER	lincRNA			
rs11692908					intron_variant	PLEKHM3		ENST00000389247	intron_variant	MODIFIER	protein_coding			
rs11692908					intron_variant	PLEKHM3		ENST00000427836	intron_variant	MODIFIER	protein_coding			
rs11692908					intron_variant	PLEKHM3		ENST00000457206	intron_variant	MODIFIER	protein_coding			
rs75179644					intron_variant	AC079610.1		ENST00000415387	intron_variant,non_coding_transcript_variant	MODIFIER	sense_overlapping			
rs75179644					intron_variant	AC093381.2		ENST00000453965	downstream_gene_variant	MODIFIER	lincRNA			
rs16849467					intron_variant	AC079610.1		ENST00000415387	intron_variant,non_coding_transcript_variant	MODIFIER	sense_overlapping			
rs2288176					intron_variant	TNS1		ENST00000171887	intron_variant	MODIFIER	protein_coding			
rs2288176					intron_variant	TNS1		ENST00000413280	intron_variant	MODIFIER	protein_coding			
rs2288176					intron_variant	TNS1		ENST00000419504	intron_variant	MODIFIER	protein_coding			
rs2288176					intron_variant	TNS1		ENST00000423413	intron_variant	MODIFIER	protein_coding			
rs2288176					intron_variant	TNS1		ENST00000430930	intron_variant	MODIFIER	protein_coding			
rs2288176					intron_variant	TNS1		ENST00000446903	intron_variant	MODIFIER	protein_coding			
rs2288176					intron_variant	TNS1		ENST00000449814	intron_variant	MODIFIER	protein_coding			
rs76480788					intron_variant	TNS1		ENST00000446903	intron_variant	MODIFIER	protein_coding			
rs10193189					intron_variant	PNKD		ENST00000258362	upstream_gene_variant	MODIFIER	protein_coding			
rs10193189					intron_variant	PNKD		ENST00000273077	intron_variant	MODIFIER	protein_coding			
rs10193189					intron_variant	AC021016.8		ENST00000411433	downstream_gene_variant	MODIFIER	antisense			
rs10193189					intron_variant	PNKD		ENST00000472650	downstream_gene_variant	MODIFIER	processed_transcript			
rs10193189					intron_variant	PNKD		ENST00000494954	downstream_gene_variant	MODIFIER	processed_transcript			
rs78058190					upstream_gene_variant	PRKAG3		ENST00000233944	upstream_gene_variant	MODIFIER	nonsense_mediated_decay			
rs78058190					upstream_gene_variant	PRKAG3		ENST00000392098	upstream_gene_variant	MODIFIER	protein_coding			
rs78058190					upstream_gene_variant	PRKAG3		ENST00000430489	upstream_gene_variant	MODIFIER	protein_coding			
rs78058190					upstream_gene_variant	PRKAG3		ENST00000439262	upstream_gene_variant	MODIFIER	protein_coding			
rs78058190					upstream_gene_variant	PRKAG3		ENST00000470307	upstream_gene_variant	MODIFIER	nonsense_mediated_decay			
rs78058190					upstream_gene_variant	PRKAG3		ENST00000490971	upstream_gene_variant	MODIFIER	retained_intron			
rs78058190					upstream_gene_variant	PRKAG3		ENST00000529249	upstream_gene_variant	MODIFIER	protein_coding			
rs78058190					upstream_gene_variant	PRKAG3		ENST00000545803	upstream_gene_variant	MODIFIER	protein_coding			
rs12613239					intergenic_variant				intergenic_variant					
rs2203452					intergenic_variant				intergenic_variant					
rs10933138					intergenic_variant				intergenic_variant					
rs13022070					intron_variant	SPHKAP		ENST00000344657	intron_variant	MODIFIER	protein_coding			
rs13022070					intron_variant	SPHKAP		ENST00000392056	intron_variant	MODIFIER	protein_coding			
rs2305141					intron_variant	GIGYF2		ENST00000373563	intron_variant	MODIFIER	protein_coding			
rs2305141					intron_variant	GIGYF2		ENST00000373566	intron_variant	MODIFIER	protein_coding			
rs2305141					intron_variant	GIGYF2		ENST00000409196	intron_variant	MODIFIER	protein_coding			
rs2305141					intron_variant	GIGYF2		ENST00000409451	intron_variant	MODIFIER	protein_coding			
rs2305141					intron_variant	GIGYF2		ENST00000409480	intron_variant	MODIFIER	protein_coding			
rs2305141					intron_variant	GIGYF2		ENST00000409547	intron_variant	MODIFIER	protein_coding			
rs2305141					intron_variant	GIGYF2		ENST00000423659	downstream_gene_variant	MODIFIER	protein_coding			
rs2305141					intron_variant	GIGYF2		ENST00000440945	intron_variant	MODIFIER	protein_coding			
rs2305141					intron_variant	GIGYF2		ENST00000452341	intron_variant	MODIFIER	protein_coding			
rs2305141					intron_variant	GIGYF2		ENST00000474312	intron_variant,non_coding_transcript_variant	MODIFIER	retained_intron			
rs2305141					intron_variant	GIGYF2		ENST00000482952	downstream_gene_variant	MODIFIER	retained_intron			
rs72976321					intron_variant	ATG16L1		ENST00000347464	intron_variant	MODIFIER	protein_coding			
rs72976321					intron_variant	ATG16L1		ENST00000373525	intron_variant	MODIFIER	protein_coding			
rs72976321					intron_variant	ATG16L1		ENST00000392017	intron_variant	MODIFIER	protein_coding			
rs72976321					intron_variant	ATG16L1		ENST00000392018	intron_variant	MODIFIER	protein_coding			
rs72976321					intron_variant	ATG16L1		ENST00000392020	intron_variant	MODIFIER	protein_coding			
rs72976321					intron_variant	ATG16L1		ENST00000392021	intron_variant,NMD_transcript_variant	MODIFIER	nonsense_mediated_decay			
rs72976321					intron_variant	ATG16L1		ENST00000417017	downstream_gene_variant	MODIFIER	protein_coding			
rs72976321					intron_variant	ATG16L1		ENST00000419681	intron_variant	MODIFIER	protein_coding			
rs72976321					intron_variant	ATG16L1		ENST00000444735	downstream_gene_variant	MODIFIER	protein_coding			
rs72976321					intron_variant	ATG16L1		ENST00000464645	intron_variant,non_coding_transcript_variant	MODIFIER	processed_transcript			
rs72976321					intron_variant	ATG16L1		ENST00000472242	upstream_gene_variant	MODIFIER	retained_intron			
rs72976321					intron_variant	ATG16L1		ENST00000474148	intron_variant,non_coding_transcript_variant	MODIFIER	retained_intron			
rs72976321					intron_variant	ATG16L1		ENST00000479942	intron_variant,non_coding_transcript_variant	MODIFIER	retained_intron			
rs72976321					intron_variant	ATG16L1		ENST00000492298	intron_variant,non_coding_transcript_variant	MODIFIER	retained_intron			
rs72976321					intron_variant	ATG16L1		ENST00000498620	intron_variant,non_coding_transcript_variant	MODIFIER	processed_transcript			
rs72976321					intron_variant	SCARNA5		ENST00000516201	downstream_gene_variant	MODIFIER	snoRNA			
rs117809958					intron_variant	ATG16L1		ENST00000347464	intron_variant	MODIFIER	protein_coding			
rs117809958					intron_variant	ATG16L1		ENST00000373525	intron_variant	MODIFIER	protein_coding			
rs117809958					intron_variant	ATG16L1		ENST00000392017	intron_variant	MODIFIER	protein_coding			
rs117809958					intron_variant	ATG16L1		ENST00000392018	intron_variant	MODIFIER	protein_coding			
rs117809958					intron_variant	ATG16L1		ENST00000392020	intron_variant	MODIFIER	protein_coding			
rs117809958					intron_variant	ATG16L1		ENST00000392021	intron_variant,NMD_transcript_variant	MODIFIER	nonsense_mediated_decay			
rs117809958					intron_variant	ATG16L1		ENST00000419681	downstream_gene_variant	MODIFIER	protein_coding			
rs117809958					intron_variant	ATG16L1		ENST00000464645	intron_variant,non_coding_transcript_variant	MODIFIER	processed_transcript			
rs117809958					intron_variant	ATG16L1		ENST00000472242	intron_variant,non_coding_transcript_variant	MODIFIER	retained_intron			
rs117809958					intron_variant	ATG16L1		ENST00000474148	intron_variant,non_coding_transcript_variant	MODIFIER	retained_intron			
rs117809958					intron_variant	ATG16L1		ENST00000479942	intron_variant,non_coding_transcript_variant	MODIFIER	retained_intron			
rs117809958					intron_variant	ATG16L1		ENST00000492298	downstream_gene_variant	MODIFIER	retained_intron			
rs117809958					intron_variant	ATG16L1		ENST00000498620	intron_variant,non_coding_transcript_variant	MODIFIER	processed_transcript			
rs6706384					intron_variant	DGKD		ENST00000264057	intron_variant	MODIFIER	protein_coding			
rs6706384					intron_variant	DGKD		ENST00000409813	intron_variant	MODIFIER	protein_coding			
rs6706384					intron_variant	DGKD		ENST00000427930	intron_variant	MODIFIER	protein_coding			
rs6706384					intron_variant	DGKD		ENST00000447484	intron_variant	MODIFIER	protein_coding			
rs12999257					intergenic_variant				intergenic_variant					
rs2279440					3_prime_UTR_variant	SETD5		ENST00000302463	downstream_gene_variant	MODIFIER	protein_coding			
rs2279440					3_prime_UTR_variant	SETD5		ENST00000399686	intron_variant	MODIFIER	protein_coding			
rs2279440					3_prime_UTR_variant	SETD5		ENST00000402198	3_prime_UTR_variant	MODIFIER	protein_coding			
rs2279440					3_prime_UTR_variant	SETD5		ENST00000402466	3_prime_UTR_variant	MODIFIER	protein_coding			
rs2279440					3_prime_UTR_variant	SETD5		ENST00000406341	3_prime_UTR_variant	MODIFIER	protein_coding			
rs2279440					3_prime_UTR_variant	SETD5		ENST00000407969	3_prime_UTR_variant	MODIFIER	protein_coding			
rs2279440					3_prime_UTR_variant	SETD5		ENST00000413704	downstream_gene_variant	MODIFIER	nonsense_mediated_decay			
rs2279440					3_prime_UTR_variant	SETD5		ENST00000421188	downstream_gene_variant	MODIFIER	protein_coding			
rs2279440					3_prime_UTR_variant	SETD5		ENST00000459941	downstream_gene_variant	MODIFIER	retained_intron			
rs2279440					3_prime_UTR_variant	SETD5		ENST00000466242	downstream_gene_variant	MODIFIER	retained_intron			
rs2279440					3_prime_UTR_variant	SETD5		ENST00000466826	downstream_gene_variant	MODIFIER	retained_intron			
rs2279440					3_prime_UTR_variant	SETD5		ENST00000479538	downstream_gene_variant	MODIFIER	processed_transcript			
rs2279440					3_prime_UTR_variant	SETD5		ENST00000486465	downstream_gene_variant	MODIFIER	retained_intron			
rs2279440					3_prime_UTR_variant	SETD5		ENST00000492939	downstream_gene_variant	MODIFIER	retained_intron			
rs2279440					3_prime_UTR_variant	SETD5		ENST00000493918	downstream_gene_variant	MODIFIER	retained_intron			
rs308958					intron_variant	SYN2		ENST00000424884	intron_variant,non_coding_transcript_variant	MODIFIER	processed_transcript			
rs308958					intron_variant	SYN2		ENST00000426379	intron_variant,non_coding_transcript_variant	MODIFIER	processed_transcript			
rs308958					intron_variant	SYN2		ENST00000432424	intron_variant,non_coding_transcript_variant	MODIFIER	processed_transcript			
rs308958					intron_variant	SYN2		ENST00000439861	upstream_gene_variant	MODIFIER	retained_intron			
rs17036160					intron_variant	PPARG		ENST00000309576	intron_variant	MODIFIER	protein_coding			
rs17036160					intron_variant	PPARG		ENST00000397010	intron_variant	MODIFIER	protein_coding			
rs17036160					intron_variant	PPARG		ENST00000397012	upstream_gene_variant	MODIFIER	protein_coding			
rs17036160					intron_variant	PPARG		ENST00000397015	intron_variant	MODIFIER	protein_coding			
rs17036160					intron_variant	PPARG		ENST00000397026	upstream_gene_variant	MODIFIER	protein_coding			
rs17036160					intron_variant	PPARG		ENST00000397029	intron_variant	MODIFIER	protein_coding			
rs17036160					intron_variant	PPARG		ENST00000455517	upstream_gene_variant	MODIFIER	protein_coding			
rs17036160					intron_variant	PPARG		ENST00000497594	upstream_gene_variant	MODIFIER	retained_intron			
rs709156					intron_variant	PPARG		ENST00000287820	intron_variant	MODIFIER	protein_coding			
rs709156					intron_variant	PPARG		ENST00000309576	intron_variant	MODIFIER	protein_coding			
rs709156					intron_variant	PPARG		ENST00000396999	downstream_gene_variant	MODIFIER	nonsense_mediated_decay			
rs709156					intron_variant	PPARG		ENST00000397000	intron_variant	MODIFIER	protein_coding			
rs709156					intron_variant	PPARG		ENST00000397010	intron_variant	MODIFIER	protein_coding			
rs709156					intron_variant	PPARG		ENST00000397012	intron_variant	MODIFIER	protein_coding			
rs709156					intron_variant	PPARG		ENST00000397015	intron_variant	MODIFIER	protein_coding			
rs709156					intron_variant	PPARG		ENST00000397023	intron_variant,NMD_transcript_variant	MODIFIER	nonsense_mediated_decay			
rs709156					intron_variant	PPARG		ENST00000397026	intron_variant	MODIFIER	protein_coding			
rs709156					intron_variant	PPARG		ENST00000539812	intron_variant	MODIFIER	protein_coding			
rs58691354					intergenic_variant				intergenic_variant					
rs7650482					intron_variant	CAND2		ENST00000295989	intron_variant	MODIFIER	protein_coding			
rs7650482					intron_variant	CAND2		ENST00000446928	intron_variant,NMD_transcript_variant	MODIFIER	nonsense_mediated_decay			
rs7650482					intron_variant	CAND2		ENST00000456430	intron_variant	MODIFIER	protein_coding			
rs9818385					intron_variant	NUP210		ENST00000254508	intron_variant	MODIFIER	protein_coding			
rs9818385					intron_variant	NUP210		ENST00000420141	intron_variant,non_coding_transcript_variant	MODIFIER	retained_intron			
rs924753					downstream_gene_variant	ANKRD28		ENST00000383777	downstream_gene_variant	MODIFIER	protein_coding			
rs924753					downstream_gene_variant	ANKRD28		ENST00000399451	downstream_gene_variant	MODIFIER	protein_coding			
rs924753					downstream_gene_variant	ANKRD28		ENST00000412318	downstream_gene_variant	MODIFIER	nonsense_mediated_decay			
rs9878064					intron_variant	AC144521.1		ENST00000425799	intron_variant,non_coding_transcript_variant	MODIFIER	antisense			
rs138043981					intergenic_variant				intergenic_variant					
rs13094957					intron_variant	UBE2E2		ENST00000335798	intron_variant,NMD_transcript_variant	MODIFIER	nonsense_mediated_decay			
rs13094957					intron_variant	UBE2E2		ENST00000396703	intron_variant	MODIFIER	protein_coding			
rs13094957					intron_variant	UBE2E2		ENST00000425792	intron_variant	MODIFIER	protein_coding			
rs13094957					intron_variant	UBE2E2		ENST00000452894	intron_variant	MODIFIER	protein_coding			
rs59738871					intron_variant	UBE2E2		ENST00000335798	intron_variant,NMD_transcript_variant	MODIFIER	nonsense_mediated_decay			
rs59738871					intron_variant	UBE2E2		ENST00000396703	intron_variant	MODIFIER	protein_coding			
rs59738871					intron_variant	UBE2E2		ENST00000425792	intron_variant	MODIFIER	protein_coding			
rs59738871					intron_variant	UBE2E2		ENST00000452894	intron_variant	MODIFIER	protein_coding			
rs76435632					3_prime_UTR_variant	UBE2E2		ENST00000335798	downstream_gene_variant	MODIFIER	nonsense_mediated_decay			
rs76435632					3_prime_UTR_variant	UBE2E2		ENST00000396703	3_prime_UTR_variant	MODIFIER	protein_coding			
rs76435632					3_prime_UTR_variant	UBE2E2		ENST00000425792	downstream_gene_variant	MODIFIER	protein_coding			
rs36052996					intron_variant	AC133680.1		ENST00000455576	intron_variant,non_coding_transcript_variant	MODIFIER	lincRNA			
rs6808550					intron_variant	AC133680.1		ENST00000455576	intron_variant,non_coding_transcript_variant	MODIFIER	lincRNA			
rs6766511					intergenic_variant				intergenic_variant					
rs4789					3_prime_UTR_variant	TRANK1		ENST00000301807	3_prime_UTR_variant	MODIFIER	protein_coding			
rs4789					3_prime_UTR_variant	TRANK1		ENST00000428977	3_prime_UTR_variant	MODIFIER	protein_coding			
rs4789					3_prime_UTR_variant	TRANK1		ENST00000429976	3_prime_UTR_variant	MODIFIER	protein_coding			
rs935112					upstream_gene_variant	CCK		ENST00000396169	upstream_gene_variant	MODIFIER	protein_coding			
rs6809096					intergenic_variant				intergenic_variant					
rs11926707					intron_variant	PTH1R		ENST00000313049	intron_variant	MODIFIER	protein_coding			
rs11926707					intron_variant	PTH1R		ENST00000418619	intron_variant	MODIFIER	protein_coding			
rs11926707					intron_variant	PTH1R		ENST00000427125	intron_variant	MODIFIER	protein_coding			
rs11926707					intron_variant	PTH1R		ENST00000428220	intron_variant,NMD_transcript_variant	MODIFIER	nonsense_mediated_decay			
rs11926707					intron_variant	PTH1R		ENST00000430002	intron_variant	MODIFIER	protein_coding			
rs11926707					intron_variant	MYL3		ENST00000431168	upstream_gene_variant	MODIFIER	protein_coding			
rs11926707					intron_variant	PTH1R		ENST00000449590	intron_variant	MODIFIER	protein_coding			
rs11926707					intron_variant	AC109583.1		ENST00000593391	downstream_gene_variant	MODIFIER	protein_coding			
rs2624847					intron_variant	RP11-493K19.3		ENST00000425674	intron_variant,non_coding_transcript_variant	MODIFIER	antisense			
rs2624847					intron_variant	RP11-493K19.3		ENST00000437204	intron_variant,non_coding_transcript_variant	MODIFIER	antisense			
rs11707129					intron_variant	POC1A		ENST00000296484	intron_variant	MODIFIER	protein_coding			
rs11707129					intron_variant	POC1A		ENST00000394970	intron_variant	MODIFIER	protein_coding			
rs11707129					intron_variant	POC1A		ENST00000474012	intron_variant	MODIFIER	protein_coding			
rs2581787					intron_variant	RFT1		ENST00000296292	intron_variant	MODIFIER	protein_coding			
rs2581787					intron_variant	RFT1		ENST00000394738	intron_variant	MODIFIER	protein_coding			
rs76263492					intron_variant	CACNA2D3		ENST00000288197	intron_variant	MODIFIER	protein_coding			
rs76263492					intron_variant	CACNA2D3		ENST00000415676	intron_variant	MODIFIER	protein_coding			
rs76263492					intron_variant	CACNA2D3		ENST00000468658	intron_variant,NMD_transcript_variant	MODIFIER	nonsense_mediated_decay			
rs76263492					intron_variant	CACNA2D3		ENST00000471363	intron_variant,NMD_transcript_variant	MODIFIER	nonsense_mediated_decay			
rs76263492					intron_variant	CACNA2D3		ENST00000474759	intron_variant	MODIFIER	protein_coding			
rs76263492					intron_variant	CACNA2D3		ENST00000477024	intron_variant,NMD_transcript_variant	MODIFIER	nonsense_mediated_decay			
rs76263492					intron_variant	CACNA2D3		ENST00000490478	intron_variant	MODIFIER	protein_coding			
rs9815266					intron_variant	SLMAP		ENST00000295951	intron_variant	MODIFIER	protein_coding			
rs9815266					intron_variant	SLMAP		ENST00000295952	intron_variant	MODIFIER	protein_coding			
rs9815266					intron_variant	SLMAP		ENST00000383718	intron_variant	MODIFIER	protein_coding			
rs9815266					intron_variant	SLMAP		ENST00000416870	intron_variant	MODIFIER	protein_coding			
rs9815266					intron_variant	SLMAP		ENST00000428312	intron_variant	MODIFIER	protein_coding			
rs9815266					intron_variant	SLMAP		ENST00000449503	intron_variant	MODIFIER	protein_coding			
rs9815266					intron_variant	SLMAP		ENST00000467901	intron_variant,non_coding_transcript_variant	MODIFIER	retained_intron			
rs62259319					upstream_gene_variant	RPP14		ENST00000295959	upstream_gene_variant	MODIFIER	protein_coding			
rs62259319					upstream_gene_variant	RPP14		ENST00000445193	upstream_gene_variant	MODIFIER	protein_coding			
rs62259319					upstream_gene_variant	RPP14		ENST00000461393	upstream_gene_variant	MODIFIER	processed_transcript			
rs62259319					upstream_gene_variant	RPP14		ENST00000461797	upstream_gene_variant	MODIFIER	processed_transcript			
rs62259319					upstream_gene_variant	RPP14		ENST00000466547	upstream_gene_variant	MODIFIER	protein_coding			
rs62259319					upstream_gene_variant	RPP14		ENST00000474660	upstream_gene_variant	MODIFIER	processed_transcript			
rs62259319					upstream_gene_variant	RPP14		ENST00000475412	upstream_gene_variant	MODIFIER	processed_transcript			
rs62259319					upstream_gene_variant	RPP14		ENST00000476007	upstream_gene_variant	MODIFIER	processed_transcript			
rs62259319					upstream_gene_variant	RPP14		ENST00000477305	upstream_gene_variant	MODIFIER	processed_transcript			
rs62259319					upstream_gene_variant	RPP14		ENST00000481972	upstream_gene_variant	MODIFIER	processed_transcript			
rs62259319					upstream_gene_variant	RPP14		ENST00000498618	upstream_gene_variant	MODIFIER	processed_transcript			
rs832186					intron_variant	C3orf49		ENST00000295896	intron_variant	MODIFIER	protein_coding			
rs832186					intron_variant	THOC7		ENST00000295899	intron_variant	MODIFIER	protein_coding			
rs832186					intron_variant	THOC7		ENST00000464327	intron_variant,NMD_transcript_variant	MODIFIER	nonsense_mediated_decay			
rs832186					intron_variant	THOC7		ENST00000469584	intron_variant,NMD_transcript_variant	MODIFIER	nonsense_mediated_decay			
rs832186					intron_variant	THOC7		ENST00000473141	intron_variant,non_coding_transcript_variant	MODIFIER	processed_transcript			
rs832186					intron_variant	THOC7		ENST00000498422	intron_variant,non_coding_transcript_variant	MODIFIER	processed_transcript			
rs2292662					intron_variant	ATXN7		ENST00000295900	intron_variant	MODIFIER	protein_coding			
rs2292662					intron_variant	ATXN7		ENST00000398590	intron_variant	MODIFIER	protein_coding			
rs2292662					intron_variant	ATXN7		ENST00000474112	intron_variant,non_coding_transcript_variant	MODIFIER	retained_intron			
rs2292662					intron_variant	ATXN7		ENST00000474513	intron_variant	MODIFIER	protein_coding			
rs2292662					intron_variant	ATXN7		ENST00000487717	upstream_gene_variant	MODIFIER	protein_coding			
rs2292662					intron_variant	ATXN7		ENST00000538065	upstream_gene_variant	MODIFIER	protein_coding			
rs4132228					intron_variant	ADAMTS9-AS2		ENST00000460833	intron_variant,non_coding_transcript_variant	MODIFIER	antisense			
rs4132228					intron_variant	ADAMTS9-AS2		ENST00000474768	intron_variant,non_coding_transcript_variant	MODIFIER	antisense			
rs4132228					intron_variant	ADAMTS9-AS2		ENST00000481312	intron_variant,non_coding_transcript_variant	MODIFIER	antisense			
rs4132228					intron_variant	ADAMTS9-AS2		ENST00000485174	intron_variant,non_coding_transcript_variant	MODIFIER	antisense			
rs7648830					intergenic_variant				intergenic_variant					
rs149800825					intergenic_variant				intergenic_variant					
rs844215					intergenic_variant				intergenic_variant					
rs9880763					intergenic_variant				intergenic_variant					
rs13085136					intron_variant	SHQ1		ENST00000325599	intron_variant	MODIFIER	protein_coding			
rs13085136					intron_variant	SHQ1		ENST00000444040	intron_variant,NMD_transcript_variant	MODIFIER	nonsense_mediated_decay			
rs13085136					intron_variant	SHQ1		ENST00000463369	intron_variant	MODIFIER	protein_coding			
rs13085136					intron_variant	SHQ1		ENST00000468347	intron_variant,non_coding_transcript_variant	MODIFIER	processed_transcript			
rs13085136					intron_variant	SHQ1		ENST00000475558	intron_variant,non_coding_transcript_variant	MODIFIER	processed_transcript			
rs2272163					intron_variant	ROBO2		ENST00000332191	intron_variant	MODIFIER	protein_coding			
rs2272163					intron_variant	ROBO2		ENST00000461745	intron_variant	MODIFIER	protein_coding			
rs2272163					intron_variant	ROBO2		ENST00000469233	downstream_gene_variant	MODIFIER	processed_transcript			
rs2272163					intron_variant	ROBO2		ENST00000473767	intron_variant,NMD_transcript_variant	MODIFIER	nonsense_mediated_decay			
rs2272163					intron_variant	ROBO2		ENST00000475334	intron_variant	MODIFIER	protein_coding			
rs2272163					intron_variant	ROBO2		ENST00000487694	intron_variant	MODIFIER	protein_coding			
rs2272163					intron_variant	ROBO2		ENST00000490991	downstream_gene_variant	MODIFIER	protein_coding			
rs62257270					intergenic_variant				intergenic_variant					
rs11716527					intergenic_variant				intergenic_variant					
rs580585					intergenic_variant				intergenic_variant					
rs775230					intron_variant	BOC		ENST00000273395	intron_variant	MODIFIER	protein_coding			
rs775230					intron_variant	BOC		ENST00000355385	intron_variant	MODIFIER	protein_coding			
rs775230					intron_variant	WDR52		ENST00000393845	downstream_gene_variant	MODIFIER	protein_coding			
rs775230					intron_variant	BOC		ENST00000463971	downstream_gene_variant	MODIFIER	retained_intron			
rs775230					intron_variant	BOC		ENST00000466059	intron_variant,non_coding_transcript_variant	MODIFIER	retained_intron			
rs775230					intron_variant	BOC		ENST00000473008	upstream_gene_variant	MODIFIER	protein_coding			
rs775230					intron_variant	BOC		ENST00000479182	intron_variant,non_coding_transcript_variant	MODIFIER	retained_intron			
rs775230					intron_variant	BOC		ENST00000488486	upstream_gene_variant	MODIFIER	nonsense_mediated_decay			
rs775230					intron_variant	WDR52		ENST00000489244	downstream_gene_variant	MODIFIER	nonsense_mediated_decay			
rs775230					intron_variant	BOC		ENST00000495514	intron_variant	MODIFIER	protein_coding			
rs775230					intron_variant	BOC		ENST00000497495	downstream_gene_variant	MODIFIER	processed_transcript			
rs9822860					intergenic_variant				intergenic_variant					
rs7635128					intron_variant	CASR		ENST00000490131	intron_variant	MODIFIER	protein_coding			
rs7635128					intron_variant	CASR		ENST00000498619	intron_variant	MODIFIER	protein_coding			
rs7635128					intron_variant	SNORD112		ENST00000516361	downstream_gene_variant	MODIFIER	snoRNA			
rs1393202					intergenic_variant				intergenic_variant					
rs4482616					splice_donor_region_variant	ADCY5		ENST00000309879	splice_donor_region_variant,intron_variant	LOW	protein_coding			
rs4482616					splice_donor_region_variant	ADCY5		ENST00000462833	splice_donor_region_variant,intron_variant	LOW	protein_coding			
rs4482616					splice_donor_region_variant	ADCY5		ENST00000466617	downstream_gene_variant	MODIFIER	protein_coding			
rs4482616					splice_donor_region_variant	ADCY5		ENST00000468683	downstream_gene_variant	MODIFIER	retained_intron			
rs4482616					splice_donor_region_variant	ADCY5		ENST00000474577	splice_donor_region_variant,intron_variant,non_coding_transcript_variant	LOW	retained_intron			
rs4482616					splice_donor_region_variant	ADCY5		ENST00000491190	splice_donor_region_variant,intron_variant	LOW	protein_coding			
rs11708067					intron_variant	ADCY5		ENST00000309879	intron_variant	MODIFIER	protein_coding			
rs11708067					intron_variant	ADCY5		ENST00000462833	intron_variant	MODIFIER	protein_coding			
rs11708067					intron_variant	ADCY5		ENST00000466617	intron_variant	MODIFIER	protein_coding			
rs11708067					intron_variant	ADCY5		ENST00000476455	intron_variant,NMD_transcript_variant	MODIFIER	nonsense_mediated_decay			
rs11708067					intron_variant	ADCY5		ENST00000483566	intron_variant	MODIFIER	protein_coding			
rs11708067					intron_variant	ADCY5		ENST00000491190	intron_variant	MODIFIER	protein_coding			
rs73856630					intergenic_variant				intergenic_variant					
rs9873519					intron_variant	SLC12A8		ENST00000314584	intron_variant	MODIFIER	protein_coding			
rs9873519					intron_variant	SLC12A8		ENST00000393469	intron_variant	MODIFIER	protein_coding			
rs9873519					intron_variant	SLC12A8		ENST00000423114	intron_variant	MODIFIER	protein_coding			
rs9873519					intron_variant	SLC12A8		ENST00000469902	intron_variant	MODIFIER	protein_coding			
rs9873519					intron_variant	SLC12A8		ENST00000481760	downstream_gene_variant	MODIFIER	processed_transcript			
rs13086821					intron_variant	ZNF148		ENST00000360647	intron_variant	MODIFIER	protein_coding			
rs13086821					intron_variant	ZNF148		ENST00000465763	upstream_gene_variant	MODIFIER	protein_coding			
rs13086821					intron_variant	ZNF148		ENST00000468369	intron_variant	MODIFIER	protein_coding			
rs13086821					intron_variant	ZNF148		ENST00000471196	intron_variant	MODIFIER	protein_coding			
rs13086821					intron_variant	ZNF148		ENST00000484491	intron_variant	MODIFIER	protein_coding			
rs13086821					intron_variant	ZNF148		ENST00000485866	intron_variant	MODIFIER	protein_coding			
rs13086821					intron_variant	ZNF148		ENST00000492394	intron_variant	MODIFIER	protein_coding			
rs13086821					intron_variant	ZNF148		ENST00000544464	intron_variant	MODIFIER	protein_coding			
rs6762578					intron_variant	COPG1		ENST00000314797	intron_variant	MODIFIER	protein_coding			
rs6762578					intron_variant	COPG1		ENST00000509889	intron_variant	MODIFIER	protein_coding			
rs6762578					intron_variant	COPG1		ENST00000512034	intron_variant,non_coding_transcript_variant	MODIFIER	retained_intron			
rs6762578					intron_variant	COPG1		ENST00000514478	intron_variant,NMD_transcript_variant	MODIFIER	nonsense_mediated_decay			
rs6762578					intron_variant	COPG1		ENST00000515725	intron_variant,non_coding_transcript_variant	MODIFIER	retained_intron			
rs78252470					intron_variant	PLXND1		ENST00000324093	intron_variant	MODIFIER	protein_coding			
rs78252470					intron_variant	PLXND1		ENST00000393239	intron_variant	MODIFIER	protein_coding			
rs7649058					5_prime_UTR_variant	CPNE4		ENST00000429747	5_prime_UTR_variant	MODIFIER	protein_coding			
rs7649058					5_prime_UTR_variant	CPNE4		ENST00000502818	intron_variant	MODIFIER	protein_coding			
rs7649058					5_prime_UTR_variant	CPNE4		ENST00000505331	downstream_gene_variant	MODIFIER	processed_transcript			
rs7649058					5_prime_UTR_variant	CPNE4		ENST00000505957	intron_variant	MODIFIER	protein_coding			
rs7649058					5_prime_UTR_variant	CPNE4		ENST00000506687	intron_variant,non_coding_transcript_variant	MODIFIER	processed_transcript			
rs7649058					5_prime_UTR_variant	CPNE4		ENST00000511604	intron_variant	MODIFIER	protein_coding			
rs7649058					5_prime_UTR_variant	CPNE4		ENST00000512055	5_prime_UTR_variant	MODIFIER	protein_coding			
rs7649058					5_prime_UTR_variant	CPNE4		ENST00000512332	intron_variant	MODIFIER	protein_coding			
rs28509770					intron_variant	PPP2R3A		ENST00000264977	intron_variant	MODIFIER	protein_coding			
rs28509770					intron_variant	PPP2R3A		ENST00000334546	intron_variant	MODIFIER	protein_coding			
rs28509770					intron_variant	PPP2R3A		ENST00000447251	intron_variant,NMD_transcript_variant	MODIFIER	nonsense_mediated_decay			
rs28509770					intron_variant	PPP2R3A		ENST00000490467	intron_variant	MODIFIER	protein_coding			
rs28509770					intron_variant	PPP2R3A		ENST00000492624	intron_variant	MODIFIER	protein_coding			
rs9878031					intergenic_variant				intergenic_variant					
rs1679147					intron_variant	MRAS		ENST00000289104	intron_variant	MODIFIER	protein_coding			
rs1679147					intron_variant	MRAS		ENST00000423968	intron_variant	MODIFIER	protein_coding			
rs1679147					intron_variant	MRAS		ENST00000464896	intron_variant	MODIFIER	protein_coding			
rs1679147					intron_variant	MRAS		ENST00000474559	intron_variant	MODIFIER	protein_coding			
rs1679147					intron_variant	MRAS		ENST00000494949	intron_variant	MODIFIER	protein_coding			
rs75206890					intron_variant	ZBTB38		ENST00000321464	intron_variant	MODIFIER	protein_coding			
rs75206890					intron_variant	ZBTB38		ENST00000441582	intron_variant	MODIFIER	protein_coding			
rs75206890					intron_variant	ZBTB38		ENST00000503809	intron_variant	MODIFIER	protein_coding			
rs75206890					intron_variant	ZBTB38		ENST00000504673	intron_variant	MODIFIER	protein_coding			
rs75206890					intron_variant	ZBTB38		ENST00000507722	intron_variant	MODIFIER	protein_coding			
rs75206890					intron_variant	ZBTB38		ENST00000509813	intron_variant	MODIFIER	protein_coding			
rs75206890					intron_variant	ZBTB38		ENST00000509842	intron_variant	MODIFIER	protein_coding			
rs75206890					intron_variant	ZBTB38		ENST00000509883	intron_variant	MODIFIER	protein_coding			
rs75206890					intron_variant	ZBTB38		ENST00000510338	intron_variant	MODIFIER	protein_coding			
rs75206890					intron_variant	ZBTB38		ENST00000510726	intron_variant	MODIFIER	protein_coding			
rs75206890					intron_variant	ZBTB38		ENST00000513258	intron_variant	MODIFIER	protein_coding			
rs75206890					intron_variant	ZBTB38		ENST00000513570	intron_variant	MODIFIER	protein_coding			
rs75206890					intron_variant	ZBTB38		ENST00000514251	intron_variant	MODIFIER	protein_coding			
rs1802837					stop_gained	TM4SF4		ENST00000305354	stop_gained	HIGH	protein_coding		83.0	C/*
rs1802837					stop_gained	TM4SF4		ENST00000305354	synonymous_variant	LOW	protein_coding		83.0	C
rs1802837					stop_gained	TM4SF4		ENST00000305354	missense_variant	MODERATE	protein_coding		83.0	C/W
rs1802837					stop_gained	TM4SF4		ENST00000463068	non_coding_transcript_exon_variant	MODIFIER	retained_intron			
rs1802837					stop_gained	TM4SF4		ENST00000465758	intron_variant	MODIFIER	protein_coding			
rs62271373					intergenic_variant				intergenic_variant					
rs13066678					intron_variant	MBNL1		ENST00000282486	intron_variant	MODIFIER	protein_coding			
rs13066678					intron_variant	MBNL1		ENST00000282488	intron_variant	MODIFIER	protein_coding			
rs13066678					intron_variant	MBNL1		ENST00000324196	intron_variant	MODIFIER	protein_coding			
rs13066678					intron_variant	MBNL1		ENST00000324210	intron_variant	MODIFIER	protein_coding			
rs13066678					intron_variant	MBNL1		ENST00000355460	intron_variant	MODIFIER	protein_coding			
rs13066678					intron_variant	MBNL1		ENST00000357472	intron_variant	MODIFIER	protein_coding			
rs13066678					intron_variant	MBNL1		ENST00000459747	intron_variant	MODIFIER	protein_coding			
rs13066678					intron_variant	MBNL1		ENST00000460591	intron_variant	MODIFIER	protein_coding			
rs13066678					intron_variant	MBNL1		ENST00000463374	intron_variant	MODIFIER	protein_coding			
rs13066678					intron_variant	MBNL1		ENST00000464596	intron_variant	MODIFIER	protein_coding			
rs13066678					intron_variant	MBNL1		ENST00000465907	intron_variant	MODIFIER	protein_coding			
rs13066678					intron_variant	MBNL1		ENST00000485509	intron_variant	MODIFIER	protein_coding			
rs13066678					intron_variant	MBNL1		ENST00000485910	intron_variant	MODIFIER	protein_coding			
rs13066678					intron_variant	MBNL1		ENST00000492948	intron_variant	MODIFIER	protein_coding			
rs13066678					intron_variant	MBNL1		ENST00000493459	intron_variant	MODIFIER	protein_coding			
rs13066678					intron_variant	MBNL1		ENST00000495875	intron_variant	MODIFIER	protein_coding			
rs13066678					intron_variant	MBNL1		ENST00000498502	intron_variant	MODIFIER	protein_coding			
rs13066678					intron_variant	MBNL1		ENST00000545754	intron_variant	MODIFIER	protein_coding			
rs9873341					intergenic_variant				intergenic_variant					
rs75417759					intergenic_variant				intergenic_variant					
rs9854955					upstream_gene_variant	RP11-6F2.5		ENST00000469196	upstream_gene_variant	MODIFIER	lincRNA			
rs9854955					upstream_gene_variant	LINC00880		ENST00000471357	downstream_gene_variant	MODIFIER	lincRNA			
rs1047210					3_prime_UTR_variant	TRIM59		ENST00000309784	3_prime_UTR_variant	MODIFIER	protein_coding			
rs1047210					3_prime_UTR_variant	SMC4		ENST00000344722	downstream_gene_variant	MODIFIER	protein_coding			
rs1047210					3_prime_UTR_variant	SMC4		ENST00000357388	downstream_gene_variant	MODIFIER	protein_coding			
rs1047210					3_prime_UTR_variant	SMC4		ENST00000360111	downstream_gene_variant	MODIFIER	protein_coding			
rs1047210					3_prime_UTR_variant	SMC4		ENST00000462668	downstream_gene_variant	MODIFIER	retained_intron			
rs1047210					3_prime_UTR_variant	SMC4		ENST00000462787	downstream_gene_variant	MODIFIER	protein_coding			
rs1047210					3_prime_UTR_variant	TRIM59		ENST00000468542	downstream_gene_variant	MODIFIER	protein_coding			
rs1047210					3_prime_UTR_variant	SMC4		ENST00000469762	downstream_gene_variant	MODIFIER	protein_coding			
rs1047210					3_prime_UTR_variant	TRIM59		ENST00000471155	downstream_gene_variant	MODIFIER	protein_coding			
rs1047210					3_prime_UTR_variant	TRIM59		ENST00000471396	downstream_gene_variant	MODIFIER	protein_coding			
rs1047210					3_prime_UTR_variant	TRIM59		ENST00000479460	downstream_gene_variant	MODIFIER	protein_coding			
rs1047210					3_prime_UTR_variant	SMC4		ENST00000486711	downstream_gene_variant	MODIFIER	retained_intron			
rs1047210					3_prime_UTR_variant	TRIM59		ENST00000494486	downstream_gene_variant	MODIFIER	protein_coding			
rs1047210					3_prime_UTR_variant	TRIM59		ENST00000496222	downstream_gene_variant	MODIFIER	protein_coding			
rs1047210					3_prime_UTR_variant	TRIM59		ENST00000543469	intron_variant	MODIFIER	protein_coding			
rs7631973					intron_variant	EGFEM1P		ENST00000431685	intron_variant,non_coding_transcript_variant	MODIFIER	unitary_pseudogene			
rs7631973					intron_variant	EGFEM1P		ENST00000502778	intron_variant,non_coding_transcript_variant	MODIFIER	processed_transcript			
rs7631973					intron_variant	EGFEM1P		ENST00000511230	intron_variant,non_coding_transcript_variant	MODIFIER	processed_transcript			
rs1514895					intergenic_variant				intergenic_variant					
rs6779848					intergenic_variant				intergenic_variant					
rs4894803					intron_variant	FNDC3B		ENST00000336824	intron_variant	MODIFIER	protein_coding			
rs4894803					intron_variant	FNDC3B		ENST00000392699	intron_variant	MODIFIER	protein_coding			
rs4894803					intron_variant	FNDC3B		ENST00000415807	intron_variant	MODIFIER	protein_coding			
rs4894803					intron_variant	FNDC3B		ENST00000416957	intron_variant	MODIFIER	protein_coding			
rs4894803					intron_variant	FNDC3B		ENST00000421757	intron_variant	MODIFIER	protein_coding			
rs4894803					intron_variant	FNDC3B		ENST00000423424	intron_variant	MODIFIER	protein_coding			
rs4894803					intron_variant	FNDC3B		ENST00000469491	intron_variant,non_coding_transcript_variant	MODIFIER	retained_intron			
rs4894537					intron_variant	FNDC3B		ENST00000336824	intron_variant	MODIFIER	protein_coding			
rs4894537					intron_variant	FNDC3B		ENST00000415807	intron_variant	MODIFIER	protein_coding			
rs4894537					intron_variant	FNDC3B		ENST00000416957	intron_variant	MODIFIER	protein_coding			
rs4894537					intron_variant	FNDC3B		ENST00000469491	intron_variant,non_coding_transcript_variant	MODIFIER	retained_intron			
rs529200					5_prime_UTR_variant	NLGN1		ENST00000413821	upstream_gene_variant	MODIFIER	protein_coding			
rs529200					5_prime_UTR_variant	NLGN1		ENST00000423427	5_prime_UTR_variant	MODIFIER	protein_coding			
rs529200					5_prime_UTR_variant	NLGN1		ENST00000457714	upstream_gene_variant	MODIFIER	protein_coding			
rs529200					5_prime_UTR_variant	NLGN1		ENST00000482120	upstream_gene_variant	MODIFIER	processed_transcript			
rs2313211					upstream_gene_variant	ABCC5		ENST00000334444	upstream_gene_variant	MODIFIER	protein_coding			
rs2313211					upstream_gene_variant	ABCC5		ENST00000382494	upstream_gene_variant	MODIFIER	protein_coding			
rs2313211					upstream_gene_variant	ABCC5		ENST00000392579	upstream_gene_variant	MODIFIER	protein_coding			
rs2313211					upstream_gene_variant	ABCC5		ENST00000427120	upstream_gene_variant	MODIFIER	protein_coding			
rs2313211					upstream_gene_variant	ABCC5		ENST00000437205	upstream_gene_variant	MODIFIER	nonsense_mediated_decay			
rs2313211					upstream_gene_variant	ABCC5		ENST00000437341	upstream_gene_variant	MODIFIER	protein_coding			
rs2313211					upstream_gene_variant	ABCC5		ENST00000438979	upstream_gene_variant	MODIFIER	nonsense_mediated_decay			
rs2313211					upstream_gene_variant	ABCC5		ENST00000443376	upstream_gene_variant	MODIFIER	nonsense_mediated_decay			
rs2313211					upstream_gene_variant	ABCC5		ENST00000446941	upstream_gene_variant	MODIFIER	protein_coding			
rs6443954					intron_variant	AP2M1		ENST00000292807	downstream_gene_variant	MODIFIER	protein_coding			
rs6443954					intron_variant	ABCF3		ENST00000292808	upstream_gene_variant	MODIFIER	protein_coding			
rs6443954					intron_variant	AP2M1		ENST00000382456	downstream_gene_variant	MODIFIER	protein_coding			
rs6443954					intron_variant	AP2M1		ENST00000411763	downstream_gene_variant	MODIFIER	protein_coding			
rs6443954					intron_variant	ABCF3		ENST00000421340	upstream_gene_variant	MODIFIER	nonsense_mediated_decay			
rs6443954					intron_variant	ABCF3		ENST00000429586	upstream_gene_variant	MODIFIER	protein_coding			
rs6443954					intron_variant	AP2M1		ENST00000431779	downstream_gene_variant	MODIFIER	protein_coding			
rs6443954					intron_variant	AP2M1		ENST00000432591	downstream_gene_variant	MODIFIER	protein_coding			
rs6443954					intron_variant	AP2M1		ENST00000439647	downstream_gene_variant	MODIFIER	protein_coding			
rs6443954					intron_variant	AP2M1		ENST00000442686	downstream_gene_variant	MODIFIER	protein_coding			
rs6443954					intron_variant	EIF2B5		ENST00000444495	intron_variant	MODIFIER	protein_coding			
rs6443954					intron_variant	AP2M1		ENST00000448139	downstream_gene_variant	MODIFIER	protein_coding			
rs6443954					intron_variant	AP2M1		ENST00000460862	downstream_gene_variant	MODIFIER	processed_transcript			
rs6443954					intron_variant	AP2M1		ENST00000461733	downstream_gene_variant	MODIFIER	processed_transcript			
rs6443954					intron_variant	ABCF3		ENST00000463685	upstream_gene_variant	MODIFIER	retained_intron			
rs6443954					intron_variant	AP2M1		ENST00000463935	downstream_gene_variant	MODIFIER	retained_intron			
rs6443954					intron_variant	ABCF3		ENST00000466416	upstream_gene_variant	MODIFIER	retained_intron			
rs6443954					intron_variant	ABCF3		ENST00000466742	upstream_gene_variant	MODIFIER	retained_intron			
rs6443954					intron_variant	AP2M1		ENST00000468048	downstream_gene_variant	MODIFIER	retained_intron			
rs6443954					intron_variant	ABCF3		ENST00000468892	upstream_gene_variant	MODIFIER	retained_intron			
rs6443954					intron_variant	ABCF3		ENST00000471226	upstream_gene_variant	MODIFIER	retained_intron			
rs6443954					intron_variant	AP2M1		ENST00000472560	downstream_gene_variant	MODIFIER	retained_intron			
rs6443954					intron_variant	ABCF3		ENST00000472608	upstream_gene_variant	MODIFIER	retained_intron			
rs6443954					intron_variant	ABCF3		ENST00000473311	upstream_gene_variant	MODIFIER	retained_intron			
rs6443954					intron_variant	ABCF3		ENST00000475728	upstream_gene_variant	MODIFIER	retained_intron			
rs6443954					intron_variant	AP2M1		ENST00000476434	downstream_gene_variant	MODIFIER	retained_intron			
rs6443954					intron_variant	ABCF3		ENST00000478288	upstream_gene_variant	MODIFIER	retained_intron			
rs6443954					intron_variant	AP2M1		ENST00000480260	downstream_gene_variant	MODIFIER	retained_intron			
rs6443954					intron_variant	ABCF3		ENST00000481116	upstream_gene_variant	MODIFIER	retained_intron			
rs6443954					intron_variant	ABCF3		ENST00000485921	upstream_gene_variant	MODIFIER	retained_intron			
rs6443954					intron_variant	AP2M1		ENST00000487958	downstream_gene_variant	MODIFIER	retained_intron			
rs6443954					intron_variant	ABCF3		ENST00000489719	upstream_gene_variant	MODIFIER	retained_intron			
rs6443954					intron_variant	AP2M1		ENST00000490151	downstream_gene_variant	MODIFIER	retained_intron			
rs6443954					intron_variant	ABCF3		ENST00000498136	upstream_gene_variant	MODIFIER	retained_intron			
rs16859748					intron_variant	EHHADH-AS1		ENST00000417720	intron_variant,non_coding_transcript_variant	MODIFIER	antisense			
rs16859748					intron_variant	EHHADH-AS1		ENST00000444571	intron_variant,non_coding_transcript_variant	MODIFIER	antisense			
rs7629245					intron_variant	MAP3K13		ENST00000265026	intron_variant	MODIFIER	protein_coding			
rs7629245					intron_variant	MAP3K13		ENST00000424227	intron_variant	MODIFIER	protein_coding			
rs7629245					intron_variant	MAP3K13		ENST00000428617	intron_variant	MODIFIER	protein_coding			
rs7629245					intron_variant	MAP3K13		ENST00000433092	intron_variant,NMD_transcript_variant	MODIFIER	nonsense_mediated_decay			
rs7629245					intron_variant	MAP3K13		ENST00000438053	intron_variant,NMD_transcript_variant	MODIFIER	nonsense_mediated_decay			
rs7629245					intron_variant	MAP3K13		ENST00000439882	upstream_gene_variant	MODIFIER	nonsense_mediated_decay			
rs7629245					intron_variant	MAP3K13		ENST00000443863	intron_variant	MODIFIER	protein_coding			
rs7629245					intron_variant	MAP3K13		ENST00000446828	intron_variant	MODIFIER	protein_coding			
rs7629245					intron_variant	MAP3K13		ENST00000447637	intron_variant	MODIFIER	protein_coding			
rs7629245					intron_variant	MAP3K13		ENST00000535426	intron_variant	MODIFIER	protein_coding			
rs147676117					intron_variant	LIPH		ENST00000296252	intron_variant	MODIFIER	protein_coding			
rs147676117					intron_variant	LIPH		ENST00000424591	intron_variant	MODIFIER	protein_coding			
rs147676117					intron_variant	LIPH		ENST00000429510	intron_variant,NMD_transcript_variant	MODIFIER	nonsense_mediated_decay			
rs73885749					intron_variant	LIPH		ENST00000296252	intron_variant	MODIFIER	protein_coding			
rs73885749					intron_variant	LIPH		ENST00000424591	intron_variant	MODIFIER	protein_coding			
rs73885749					intron_variant	LIPH		ENST00000429510	intron_variant,NMD_transcript_variant	MODIFIER	nonsense_mediated_decay			
rs192540172					intron_variant	IGF2BP2		ENST00000346192	intron_variant	MODIFIER	protein_coding			
rs192540172					intron_variant	IGF2BP2		ENST00000382199	intron_variant	MODIFIER	protein_coding			
rs192540172					intron_variant	IGF2BP2		ENST00000421047	intron_variant	MODIFIER	protein_coding			
rs192540172					intron_variant	IGF2BP2		ENST00000457616	intron_variant	MODIFIER	protein_coding			
rs192540172					intron_variant	IGF2BP2		ENST00000461957	intron_variant,non_coding_transcript_variant	MODIFIER	processed_transcript			
rs192540172					intron_variant	IGF2BP2		ENST00000466476	intron_variant,non_coding_transcript_variant	MODIFIER	processed_transcript			
rs192540172					intron_variant	IGF2BP2		ENST00000493302	intron_variant,non_coding_transcript_variant	MODIFIER	processed_transcript			
rs146998369					intron_variant	IGF2BP2		ENST00000346192	intron_variant	MODIFIER	protein_coding			
rs146998369					intron_variant	IGF2BP2		ENST00000382199	intron_variant	MODIFIER	protein_coding			
rs146998369					intron_variant	IGF2BP2		ENST00000421047	intron_variant	MODIFIER	protein_coding			
rs146998369					intron_variant	IGF2BP2		ENST00000457616	intron_variant	MODIFIER	protein_coding			
rs146998369					intron_variant	IGF2BP2		ENST00000461957	intron_variant,non_coding_transcript_variant	MODIFIER	processed_transcript			
rs146998369					intron_variant	IGF2BP2		ENST00000466476	intron_variant,non_coding_transcript_variant	MODIFIER	processed_transcript			
rs146998369					intron_variant	IGF2BP2		ENST00000493302	intron_variant,non_coding_transcript_variant	MODIFIER	processed_transcript			
rs146998369					intron_variant	MIR548AQ		ENST00000580207	upstream_gene_variant	MODIFIER	miRNA			
rs9808924					intron_variant	IGF2BP2		ENST00000346192	intron_variant	MODIFIER	protein_coding			
rs9808924					intron_variant	IGF2BP2		ENST00000382199	intron_variant	MODIFIER	protein_coding			
rs9808924					intron_variant	IGF2BP2		ENST00000421047	intron_variant	MODIFIER	protein_coding			
rs9808924					intron_variant	IGF2BP2		ENST00000457616	intron_variant	MODIFIER	protein_coding			
rs9808924					intron_variant	IGF2BP2		ENST00000461957	intron_variant,non_coding_transcript_variant	MODIFIER	processed_transcript			
rs9808924					intron_variant	IGF2BP2		ENST00000466476	intron_variant,non_coding_transcript_variant	MODIFIER	processed_transcript			
rs9808924					intron_variant	IGF2BP2		ENST00000493302	intron_variant,non_coding_transcript_variant	MODIFIER	processed_transcript			
rs138878099					intergenic_variant				intergenic_variant					
rs73175581					regulatory_region_variant				regulatory_region_variant					
rs869400					5_prime_UTR_variant	ETV5		ENST00000306376	5_prime_UTR_variant	MODIFIER	protein_coding			
rs869400					5_prime_UTR_variant	ETV5		ENST00000413301	upstream_gene_variant	MODIFIER	protein_coding			
rs869400					5_prime_UTR_variant	ETV5		ENST00000421809	5_prime_UTR_variant	MODIFIER	protein_coding			
rs869400					5_prime_UTR_variant	ETV5		ENST00000422039	upstream_gene_variant	MODIFIER	protein_coding			
rs869400					5_prime_UTR_variant	ETV5		ENST00000434744	upstream_gene_variant	MODIFIER	protein_coding			
rs869400					5_prime_UTR_variant	ETV5		ENST00000440773	intron_variant	MODIFIER	protein_coding			
rs869400					5_prime_UTR_variant	DGKG		ENST00000447054	intron_variant,non_coding_transcript_variant	MODIFIER	processed_transcript			
rs869400					5_prime_UTR_variant	ETV5		ENST00000472868	upstream_gene_variant	MODIFIER	processed_transcript			
rs869400					5_prime_UTR_variant	ETV5		ENST00000475484	upstream_gene_variant	MODIFIER	retained_intron			
rs869400					5_prime_UTR_variant	ETV5		ENST00000476890	non_coding_transcript_exon_variant	MODIFIER	processed_transcript			
rs869400					5_prime_UTR_variant	ETV5		ENST00000495808	upstream_gene_variant	MODIFIER	retained_intron			
rs869400					5_prime_UTR_variant	ETV5		ENST00000537818	upstream_gene_variant	MODIFIER	protein_coding			
rs3887925					intron_variant	ST6GAL1		ENST00000169298	intron_variant	MODIFIER	protein_coding			
rs3887925					intron_variant	ST6GAL1		ENST00000417392	intron_variant	MODIFIER	protein_coding			
rs3887925					intron_variant	ST6GAL1		ENST00000427315	intron_variant	MODIFIER	protein_coding			
rs3887925					intron_variant	ST6GAL1		ENST00000430309	intron_variant	MODIFIER	protein_coding			
rs3887925					intron_variant	ST6GAL1		ENST00000455441	intron_variant	MODIFIER	protein_coding			
rs3887925					intron_variant	ST6GAL1		ENST00000457772	intron_variant	MODIFIER	protein_coding			
rs3887925					intron_variant	ST6GAL1		ENST00000458216	intron_variant	MODIFIER	protein_coding			
rs3887925					intron_variant	ST6GAL1		ENST00000463542	intron_variant,non_coding_transcript_variant	MODIFIER	processed_transcript			
rs3887925					intron_variant	ST6GAL1		ENST00000468614	intron_variant,non_coding_transcript_variant	MODIFIER	retained_intron			
rs3887925					intron_variant	ST6GAL1		ENST00000487031	intron_variant,non_coding_transcript_variant	MODIFIER	processed_transcript			
rs2268532					intron_variant	ST6GAL1		ENST00000169298	intron_variant	MODIFIER	protein_coding			
rs2268532					intron_variant	ST6GAL1		ENST00000416235	intron_variant	MODIFIER	protein_coding			
rs2268532					intron_variant	ST6GAL1		ENST00000417392	intron_variant	MODIFIER	protein_coding			
rs2268532					intron_variant	ST6GAL1		ENST00000423451	intron_variant	MODIFIER	protein_coding			
rs2268532					intron_variant	ST6GAL1		ENST00000427315	intron_variant	MODIFIER	protein_coding			
rs2268532					intron_variant	ST6GAL1		ENST00000430309	intron_variant	MODIFIER	protein_coding			
rs2268532					intron_variant	ST6GAL1		ENST00000438590	intron_variant	MODIFIER	protein_coding			
rs2268532					intron_variant	ST6GAL1		ENST00000440338	intron_variant	MODIFIER	protein_coding			
rs2268532					intron_variant	ST6GAL1		ENST00000442023	upstream_gene_variant	MODIFIER	protein_coding			
rs2268532					intron_variant	ST6GAL1		ENST00000446170	intron_variant	MODIFIER	protein_coding			
rs2268532					intron_variant	ST6GAL1		ENST00000448044	intron_variant	MODIFIER	protein_coding			
rs2268532					intron_variant	ST6GAL1		ENST00000448408	intron_variant	MODIFIER	protein_coding			
rs2268532					intron_variant	ST6GAL1		ENST00000448449	upstream_gene_variant	MODIFIER	nonsense_mediated_decay			
rs2268532					intron_variant	ST6GAL1		ENST00000455441	intron_variant	MODIFIER	protein_coding			
rs2268532					intron_variant	ST6GAL1		ENST00000457772	intron_variant	MODIFIER	protein_coding			
rs2268532					intron_variant	ST6GAL1		ENST00000458216	intron_variant	MODIFIER	protein_coding			
rs2268532					intron_variant	ST6GAL1		ENST00000464827	upstream_gene_variant	MODIFIER	retained_intron			
rs35404821					non_coding_transcript_exon_variant	RP11-132N15.3		ENST00000423643	upstream_gene_variant	MODIFIER	lincRNA			
rs35404821					non_coding_transcript_exon_variant	RP11-132N15.3		ENST00000446091	non_coding_transcript_exon_variant	MODIFIER	lincRNA			
rs6777684					intergenic_variant				intergenic_variant					
rs12490232					intron_variant	LPP		ENST00000312675	intron_variant	MODIFIER	protein_coding			
rs12490232					intron_variant	LPP		ENST00000414139	intron_variant	MODIFIER	protein_coding			
rs12490232					intron_variant	LPP		ENST00000416784	intron_variant	MODIFIER	protein_coding			
rs12490232					intron_variant	LPP		ENST00000420410	intron_variant	MODIFIER	protein_coding			
rs12490232					intron_variant	LPP		ENST00000426274	intron_variant	MODIFIER	protein_coding			
rs12490232					intron_variant	LPP		ENST00000430340	intron_variant	MODIFIER	protein_coding			
rs12490232					intron_variant	LPP		ENST00000443217	intron_variant	MODIFIER	protein_coding			
rs12490232					intron_variant	LPP		ENST00000448637	intron_variant	MODIFIER	protein_coding			
rs12490232					intron_variant	LPP		ENST00000454789	intron_variant	MODIFIER	protein_coding			
rs12490232					intron_variant	LPP		ENST00000457242	intron_variant	MODIFIER	protein_coding			
rs12490232					intron_variant	LPP		ENST00000543006	intron_variant	MODIFIER	protein_coding			
rs79786949					intron_variant	LPP		ENST00000312675	intron_variant	MODIFIER	protein_coding			
rs79786949					intron_variant	LPP		ENST00000414139	intron_variant	MODIFIER	protein_coding			
rs79786949					intron_variant	LPP		ENST00000416784	intron_variant	MODIFIER	protein_coding			
rs79786949					intron_variant	LPP		ENST00000420410	intron_variant	MODIFIER	protein_coding			
rs79786949					intron_variant	LPP		ENST00000426274	intron_variant	MODIFIER	protein_coding			
rs79786949					intron_variant	LPP		ENST00000430340	intron_variant	MODIFIER	protein_coding			
rs79786949					intron_variant	LPP		ENST00000443217	intron_variant	MODIFIER	protein_coding			
rs79786949					intron_variant	LPP		ENST00000448637	intron_variant	MODIFIER	protein_coding			
rs79786949					intron_variant	LPP		ENST00000454789	intron_variant	MODIFIER	protein_coding			
rs79786949					intron_variant	LPP		ENST00000457242	intron_variant	MODIFIER	protein_coding			
rs79786949					intron_variant	LPP		ENST00000494233	intron_variant,non_coding_transcript_variant	MODIFIER	processed_transcript			
rs79786949					intron_variant	LPP		ENST00000543006	intron_variant	MODIFIER	protein_coding			
rs9877493					intergenic_variant				intergenic_variant					
rs56121601					non_coding_transcript_exon_variant	PCGF3		ENST00000362003	intron_variant	MODIFIER	protein_coding			
rs56121601					non_coding_transcript_exon_variant	PCGF3		ENST00000400151	intron_variant	MODIFIER	protein_coding			
rs56121601					non_coding_transcript_exon_variant	PCGF3		ENST00000419774	intron_variant	MODIFIER	protein_coding			
rs56121601					non_coding_transcript_exon_variant	PCGF3		ENST00000427463	intron_variant	MODIFIER	protein_coding			
rs56121601					non_coding_transcript_exon_variant	PCGF3		ENST00000430644	intron_variant,NMD_transcript_variant	MODIFIER	nonsense_mediated_decay			
rs56121601					non_coding_transcript_exon_variant	PCGF3		ENST00000433814	intron_variant	MODIFIER	protein_coding			
rs56121601					non_coding_transcript_exon_variant	PCGF3		ENST00000440452	intron_variant,NMD_transcript_variant	MODIFIER	nonsense_mediated_decay			
rs56121601					non_coding_transcript_exon_variant	PCGF3		ENST00000470161	intron_variant	MODIFIER	protein_coding			
rs56121601					non_coding_transcript_exon_variant	PCGF3		ENST00000475288	non_coding_transcript_exon_variant	MODIFIER	retained_intron			
rs56121601					non_coding_transcript_exon_variant	PCGF3		ENST00000482726	intron_variant,non_coding_transcript_variant	MODIFIER	processed_transcript			
rs56121601					non_coding_transcript_exon_variant	PCGF3		ENST00000484141	intron_variant,non_coding_transcript_variant	MODIFIER	retained_intron			
rs56121601					non_coding_transcript_exon_variant	PCGF3		ENST00000505655	intron_variant	MODIFIER	protein_coding			
rs56121601					non_coding_transcript_exon_variant	PCGF3		ENST00000521023	intron_variant	MODIFIER	protein_coding			
rs34311866					missense_variant	TMEM175		ENST00000264771	missense_variant	MODERATE	protein_coding		393.0	M/T
rs34311866					missense_variant	DGKQ		ENST00000273814	downstream_gene_variant	MODIFIER	protein_coding			
rs34311866					missense_variant	TMEM175		ENST00000438836	non_coding_transcript_exon_variant	MODIFIER	retained_intron			
rs34311866					missense_variant	TMEM175		ENST00000452360	downstream_gene_variant	MODIFIER	retained_intron			
rs34311866					missense_variant	DGKQ		ENST00000502309	downstream_gene_variant	MODIFIER	processed_transcript			
rs34311866					missense_variant	TMEM175		ENST00000504180	downstream_gene_variant	MODIFIER	processed_transcript			
rs34311866					missense_variant	TMEM175		ENST00000506669	downstream_gene_variant	MODIFIER	retained_intron			
rs34311866					missense_variant	TMEM175		ENST00000508204	missense_variant	MODERATE	protein_coding		311.0	M/T
rs34311866					missense_variant	DGKQ		ENST00000509465	downstream_gene_variant	MODIFIER	protein_coding			
rs34311866					missense_variant	TMEM175		ENST00000509508	downstream_gene_variant	MODIFIER	protein_coding			
rs34311866					missense_variant	TMEM175		ENST00000510493	downstream_gene_variant	MODIFIER	protein_coding			
rs34311866					missense_variant	TMEM175		ENST00000513952	3_prime_UTR_variant,NMD_transcript_variant	MODIFIER	nonsense_mediated_decay			
rs34311866					missense_variant	TMEM175		ENST00000514453	downstream_gene_variant	MODIFIER	protein_coding			
rs34311866					missense_variant	DGKQ		ENST00000515182	downstream_gene_variant	MODIFIER	protein_coding			
rs34311866					missense_variant	TMEM175		ENST00000515492	downstream_gene_variant	MODIFIER	protein_coding			
rs34311866					missense_variant	TMEM175		ENST00000515740	missense_variant	MODERATE	protein_coding		277.0	M/T
rs34311866					missense_variant	TMEM175		ENST00000515876	downstream_gene_variant	MODIFIER	retained_intron			
rs730831					intron_variant	CTBP1		ENST00000290921	intron_variant	MODIFIER	protein_coding			
rs730831					intron_variant	CTBP1-AS2		ENST00000357591	upstream_gene_variant	MODIFIER	antisense			
rs730831					intron_variant	CTBP1		ENST00000382952	intron_variant	MODIFIER	protein_coding			
rs730831					intron_variant	CTBP1		ENST00000506180	intron_variant	MODIFIER	protein_coding			
rs730831					intron_variant	CTBP1-AS2		ENST00000507044	upstream_gene_variant	MODIFIER	antisense			
rs730831					intron_variant	CTBP1		ENST00000510568	upstream_gene_variant	MODIFIER	protein_coding			
rs730831					intron_variant	CTBP1		ENST00000513420	intron_variant	MODIFIER	protein_coding			
rs730831					intron_variant	CTBP1		ENST00000514210	intron_variant	MODIFIER	protein_coding			
rs730831					intron_variant	CTBP1		ENST00000514495	intron_variant,non_coding_transcript_variant	MODIFIER	processed_transcript			
rs730831					intron_variant	CTBP1-AS2		ENST00000514984	upstream_gene_variant	MODIFIER	antisense			
rs730831					intron_variant	CTBP1		ENST00000515399	intron_variant	MODIFIER	protein_coding			
rs730831					intron_variant	CTBP1-AS2		ENST00000578730	upstream_gene_variant	MODIFIER	antisense			
rs730831					intron_variant	CTBP1-AS2		ENST00000581398	upstream_gene_variant	MODIFIER	antisense			
rs144186803					intron_variant	CTBP1-AS2		ENST00000505364	downstream_gene_variant	MODIFIER	antisense			
rs144186803					intron_variant	CTBP1-AS2		ENST00000578730	intron_variant,non_coding_transcript_variant	MODIFIER	antisense			
rs6831006					intergenic_variant				intergenic_variant					
rs362307					3_prime_UTR_variant	HTT		ENST00000355072	3_prime_UTR_variant	MODIFIER	protein_coding			
rs362307					3_prime_UTR_variant	MSANTD1		ENST00000507492	upstream_gene_variant	MODIFIER	protein_coding			
rs362307					3_prime_UTR_variant	HTT		ENST00000508321	downstream_gene_variant	MODIFIER	retained_intron			
rs362307					3_prime_UTR_variant	HTT		ENST00000510626	non_coding_transcript_exon_variant	MODIFIER	retained_intron			
rs362307					3_prime_UTR_variant	HTT		ENST00000513806	downstream_gene_variant	MODIFIER	processed_transcript			
rs4450871					intergenic_variant				intergenic_variant					
rs13130845					intron_variant	WFS1		ENST00000226760	intron_variant	MODIFIER	protein_coding			
rs13130845					intron_variant	WFS1		ENST00000503569	intron_variant	MODIFIER	protein_coding			
rs13130845					intron_variant	WFS1		ENST00000506362	intron_variant	MODIFIER	protein_coding			
rs13130845					intron_variant	WFS1		ENST00000507765	intron_variant,non_coding_transcript_variant	MODIFIER	retained_intron			
rs13130845					intron_variant	WFS1		ENST00000513395	intron_variant,non_coding_transcript_variant	MODIFIER	retained_intron			
rs147834269					missense_variant	WFS1		ENST00000226760	missense_variant	MODERATE	protein_coding		737.0	E/K
rs147834269					missense_variant	WFS1		ENST00000503569	missense_variant	MODERATE	protein_coding		737.0	E/K
rs147834269					missense_variant	WFS1		ENST00000506362	downstream_gene_variant	MODIFIER	protein_coding			
rs147834269					missense_variant	WFS1		ENST00000507765	non_coding_transcript_exon_variant	MODIFIER	retained_intron			
rs147834269					missense_variant	WFS1		ENST00000513395	downstream_gene_variant	MODIFIER	retained_intron			
rs16896276					intron_variant	LCORL		ENST00000326877	intron_variant	MODIFIER	protein_coding			
rs16896276					intron_variant	LCORL		ENST00000382224	intron_variant	MODIFIER	protein_coding			
rs16896276					intron_variant	LCORL		ENST00000382226	intron_variant	MODIFIER	protein_coding			
rs16896276					intron_variant	LCORL		ENST00000510451	intron_variant,NMD_transcript_variant	MODIFIER	nonsense_mediated_decay			
rs16896276					intron_variant	LCORL		ENST00000512376	intron_variant,non_coding_transcript_variant	MODIFIER	processed_transcript			
rs16896276					intron_variant	LCORL		ENST00000539056	intron_variant	MODIFIER	protein_coding			
rs13109789					intergenic_variant				intergenic_variant					
rs2046438					intergenic_variant				intergenic_variant					
rs34811474					missense_variant	ANAPC4		ENST00000315368	missense_variant	MODERATE	protein_coding		465.0	R/Q
rs34811474					missense_variant	ANAPC4		ENST00000315368	missense_variant	MODERATE	protein_coding		465.0	R/P
rs34811474					missense_variant	ANAPC4		ENST00000315368	missense_variant	MODERATE	protein_coding		465.0	R/L
rs34811474					missense_variant	ANAPC4		ENST00000503805	non_coding_transcript_exon_variant	MODIFIER	retained_intron			
rs34811474					missense_variant	ANAPC4		ENST00000504256	non_coding_transcript_exon_variant	MODIFIER	retained_intron			
rs34811474					missense_variant	ANAPC4		ENST00000505842	non_coding_transcript_exon_variant	MODIFIER	retained_intron			
rs34811474					missense_variant	ANAPC4		ENST00000510092	missense_variant	MODERATE	protein_coding		466.0	R/Q
rs34811474					missense_variant	ANAPC4		ENST00000510092	missense_variant	MODERATE	protein_coding		466.0	R/P
rs34811474					missense_variant	ANAPC4		ENST00000510092	missense_variant	MODERATE	protein_coding		466.0	R/L
rs58015370					intron_variant	KLB		ENST00000257408	intron_variant	MODIFIER	protein_coding			
rs58015370					intron_variant	MIR5591		ENST00000578248	downstream_gene_variant	MODIFIER	miRNA			
rs77348094					intergenic_variant				intergenic_variant					
rs10938397					intergenic_variant				intergenic_variant					
rs62310934					intergenic_variant				intergenic_variant					
rs114447556					intergenic_variant				intergenic_variant					
rs4568288					intron_variant	THEGL		ENST00000510716	intron_variant,non_coding_transcript_variant	MODIFIER	processed_transcript			
rs4568288					intron_variant	THEGL		ENST00000512175	intron_variant	MODIFIER	protein_coding			
rs10433674					regulatory_region_variant				regulatory_region_variant					
rs13142804					intron_variant	CDKL2		ENST00000307465	intron_variant	MODIFIER	protein_coding			
rs13142804					intron_variant	CDKL2		ENST00000429927	intron_variant	MODIFIER	protein_coding			
rs4624679					intron_variant	NUP54		ENST00000264883	intron_variant	MODIFIER	protein_coding			
rs4624679					intron_variant	NUP54		ENST00000342467	intron_variant	MODIFIER	protein_coding			
rs4624679					intron_variant	NUP54		ENST00000458189	intron_variant	MODIFIER	protein_coding			
rs4624679					intron_variant	NUP54		ENST00000502850	intron_variant,NMD_transcript_variant	MODIFIER	nonsense_mediated_decay			
rs4624679					intron_variant	NUP54		ENST00000504173	intron_variant,non_coding_transcript_variant	MODIFIER	retained_intron			
rs4624679					intron_variant	NUP54		ENST00000506098	intron_variant,non_coding_transcript_variant	MODIFIER	processed_transcript			
rs4624679					intron_variant	NUP54		ENST00000507257	intron_variant,NMD_transcript_variant	MODIFIER	nonsense_mediated_decay			
rs4624679					intron_variant	NUP54		ENST00000512151	intron_variant,NMD_transcript_variant	MODIFIER	nonsense_mediated_decay			
rs4624679					intron_variant	NUP54		ENST00000514307	intron_variant,non_coding_transcript_variant	MODIFIER	processed_transcript			
rs4624679					intron_variant	NUP54		ENST00000514313	upstream_gene_variant	MODIFIER	retained_intron			
rs4624679					intron_variant	NUP54		ENST00000514987	intron_variant	MODIFIER	protein_coding			
rs4624679					intron_variant	NUP54		ENST00000515460	intron_variant,non_coding_transcript_variant	MODIFIER	processed_transcript			
rs62300927					intron_variant	SHROOM3		ENST00000296043	intron_variant	MODIFIER	protein_coding			
rs62300927					intron_variant	SHROOM3		ENST00000469923	intron_variant,non_coding_transcript_variant	MODIFIER	processed_transcript			
rs62300927					intron_variant	SHROOM3		ENST00000481002	intron_variant,non_coding_transcript_variant	MODIFIER	processed_transcript			
rs62300927					intron_variant	SHROOM3		ENST00000485780	intron_variant,non_coding_transcript_variant	MODIFIER	processed_transcript			
rs62300927					intron_variant	SHROOM3		ENST00000490690	intron_variant,non_coding_transcript_variant	MODIFIER	processed_transcript			
rs62300927					intron_variant	SHROOM3		ENST00000497440	intron_variant,non_coding_transcript_variant	MODIFIER	processed_transcript			
rs79920718					intron_variant	SCD5		ENST00000273908	downstream_gene_variant	MODIFIER	protein_coding			
rs79920718					intron_variant	SCD5		ENST00000319540	intron_variant	MODIFIER	protein_coding			
rs117624659					intergenic_variant				intergenic_variant					
rs144589448					intergenic_variant				intergenic_variant					
rs7697644					intron_variant	FAM13A		ENST00000264344	intron_variant	MODIFIER	protein_coding			
rs7697644					intron_variant	FAM13A		ENST00000395002	intron_variant	MODIFIER	protein_coding			
rs7697644					intron_variant	FAM13A		ENST00000502459	intron_variant,non_coding_transcript_variant	MODIFIER	processed_transcript			
rs7697644					intron_variant	FAM13A		ENST00000503556	intron_variant	MODIFIER	protein_coding			
rs7697644					intron_variant	FAM13A		ENST00000504836	intron_variant,NMD_transcript_variant	MODIFIER	nonsense_mediated_decay			
rs7697644					intron_variant	FAM13A		ENST00000507352	intron_variant,NMD_transcript_variant	MODIFIER	nonsense_mediated_decay			
rs7697644					intron_variant	FAM13A		ENST00000508369	intron_variant	MODIFIER	protein_coding			
rs7697644					intron_variant	FAM13A		ENST00000511976	intron_variant	MODIFIER	protein_coding			
rs7697644					intron_variant	FAM13A		ENST00000513837	intron_variant	MODIFIER	protein_coding			
rs7676797					intron_variant	RP11-363G15.2		ENST00000501965	intron_variant,non_coding_transcript_variant	MODIFIER	lincRNA			
rs2289043					missense_variant	UNC5C		ENST00000453304	missense_variant	MODERATE	protein_coding		721.0	M/T
rs2289043					missense_variant	UNC5C		ENST00000513796	missense_variant	MODERATE	protein_coding		740.0	M/T
rs1229984					missense_variant	ADH1B		ENST00000305046	missense_variant	MODERATE	protein_coding		48.0	H/L
rs1229984					missense_variant	ADH1B		ENST00000305046	missense_variant	MODERATE	protein_coding		48.0	H/R
rs1229984					missense_variant	ADH1B		ENST00000305046	missense_variant	MODERATE	protein_coding		48.0	H/P
rs1229984					missense_variant	ADH1B		ENST00000394887	missense_variant	MODERATE	protein_coding		8.0	H/L
rs1229984					missense_variant	ADH1B		ENST00000394887	missense_variant	MODERATE	protein_coding		8.0	H/R
rs1229984					missense_variant	ADH1B		ENST00000394887	missense_variant	MODERATE	protein_coding		8.0	H/P
rs1229984					missense_variant	ADH1B		ENST00000504498	non_coding_transcript_exon_variant	MODIFIER	processed_transcript			
rs1229984					missense_variant	ADH1B		ENST00000506651	3_prime_UTR_variant,NMD_transcript_variant	MODIFIER	nonsense_mediated_decay			
rs1229984					missense_variant	ADH1B		ENST00000515694	non_coding_transcript_exon_variant	MODIFIER	retained_intron			
rs2850960					intron_variant	PPP3CA		ENST00000323055	intron_variant	MODIFIER	protein_coding			
rs2850960					intron_variant	PPP3CA		ENST00000394853	intron_variant	MODIFIER	protein_coding			
rs2850960					intron_variant	PPP3CA		ENST00000394854	intron_variant	MODIFIER	protein_coding			
rs2850960					intron_variant	PPP3CA		ENST00000507176	intron_variant	MODIFIER	protein_coding			
rs2850960					intron_variant	PPP3CA		ENST00000512215	intron_variant	MODIFIER	protein_coding			
rs2850960					intron_variant	PPP3CA		ENST00000523694	intron_variant	MODIFIER	protein_coding			
rs2850960					intron_variant	PPP3CA		ENST00000525819	intron_variant	MODIFIER	protein_coding			
rs2850960					intron_variant	PPP3CA		ENST00000529324	intron_variant	MODIFIER	protein_coding			
rs223423					intron_variant	UBE2D3		ENST00000321805	intron_variant	MODIFIER	protein_coding			
rs223423					intron_variant	UBE2D3		ENST00000338145	intron_variant	MODIFIER	protein_coding			
rs223423					intron_variant	UBE2D3		ENST00000343106	intron_variant	MODIFIER	protein_coding			
rs223423					intron_variant	UBE2D3		ENST00000349311	intron_variant	MODIFIER	protein_coding			
rs223423					intron_variant	UBE2D3		ENST00000350435	intron_variant	MODIFIER	protein_coding			
rs223423					intron_variant	UBE2D3		ENST00000357194	intron_variant	MODIFIER	protein_coding			
rs223423					intron_variant	UBE2D3		ENST00000394801	intron_variant	MODIFIER	protein_coding			
rs223423					intron_variant	UBE2D3		ENST00000394803	intron_variant	MODIFIER	protein_coding			
rs223423					intron_variant	UBE2D3		ENST00000394804	intron_variant	MODIFIER	protein_coding			
rs223423					intron_variant	UBE2D3		ENST00000453744	intron_variant	MODIFIER	protein_coding			
rs223423					intron_variant	UBE2D3		ENST00000502404	intron_variant	MODIFIER	protein_coding			
rs223423					intron_variant	UBE2D3		ENST00000502563	intron_variant,NMD_transcript_variant	MODIFIER	nonsense_mediated_decay			
rs223423					intron_variant	UBE2D3		ENST00000502690	intron_variant	MODIFIER	protein_coding			
rs223423					intron_variant	UBE2D3		ENST00000503282	downstream_gene_variant	MODIFIER	retained_intron			
rs223423					intron_variant	UBE2D3		ENST00000503418	intron_variant,NMD_transcript_variant	MODIFIER	nonsense_mediated_decay			
rs223423					intron_variant	UBE2D3		ENST00000503742	intron_variant,non_coding_transcript_variant	MODIFIER	retained_intron			
rs223423					intron_variant	UBE2D3		ENST00000504211	intron_variant	MODIFIER	protein_coding			
rs223423					intron_variant	UBE2D3		ENST00000505009	upstream_gene_variant	MODIFIER	retained_intron			
rs223423					intron_variant	UBE2D3		ENST00000505207	intron_variant	MODIFIER	protein_coding			
rs223423					intron_variant	UBE2D3		ENST00000505307	intron_variant,NMD_transcript_variant	MODIFIER	nonsense_mediated_decay			
rs223423					intron_variant	UBE2D3		ENST00000507845	intron_variant	MODIFIER	protein_coding			
rs223423					intron_variant	UBE2D3		ENST00000508238	intron_variant	MODIFIER	protein_coding			
rs223423					intron_variant	UBE2D3		ENST00000508249	intron_variant	MODIFIER	protein_coding			
rs223423					intron_variant	UBE2D3		ENST00000508474	intron_variant,non_coding_transcript_variant	MODIFIER	retained_intron			
rs223423					intron_variant	UBE2D3		ENST00000508476	intron_variant	MODIFIER	protein_coding			
rs223423					intron_variant	UBE2D3		ENST00000508635	intron_variant,NMD_transcript_variant	MODIFIER	nonsense_mediated_decay			
rs223423					intron_variant	UBE2D3		ENST00000508818	intron_variant,non_coding_transcript_variant	MODIFIER	retained_intron			
rs223423					intron_variant	UBE2D3		ENST00000508974	intron_variant,NMD_transcript_variant	MODIFIER	nonsense_mediated_decay			
rs223423					intron_variant	UBE2D3		ENST00000510129	intron_variant,NMD_transcript_variant	MODIFIER	nonsense_mediated_decay			
rs223423					intron_variant	UBE2D3		ENST00000510599	intron_variant,non_coding_transcript_variant	MODIFIER	retained_intron			
rs223423					intron_variant	UBE2D3		ENST00000513098	downstream_gene_variant	MODIFIER	processed_transcript			
rs223423					intron_variant	UBE2D3		ENST00000514755	intron_variant,NMD_transcript_variant	MODIFIER	nonsense_mediated_decay			
rs10488913					intergenic_variant				intergenic_variant					
rs13135646					intron_variant	NDST3		ENST00000296499	intron_variant	MODIFIER	protein_coding			
rs13135646					intron_variant	NDST3		ENST00000433996	intron_variant	MODIFIER	protein_coding			
rs4833686					intron_variant	PRDM5		ENST00000264808	intron_variant	MODIFIER	protein_coding			
rs4833686					intron_variant	PRDM5		ENST00000394435	intron_variant	MODIFIER	protein_coding			
rs4833686					intron_variant	PRDM5		ENST00000428209	intron_variant	MODIFIER	protein_coding			
rs4833686					intron_variant	PRDM5		ENST00000505484	intron_variant,non_coding_transcript_variant	MODIFIER	retained_intron			
rs4833686					intron_variant	PRDM5		ENST00000512845	intron_variant,non_coding_transcript_variant	MODIFIER	retained_intron			
rs4833686					intron_variant	PRDM5		ENST00000515109	intron_variant	MODIFIER	protein_coding			
rs4975198					intergenic_variant				intergenic_variant					
rs72675820					intron_variant	RP11-422J15.1		ENST00000513875	intron_variant,non_coding_transcript_variant	MODIFIER	lincRNA			
rs1296328					intron_variant	RP11-775H9.2		ENST00000513332	intron_variant,non_coding_transcript_variant	MODIFIER	lincRNA			
rs56218782					intron_variant	MAML3		ENST00000502696	intron_variant	MODIFIER	protein_coding			
rs56218782					intron_variant	MAML3		ENST00000509479	intron_variant	MODIFIER	protein_coding			
rs12500603					intron_variant	SMARCA5		ENST00000283131	intron_variant	MODIFIER	protein_coding			
rs11727676					synonymous_variant	HHIP		ENST00000296575	synonymous_variant	LOW	protein_coding		686.0	I
rs11727676					synonymous_variant	HHIP		ENST00000503090	intron_variant,non_coding_transcript_variant	MODIFIER	processed_transcript			
rs6813195					intergenic_variant				intergenic_variant					
rs3775087					intron_variant	GUCY1B3		ENST00000264424	intron_variant	MODIFIER	protein_coding			
rs3775087					intron_variant	GUCY1B3		ENST00000502959	intron_variant	MODIFIER	protein_coding			
rs3775087					intron_variant	GUCY1B3		ENST00000503520	intron_variant	MODIFIER	protein_coding			
rs3775087					intron_variant	GUCY1B3		ENST00000505154	intron_variant	MODIFIER	protein_coding			
rs3775087					intron_variant	GUCY1B3		ENST00000505764	intron_variant	MODIFIER	protein_coding			
rs3775087					intron_variant	GUCY1B3		ENST00000507146	intron_variant	MODIFIER	protein_coding			
rs3775087					intron_variant	GUCY1B3		ENST00000513437	intron_variant	MODIFIER	protein_coding			
rs4691378					intron_variant	PDGFC		ENST00000274071	intron_variant,NMD_transcript_variant	MODIFIER	nonsense_mediated_decay			
rs4691378					intron_variant	PDGFC		ENST00000422544	intron_variant	MODIFIER	protein_coding			
rs4691378					intron_variant	PDGFC		ENST00000502773	intron_variant	MODIFIER	protein_coding			
rs4691378					intron_variant	PDGFC		ENST00000506880	intron_variant,NMD_transcript_variant	MODIFIER	nonsense_mediated_decay			
rs4691378					intron_variant	PDGFC		ENST00000511985	intron_variant,non_coding_transcript_variant	MODIFIER	processed_transcript			
rs4691378					intron_variant	PDGFC		ENST00000512711	intron_variant,non_coding_transcript_variant	MODIFIER	processed_transcript			
rs4691378					intron_variant	PDGFC		ENST00000541126	intron_variant	MODIFIER	protein_coding			
rs4691378					intron_variant	PDGFC		ENST00000542208	intron_variant	MODIFIER	protein_coding			
rs550072					intergenic_variant				intergenic_variant					
rs10006596					intron_variant	LINC01098		ENST00000507870	intron_variant	MODIFIER	protein_coding			
rs7683525					intron_variant	ACSL1		ENST00000281455	intron_variant	MODIFIER	protein_coding			
rs7683525					intron_variant	ACSL1		ENST00000437665	intron_variant	MODIFIER	protein_coding			
rs7683525					intron_variant	ACSL1		ENST00000454703	intron_variant	MODIFIER	protein_coding			
rs7683525					intron_variant	ACSL1		ENST00000504342	intron_variant	MODIFIER	protein_coding			
rs7683525					intron_variant	ACSL1		ENST00000504900	intron_variant	MODIFIER	protein_coding			
rs7683525					intron_variant	ACSL1		ENST00000506733	intron_variant,NMD_transcript_variant	MODIFIER	nonsense_mediated_decay			
rs7683525					intron_variant	ACSL1		ENST00000507295	intron_variant	MODIFIER	protein_coding			
rs7683525					intron_variant	ACSL1		ENST00000513317	intron_variant	MODIFIER	protein_coding			
rs7683525					intron_variant	ACSL1		ENST00000515030	intron_variant	MODIFIER	protein_coding			
rs72695645					intron_variant	ACSL1		ENST00000281455	intron_variant	MODIFIER	protein_coding			
rs72695645					intron_variant	ACSL1		ENST00000437665	intron_variant	MODIFIER	protein_coding			
rs72695645					intron_variant	ACSL1		ENST00000454703	intron_variant	MODIFIER	protein_coding			
rs72695645					intron_variant	ACSL1		ENST00000504342	intron_variant	MODIFIER	protein_coding			
rs72695645					intron_variant	ACSL1		ENST00000504900	intron_variant	MODIFIER	protein_coding			
rs72695645					intron_variant	ACSL1		ENST00000506733	intron_variant,NMD_transcript_variant	MODIFIER	nonsense_mediated_decay			
rs72695645					intron_variant	ACSL1		ENST00000507295	intron_variant	MODIFIER	protein_coding			
rs72695645					intron_variant	ACSL1		ENST00000513317	intron_variant	MODIFIER	protein_coding			
rs72695645					intron_variant	ACSL1		ENST00000515030	intron_variant	MODIFIER	protein_coding			
rs59972619					intron_variant	RP11-701P16.5		ENST00000510284	intron_variant,non_coding_transcript_variant	MODIFIER	lincRNA			
rs59972619					intron_variant	RP11-701P16.5		ENST00000511703	intron_variant,non_coding_transcript_variant	MODIFIER	lincRNA			
rs59972619					intron_variant	MIR3945		ENST00000581853	upstream_gene_variant	MODIFIER	miRNA			
rs11724862					intron_variant	SORBS2		ENST00000284776	intron_variant	MODIFIER	protein_coding			
rs11724862					intron_variant	SORBS2		ENST00000319454	intron_variant	MODIFIER	protein_coding			
rs11724862					intron_variant	SORBS2		ENST00000319471	intron_variant	MODIFIER	protein_coding			
rs11724862					intron_variant	SORBS2		ENST00000355634	intron_variant	MODIFIER	protein_coding			
rs11724862					intron_variant	SORBS2		ENST00000393528	intron_variant	MODIFIER	protein_coding			
rs11724862					intron_variant	SORBS2		ENST00000418609	intron_variant	MODIFIER	protein_coding			
rs11724862					intron_variant	SORBS2		ENST00000431808	intron_variant	MODIFIER	protein_coding			
rs11724862					intron_variant	SORBS2		ENST00000437304	intron_variant	MODIFIER	protein_coding			
rs11724862					intron_variant	SORBS2		ENST00000438278	intron_variant	MODIFIER	protein_coding			
rs11724862					intron_variant	SORBS2		ENST00000439914	downstream_gene_variant	MODIFIER	protein_coding			
rs11724862					intron_variant	SORBS2		ENST00000445343	downstream_gene_variant	MODIFIER	protein_coding			
rs11724862					intron_variant	SORBS2		ENST00000445625	intron_variant	MODIFIER	protein_coding			
rs11724862					intron_variant	SORBS2		ENST00000448662	intron_variant	MODIFIER	protein_coding			
rs11724862					intron_variant	SORBS2		ENST00000449407	intron_variant	MODIFIER	protein_coding			
rs11724862					intron_variant	SORBS2		ENST00000451974	upstream_gene_variant	MODIFIER	protein_coding			
rs11724862					intron_variant	SORBS2		ENST00000466289	intron_variant,non_coding_transcript_variant	MODIFIER	retained_intron			
rs11724862					intron_variant	SORBS2		ENST00000470685	intron_variant,non_coding_transcript_variant	MODIFIER	retained_intron			
rs11724862					intron_variant	SORBS2		ENST00000476311	intron_variant,non_coding_transcript_variant	MODIFIER	processed_transcript			
rs11724862					intron_variant	SORBS2		ENST00000485380	intron_variant,non_coding_transcript_variant	MODIFIER	retained_intron			
rs11724862					intron_variant	SORBS2		ENST00000487836	intron_variant,non_coding_transcript_variant	MODIFIER	processed_transcript			
rs11724862					intron_variant	SORBS2		ENST00000490562	intron_variant,non_coding_transcript_variant	MODIFIER	processed_transcript			
rs11724862					intron_variant	SORBS2		ENST00000490779	intron_variant,non_coding_transcript_variant	MODIFIER	processed_transcript			
rs11724862					intron_variant	SORBS2		ENST00000492104	intron_variant,non_coding_transcript_variant	MODIFIER	processed_transcript			
rs11724862					intron_variant	SORBS2		ENST00000492810	intron_variant,non_coding_transcript_variant	MODIFIER	processed_transcript			
rs11724862					intron_variant	SORBS2		ENST00000494140	intron_variant,non_coding_transcript_variant	MODIFIER	processed_transcript			
rs11724862					intron_variant	SORBS2		ENST00000495932	intron_variant,non_coding_transcript_variant	MODIFIER	processed_transcript			
rs11724862					intron_variant	SORBS2		ENST00000498125	intron_variant,non_coding_transcript_variant	MODIFIER	processed_transcript			
rs17250977					intron_variant	ANKH		ENST00000284268	intron_variant	MODIFIER	protein_coding			
rs17250977					intron_variant	ANKH		ENST00000503939	intron_variant,non_coding_transcript_variant	MODIFIER	processed_transcript			
rs17250977					intron_variant	ANKH		ENST00000515517	upstream_gene_variant	MODIFIER	retained_intron			
rs17250977					intron_variant	ANKH		ENST00000535119	upstream_gene_variant	MODIFIER	protein_coding			
rs147581833					intron_variant	ANKH		ENST00000284268	intron_variant	MODIFIER	protein_coding			
rs147581833					intron_variant	ANKH		ENST00000503939	intron_variant,non_coding_transcript_variant	MODIFIER	processed_transcript			
rs147581833					intron_variant	ANKH		ENST00000535119	upstream_gene_variant	MODIFIER	protein_coding			
rs6885132					intron_variant	ANKH		ENST00000284268	intron_variant	MODIFIER	protein_coding			
rs6885132					intron_variant	ANKH		ENST00000503389	downstream_gene_variant	MODIFIER	processed_transcript			
rs6885132					intron_variant	ANKH		ENST00000513115	downstream_gene_variant	MODIFIER	retained_intron			
rs76549217					non_coding_transcript_exon_variant	ANKH		ENST00000284268	intron_variant	MODIFIER	protein_coding			
rs76549217					non_coding_transcript_exon_variant	ANKH		ENST00000503389	downstream_gene_variant	MODIFIER	processed_transcript			
rs76549217					non_coding_transcript_exon_variant	ANKH		ENST00000513115	non_coding_transcript_exon_variant	MODIFIER	retained_intron			
rs79190780					intron_variant	ANKH		ENST00000284268	intron_variant	MODIFIER	protein_coding			
rs79190780					intron_variant	ANKH		ENST00000513115	intron_variant,non_coding_transcript_variant	MODIFIER	retained_intron			
rs79190780					intron_variant	MIR4637		ENST00000582405	upstream_gene_variant	MODIFIER	miRNA			
rs78923858					intron_variant	NADK2		ENST00000282512	intron_variant	MODIFIER	protein_coding			
rs78923858					intron_variant	NADK2		ENST00000381937	intron_variant	MODIFIER	protein_coding			
rs78923858					intron_variant	NADK2		ENST00000397338	intron_variant	MODIFIER	protein_coding			
rs78923858					intron_variant	NADK2		ENST00000404560	intron_variant,non_coding_transcript_variant	MODIFIER	retained_intron			
rs78923858					intron_variant	NADK2		ENST00000502355	upstream_gene_variant	MODIFIER	protein_coding			
rs78923858					intron_variant	NADK2		ENST00000506945	intron_variant	MODIFIER	protein_coding			
rs78923858					intron_variant	NADK2		ENST00000509225	intron_variant,non_coding_transcript_variant	MODIFIER	processed_transcript			
rs78923858					intron_variant	NADK2		ENST00000511613	intron_variant,non_coding_transcript_variant	MODIFIER	processed_transcript			
rs78923858					intron_variant	NADK2		ENST00000514504	intron_variant	MODIFIER	protein_coding			
rs72732603					intron_variant	CTD-2116N24.1		ENST00000513039	intron_variant,non_coding_transcript_variant	MODIFIER	lincRNA			
rs13186372					intron_variant	NNT		ENST00000264663	intron_variant	MODIFIER	protein_coding			
rs13186372					intron_variant	NNT		ENST00000344920	intron_variant	MODIFIER	protein_coding			
rs13186372					intron_variant	NNT		ENST00000505678	intron_variant	MODIFIER	protein_coding			
rs13186372					intron_variant	NNT		ENST00000512422	intron_variant	MODIFIER	protein_coding			
rs13186372					intron_variant	NNT		ENST00000512996	intron_variant	MODIFIER	protein_coding			
rs13186372					intron_variant	NNT		ENST00000515208	upstream_gene_variant	MODIFIER	protein_coding			
rs6884702					intergenic_variant				intergenic_variant					
rs117870891					intergenic_variant				intergenic_variant					
rs62366901					downstream_gene_variant	RP11-269M20.1		ENST00000455837	downstream_gene_variant	MODIFIER	processed_pseudogene			
rs17261179					intergenic_variant				intergenic_variant					
rs3762991					intron_variant	PELO		ENST00000274311	intron_variant	MODIFIER	protein_coding			
rs3762991					intron_variant	ITGA1		ENST00000282588	intron_variant	MODIFIER	protein_coding			
rs3762991					intron_variant	CTD-2288O8.1		ENST00000502995	upstream_gene_variant	MODIFIER	antisense			
rs3762991					intron_variant	ITGA1		ENST00000504086	intron_variant,non_coding_transcript_variant	MODIFIER	processed_transcript			
rs3762991					intron_variant	PELO		ENST00000506949	intron_variant,non_coding_transcript_variant	MODIFIER	processed_transcript			
rs62370474					intergenic_variant				intergenic_variant					
rs889292					intergenic_variant				intergenic_variant					
rs1694068					intron_variant	ARL15		ENST00000502271	intron_variant	MODIFIER	protein_coding			
rs1694068					intron_variant	ARL15		ENST00000504924	intron_variant	MODIFIER	protein_coding			
rs1694068					intron_variant	ARL15		ENST00000507646	intron_variant	MODIFIER	protein_coding			
rs1694068					intron_variant	ARL15		ENST00000510591	intron_variant,non_coding_transcript_variant	MODIFIER	processed_transcript			
rs39671					intron_variant	ARL15		ENST00000502271	intron_variant	MODIFIER	protein_coding			
rs39671					intron_variant	ARL15		ENST00000504924	intron_variant	MODIFIER	protein_coding			
rs39671					intron_variant	ARL15		ENST00000505383	intron_variant,non_coding_transcript_variant	MODIFIER	retained_intron			
rs39671					intron_variant	ARL15		ENST00000505630	intron_variant,non_coding_transcript_variant	MODIFIER	retained_intron			
rs39671					intron_variant	ARL15		ENST00000507646	intron_variant	MODIFIER	protein_coding			
rs39671					intron_variant	ARL15		ENST00000510591	intron_variant,non_coding_transcript_variant	MODIFIER	processed_transcript			
rs139330292					intron_variant	ARL15		ENST00000502271	intron_variant	MODIFIER	protein_coding			
rs139330292					intron_variant	ARL15		ENST00000504924	intron_variant	MODIFIER	protein_coding			
rs139330292					intron_variant	ARL15		ENST00000505383	intron_variant,non_coding_transcript_variant	MODIFIER	retained_intron			
rs139330292					intron_variant	ARL15		ENST00000505630	intron_variant,non_coding_transcript_variant	MODIFIER	retained_intron			
rs139330292					intron_variant	ARL15		ENST00000507646	intron_variant	MODIFIER	protein_coding			
rs139330292					intron_variant	ARL15		ENST00000510591	intron_variant,non_coding_transcript_variant	MODIFIER	processed_transcript			
rs3911664					intron_variant	CTC-236F12.4		ENST00000506836	intron_variant	MODIFIER	protein_coding			
rs3911664					intron_variant	CTC-236F12.4		ENST00000511661	downstream_gene_variant	MODIFIER	retained_intron			
rs13153834					intron_variant	AC022431.2		ENST00000438651	intron_variant	MODIFIER	protein_coding			
rs256904					intron_variant	AC022431.2		ENST00000438651	intron_variant	MODIFIER	protein_coding			
rs9687846					intron_variant	AC022431.2		ENST00000438651	intron_variant	MODIFIER	protein_coding			
rs96844					intron_variant	MAP3K1		ENST00000399503	downstream_gene_variant	MODIFIER	protein_coding			
rs96844					intron_variant	AC008937.3		ENST00000453721	intron_variant,non_coding_transcript_variant	MODIFIER	antisense			
rs96844					intron_variant	MAP3K1		ENST00000469188	downstream_gene_variant	MODIFIER	retained_intron			
rs861293					intergenic_variant				intergenic_variant					
rs34691					intron_variant	MAST4		ENST00000403625	intron_variant	MODIFIER	protein_coding			
rs34691					intron_variant	MAST4		ENST00000403666	intron_variant	MODIFIER	protein_coding			
rs34691					intron_variant	MAST4		ENST00000404260	intron_variant	MODIFIER	protein_coding			
rs34691					intron_variant	MAST4		ENST00000405643	intron_variant	MODIFIER	protein_coding			
rs34691					intron_variant	MAST4		ENST00000432426	intron_variant	MODIFIER	protein_coding			
rs34691					intron_variant	MAST4		ENST00000490016	intron_variant	MODIFIER	protein_coding			
rs4976033					regulatory_region_variant				regulatory_region_variant					
rs150100713					intron_variant	AC063979.1		ENST00000415539	upstream_gene_variant	MODIFIER	unitary_pseudogene			
rs150100713					intron_variant	CTC-347C20.1		ENST00000508217	intron_variant,non_coding_transcript_variant	MODIFIER	lincRNA			
rs150100713					intron_variant	CTC-347C20.1		ENST00000513767	intron_variant,non_coding_transcript_variant	MODIFIER	lincRNA			
rs34341					intron_variant	ANKDD1B		ENST00000504514	intron_variant,non_coding_transcript_variant	MODIFIER	retained_intron			
rs34341					intron_variant	ANKDD1B		ENST00000506596	intron_variant,non_coding_transcript_variant	MODIFIER	processed_transcript			
rs34341					intron_variant	ANKDD1B		ENST00000594319	intron_variant,non_coding_transcript_variant	MODIFIER	retained_intron			
rs34341					intron_variant	ANKDD1B		ENST00000601380	intron_variant	MODIFIER	protein_coding			
rs1404990					intergenic_variant				intergenic_variant					
rs7732130					intron_variant	AC008581.1		ENST00000410384	downstream_gene_variant	MODIFIER	miRNA			
rs7732130					intron_variant	ZBED3-AS1		ENST00000502433	intron_variant,non_coding_transcript_variant	MODIFIER	antisense			
rs7732130					intron_variant	ZBED3-AS1		ENST00000503969	intron_variant,non_coding_transcript_variant	MODIFIER	antisense			
rs7732130					intron_variant	ZBED3-AS1		ENST00000507749	intron_variant,non_coding_transcript_variant	MODIFIER	antisense			
rs7732130					intron_variant	ZBED3-AS1		ENST00000508401	intron_variant,non_coding_transcript_variant	MODIFIER	antisense			
rs7732130					intron_variant	ZBED3-AS1		ENST00000511547	upstream_gene_variant	MODIFIER	antisense			
rs7732130					intron_variant	ZBED3-AS1		ENST00000512001	intron_variant,non_coding_transcript_variant	MODIFIER	antisense			
rs7732130					intron_variant	ZBED3-AS1		ENST00000513406	intron_variant,non_coding_transcript_variant	MODIFIER	antisense			
rs7732130					intron_variant	ZBED3-AS1		ENST00000513591	intron_variant,non_coding_transcript_variant	MODIFIER	antisense			
rs7732130					intron_variant	ZBED3-AS1		ENST00000514114	intron_variant,non_coding_transcript_variant	MODIFIER	antisense			
rs7732130					intron_variant	ZBED3-AS1		ENST00000514905	intron_variant,non_coding_transcript_variant	MODIFIER	antisense			
rs7732130					intron_variant	ZBED3-AS1		ENST00000515356	upstream_gene_variant	MODIFIER	antisense			
rs7732130					intron_variant	ZBED3-AS1		ENST00000515419	intron_variant,non_coding_transcript_variant	MODIFIER	antisense			
rs2242159					intron_variant	PDE8B		ENST00000264917	intron_variant	MODIFIER	protein_coding			
rs2242159					intron_variant	PDE8B		ENST00000333194	intron_variant	MODIFIER	protein_coding			
rs2242159					intron_variant	PDE8B		ENST00000340978	intron_variant	MODIFIER	protein_coding			
rs2242159					intron_variant	PDE8B		ENST00000342343	intron_variant	MODIFIER	protein_coding			
rs2242159					intron_variant	PDE8B		ENST00000346042	intron_variant	MODIFIER	protein_coding			
rs2242159					intron_variant	PDE8B		ENST00000505283	intron_variant	MODIFIER	protein_coding			
rs252761					intron_variant	AP3B1		ENST00000255194	intron_variant	MODIFIER	protein_coding			
rs252761					intron_variant	AP3B1		ENST00000517940	downstream_gene_variant	MODIFIER	retained_intron			
rs252761					intron_variant	AP3B1		ENST00000519295	intron_variant	MODIFIER	protein_coding			
rs252761					intron_variant	AP3B1		ENST00000519888	downstream_gene_variant	MODIFIER	processed_transcript			
rs7445125					intron_variant	DMGDH		ENST00000518707	intron_variant,non_coding_transcript_variant	MODIFIER	processed_transcript			
rs7445125					intron_variant	DMGDH		ENST00000520388	intron_variant,non_coding_transcript_variant	MODIFIER	processed_transcript			
rs13185500					intron_variant	AC008394.1		ENST00000445770	intron_variant	MODIFIER	protein_coding			
rs7442885					intron_variant	SNORA70		ENST00000384231	downstream_gene_variant	MODIFIER	snoRNA			
rs7442885					intron_variant	RPS3AP22		ENST00000488297	downstream_gene_variant	MODIFIER	processed_pseudogene			
rs7442885					intron_variant	TMEM161B-AS1		ENST00000501715	intron_variant,non_coding_transcript_variant	MODIFIER	antisense			
rs7442885					intron_variant	TMEM161B-AS1		ENST00000501869	intron_variant,non_coding_transcript_variant	MODIFIER	antisense			
rs7442885					intron_variant	TMEM161B-AS1		ENST00000504922	intron_variant,non_coding_transcript_variant	MODIFIER	antisense			
rs7442885					intron_variant	TMEM161B-AS1		ENST00000510087	intron_variant,non_coding_transcript_variant	MODIFIER	antisense			
rs7442885					intron_variant	CTC-498M16.3		ENST00000514065	downstream_gene_variant	MODIFIER	processed_pseudogene			
rs7703782					intron_variant	LINC00461		ENST00000502301	intron_variant,non_coding_transcript_variant	MODIFIER	lincRNA			
rs7703782					intron_variant	LINC00461		ENST00000506014	intron_variant,non_coding_transcript_variant	MODIFIER	lincRNA			
rs7703782					intron_variant	LINC00461		ENST00000506978	intron_variant,non_coding_transcript_variant	MODIFIER	lincRNA			
rs7703782					intron_variant	LINC00461		ENST00000508885	intron_variant,non_coding_transcript_variant	MODIFIER	lincRNA			
rs7703782					intron_variant	LINC00461		ENST00000509405	intron_variant,non_coding_transcript_variant	MODIFIER	lincRNA			
rs7703782					intron_variant	LINC00461		ENST00000513805	intron_variant,non_coding_transcript_variant	MODIFIER	lincRNA			
rs424482					intron_variant	NR2F1-AS1		ENST00000503134	intron_variant,non_coding_transcript_variant	MODIFIER	processed_transcript			
rs424482					intron_variant	NR2F1-AS1		ENST00000504474	intron_variant,non_coding_transcript_variant	MODIFIER	antisense			
rs424482					intron_variant	NR2F1-AS1		ENST00000507963	intron_variant,non_coding_transcript_variant	MODIFIER	antisense			
rs424482					intron_variant	NR2F1-AS1		ENST00000510254	intron_variant,non_coding_transcript_variant	MODIFIER	antisense			
rs424482					intron_variant	NR2F1-AS1		ENST00000513055	intron_variant,non_coding_transcript_variant	MODIFIER	antisense			
rs424482					intron_variant	NR2F1-AS1		ENST00000606233	intron_variant,non_coding_transcript_variant	MODIFIER	antisense			
rs424482					intron_variant	NR2F1-AS1		ENST00000606696	intron_variant,non_coding_transcript_variant	MODIFIER	antisense			
rs424482					intron_variant	NR2F1-AS1		ENST00000606739	upstream_gene_variant	MODIFIER	antisense			
rs424482					intron_variant	NR2F1-AS1		ENST00000607797	upstream_gene_variant	MODIFIER	antisense			
rs424482					intron_variant	NR2F1-AS1		ENST00000607831	upstream_gene_variant	MODIFIER	antisense			
rs261966					intron_variant	CTD-2337A12.1		ENST00000502645	intron_variant,non_coding_transcript_variant	MODIFIER	antisense			
rs17333350					intron_variant	SLCO6A1		ENST00000379807	intron_variant	MODIFIER	protein_coding			
rs17333350					intron_variant	SLCO6A1		ENST00000379810	intron_variant	MODIFIER	protein_coding			
rs17333350					intron_variant	SLCO6A1		ENST00000389019	intron_variant	MODIFIER	protein_coding			
rs17333350					intron_variant	SLCO6A1		ENST00000505407	intron_variant,non_coding_transcript_variant	MODIFIER	processed_transcript			
rs17333350					intron_variant	SLCO6A1		ENST00000505739	upstream_gene_variant	MODIFIER	retained_intron			
rs17333350					intron_variant	SLCO6A1		ENST00000506729	intron_variant	MODIFIER	protein_coding			
rs17333350					intron_variant	SLCO6A1		ENST00000513675	intron_variant	MODIFIER	protein_coding			
rs17333350					intron_variant	SLCO6A1		ENST00000514551	intron_variant,non_coding_transcript_variant	MODIFIER	processed_transcript			
rs78408340					missense_variant	PAM		ENST00000274392	missense_variant,splice_region_variant	MODERATE	protein_coding		442.0	S/W
rs78408340					missense_variant	PAM		ENST00000274392	missense_variant,splice_region_variant	MODERATE	protein_coding		442.0	S/L
rs78408340					missense_variant	PAM		ENST00000304400	missense_variant,splice_region_variant	MODERATE	protein_coding		539.0	S/W
rs78408340					missense_variant	PAM		ENST00000304400	missense_variant,splice_region_variant	MODERATE	protein_coding		539.0	S/L
rs78408340					missense_variant	PAM		ENST00000345721	splice_region_variant,3_prime_UTR_variant,NMD_transcript_variant	LOW	nonsense_mediated_decay			
rs78408340					missense_variant	PAM		ENST00000346918	missense_variant,splice_region_variant	MODERATE	protein_coding		539.0	S/W
rs78408340					missense_variant	PAM		ENST00000346918	missense_variant,splice_region_variant	MODERATE	protein_coding		539.0	S/L
rs78408340					missense_variant	PAM		ENST00000348126	missense_variant,splice_region_variant	MODERATE	protein_coding		432.0	S/W
rs78408340					missense_variant	PAM		ENST00000348126	missense_variant,splice_region_variant	MODERATE	protein_coding		432.0	S/L
rs78408340					missense_variant	PAM		ENST00000379787	splice_region_variant,5_prime_UTR_variant	LOW	protein_coding			
rs78408340					missense_variant	PAM		ENST00000379799	missense_variant,splice_region_variant	MODERATE	protein_coding		312.0	S/W
rs78408340					missense_variant	PAM		ENST00000379799	missense_variant,splice_region_variant	MODERATE	protein_coding		312.0	S/L
rs78408340					missense_variant	PAM		ENST00000438793	missense_variant,splice_region_variant	MODERATE	protein_coding		539.0	S/W
rs78408340					missense_variant	PAM		ENST00000438793	missense_variant,splice_region_variant	MODERATE	protein_coding		539.0	S/L
rs78408340					missense_variant	PAM		ENST00000455264	missense_variant,splice_region_variant	MODERATE	protein_coding		539.0	S/W
rs78408340					missense_variant	PAM		ENST00000455264	missense_variant,splice_region_variant	MODERATE	protein_coding		539.0	S/L
rs78408340					missense_variant	PAM		ENST00000504456	upstream_gene_variant	MODIFIER	processed_transcript			
rs78408340					missense_variant	PAM		ENST00000504691	upstream_gene_variant	MODIFIER	protein_coding			
rs78408340					missense_variant	PAM		ENST00000510006	upstream_gene_variant	MODIFIER	processed_transcript			
rs78408340					missense_variant	PAM		ENST00000511429	splice_region_variant,non_coding_transcript_exon_variant	LOW	retained_intron			
rs78408340					missense_variant	PAM		ENST00000515456	upstream_gene_variant	MODIFIER	processed_transcript			
rs149802978					intron_variant	PAM		ENST00000274392	intron_variant	MODIFIER	protein_coding			
rs149802978					intron_variant	PAM		ENST00000304400	intron_variant	MODIFIER	protein_coding			
rs149802978					intron_variant	PAM		ENST00000345721	intron_variant,NMD_transcript_variant	MODIFIER	nonsense_mediated_decay			
rs149802978					intron_variant	PAM		ENST00000346918	intron_variant	MODIFIER	protein_coding			
rs149802978					intron_variant	PAM		ENST00000348126	intron_variant	MODIFIER	protein_coding			
rs149802978					intron_variant	PAM		ENST00000379787	intron_variant	MODIFIER	protein_coding			
rs149802978					intron_variant	PAM		ENST00000379799	intron_variant	MODIFIER	protein_coding			
rs149802978					intron_variant	PAM		ENST00000438793	intron_variant	MODIFIER	protein_coding			
rs149802978					intron_variant	PAM		ENST00000455264	intron_variant	MODIFIER	protein_coding			
rs149802978					intron_variant	PAM		ENST00000504456	intron_variant,non_coding_transcript_variant	MODIFIER	processed_transcript			
rs149802978					intron_variant	PAM		ENST00000504691	intron_variant	MODIFIER	protein_coding			
rs149802978					intron_variant	PAM		ENST00000510006	intron_variant,non_coding_transcript_variant	MODIFIER	processed_transcript			
rs149802978					intron_variant	PAM		ENST00000511429	downstream_gene_variant	MODIFIER	retained_intron			
rs149802978					intron_variant	PAM		ENST00000515456	intron_variant,non_coding_transcript_variant	MODIFIER	processed_transcript			
rs295030					intron_variant	CTC-254B4.1		ENST00000505997	intron_variant,non_coding_transcript_variant	MODIFIER	lincRNA			
rs295030					intron_variant	CTC-254B4.1		ENST00000513273	intron_variant,non_coding_transcript_variant	MODIFIER	lincRNA			
rs35658682					intron_variant	NREP		ENST00000395634	intron_variant	MODIFIER	protein_coding			
rs35658682					intron_variant	NREP		ENST00000450761	intron_variant	MODIFIER	protein_coding			
rs35658682					intron_variant	NREP-AS1		ENST00000507222	intron_variant,non_coding_transcript_variant	MODIFIER	antisense			
rs35658682					intron_variant	NREP-AS1		ENST00000508389	downstream_gene_variant	MODIFIER	antisense			
rs1105770					3_prime_UTR_variant	TNFAIP8		ENST00000274456	downstream_gene_variant	MODIFIER	protein_coding			
rs1105770					3_prime_UTR_variant	TNFAIP8		ENST00000388882	downstream_gene_variant	MODIFIER	protein_coding			
rs1105770					3_prime_UTR_variant	TNFAIP8		ENST00000415806	downstream_gene_variant	MODIFIER	protein_coding			
rs1105770					3_prime_UTR_variant	TNFAIP8		ENST00000503646	downstream_gene_variant	MODIFIER	protein_coding			
rs1105770					3_prime_UTR_variant	TNFAIP8		ENST00000504642	downstream_gene_variant	MODIFIER	protein_coding			
rs1105770					3_prime_UTR_variant	TNFAIP8		ENST00000504771	3_prime_UTR_variant	MODIFIER	protein_coding			
rs1105770					3_prime_UTR_variant	TNFAIP8		ENST00000513374	downstream_gene_variant	MODIFIER	protein_coding			
rs12655753					intron_variant	CEP120		ENST00000306467	intron_variant	MODIFIER	protein_coding			
rs12655753					intron_variant	CEP120		ENST00000306481	intron_variant	MODIFIER	protein_coding			
rs12655753					intron_variant	CEP120		ENST00000328236	intron_variant	MODIFIER	protein_coding			
rs12655753					intron_variant	CEP120		ENST00000508138	intron_variant,NMD_transcript_variant	MODIFIER	nonsense_mediated_decay			
rs12655753					intron_variant	CEP120		ENST00000508442	downstream_gene_variant	MODIFIER	protein_coding			
rs12655753					intron_variant	CEP120		ENST00000513565	intron_variant,NMD_transcript_variant	MODIFIER	nonsense_mediated_decay			
rs6888037					intron_variant	CTC-228N24.3		ENST00000499346	intron_variant,non_coding_transcript_variant	MODIFIER	lincRNA			
rs6888037					intron_variant	CTC-228N24.3		ENST00000501173	intron_variant,non_coding_transcript_variant	MODIFIER	lincRNA			
rs6888037					intron_variant	CTC-228N24.3		ENST00000501652	intron_variant,non_coding_transcript_variant	MODIFIER	lincRNA			
rs6888037					intron_variant	CTC-228N24.3		ENST00000501702	intron_variant,non_coding_transcript_variant	MODIFIER	lincRNA			
rs6888037					intron_variant	CTC-228N24.3		ENST00000508353	intron_variant,non_coding_transcript_variant	MODIFIER	lincRNA			
rs6888037					intron_variant	CTC-228N24.3		ENST00000508878	intron_variant,non_coding_transcript_variant	MODIFIER	lincRNA			
rs6888037					intron_variant	CTC-228N24.3		ENST00000514409	intron_variant,non_coding_transcript_variant	MODIFIER	lincRNA			
rs6888037					intron_variant	CTC-228N24.3		ENST00000514573	intron_variant,non_coding_transcript_variant	MODIFIER	lincRNA			
rs6888037					intron_variant	CTC-228N24.3		ENST00000606251	intron_variant,non_coding_transcript_variant	MODIFIER	lincRNA			
rs55914434					intron_variant	HSPA4		ENST00000304858	intron_variant	MODIFIER	protein_coding			
rs329122					intron_variant	JADE2		ENST00000282605	intron_variant	MODIFIER	protein_coding			
rs329122					intron_variant	JADE2		ENST00000361895	intron_variant	MODIFIER	protein_coding			
rs329122					intron_variant	JADE2		ENST00000395003	intron_variant	MODIFIER	protein_coding			
rs329122					intron_variant	JADE2		ENST00000402835	intron_variant	MODIFIER	protein_coding			
rs329122					intron_variant	JADE2		ENST00000431355	intron_variant	MODIFIER	protein_coding			
rs329122					intron_variant	JADE2		ENST00000512386	intron_variant	MODIFIER	protein_coding			
rs329122					intron_variant	JADE2		ENST00000515554	intron_variant,non_coding_transcript_variant	MODIFIER	processed_transcript			
rs319597					intron_variant	PCBD2		ENST00000254908	intron_variant	MODIFIER	protein_coding			
rs319597					intron_variant	TXNDC15		ENST00000358387	downstream_gene_variant	MODIFIER	protein_coding			
rs319597					intron_variant	TXNDC15		ENST00000502625	downstream_gene_variant	MODIFIER	processed_transcript			
rs319597					intron_variant	PCBD2		ENST00000504352	intron_variant,NMD_transcript_variant	MODIFIER	nonsense_mediated_decay			
rs319597					intron_variant	TXNDC15		ENST00000507024	downstream_gene_variant	MODIFIER	nonsense_mediated_decay			
rs319597					intron_variant	PCBD2		ENST00000510013	upstream_gene_variant	MODIFIER	processed_transcript			
rs319597					intron_variant	PCBD2		ENST00000512783	intron_variant	MODIFIER	protein_coding			
rs35167448					intergenic_variant				intergenic_variant					
rs2099044					intron_variant	MFAP3		ENST00000519325	intron_variant,non_coding_transcript_variant	MODIFIER	processed_transcript			
rs2963470					intergenic_variant				intergenic_variant					
rs17057112					intron_variant	AC011343.1		ENST00000522627	intron_variant,non_coding_transcript_variant	MODIFIER	lincRNA			
rs3088050					3_prime_UTR_variant	PRELID1		ENST00000303204	upstream_gene_variant	MODIFIER	protein_coding			
rs3088050					3_prime_UTR_variant	RAB24		ENST00000303251	downstream_gene_variant	MODIFIER	protein_coding			
rs3088050					3_prime_UTR_variant	RAB24		ENST00000303270	downstream_gene_variant	MODIFIER	protein_coding			
rs3088050					3_prime_UTR_variant	NSD1		ENST00000347982	downstream_gene_variant	MODIFIER	protein_coding			
rs3088050					3_prime_UTR_variant	NSD1		ENST00000354179	3_prime_UTR_variant	MODIFIER	protein_coding			
rs3088050					3_prime_UTR_variant	NSD1		ENST00000361032	3_prime_UTR_variant	MODIFIER	protein_coding			
rs3088050					3_prime_UTR_variant	RAB24		ENST00000393610	downstream_gene_variant	MODIFIER	retained_intron			
rs3088050					3_prime_UTR_variant	RAB24		ENST00000393611	downstream_gene_variant	MODIFIER	protein_coding			
rs3088050					3_prime_UTR_variant	NSD1		ENST00000439151	3_prime_UTR_variant	MODIFIER	protein_coding			
rs3088050					3_prime_UTR_variant	RAB24		ENST00000471466	downstream_gene_variant	MODIFIER	retained_intron			
rs3088050					3_prime_UTR_variant	RAB24		ENST00000478234	downstream_gene_variant	MODIFIER	retained_intron			
rs3088050					3_prime_UTR_variant	RAB24		ENST00000495458	downstream_gene_variant	MODIFIER	retained_intron			
rs3088050					3_prime_UTR_variant	PRELID1		ENST00000502670	upstream_gene_variant	MODIFIER	processed_transcript			
rs3088050					3_prime_UTR_variant	PRELID1		ENST00000503216	upstream_gene_variant	MODIFIER	protein_coding			
rs3088050					3_prime_UTR_variant	MXD3		ENST00000503473	downstream_gene_variant	MODIFIER	retained_intron			
rs3088050					3_prime_UTR_variant	RAB24		ENST00000504395	downstream_gene_variant	MODIFIER	protein_coding			
rs3088050					3_prime_UTR_variant	PRELID1		ENST00000504594	upstream_gene_variant	MODIFIER	nonsense_mediated_decay			
rs3088050					3_prime_UTR_variant	MXD3		ENST00000509339	downstream_gene_variant	MODIFIER	retained_intron			
rs3088050					3_prime_UTR_variant	PRELID1		ENST00000510797	upstream_gene_variant	MODIFIER	nonsense_mediated_decay			
rs3088050					3_prime_UTR_variant	PRELID1		ENST00000511309	upstream_gene_variant	MODIFIER	retained_intron			
rs3088050					3_prime_UTR_variant	RAB24		ENST00000512758	downstream_gene_variant	MODIFIER	retained_intron			
rs117657946					intron_variant	MGAT1		ENST00000307826	intron_variant	MODIFIER	protein_coding			
rs117657946					intron_variant	MGAT1		ENST00000333055	intron_variant	MODIFIER	protein_coding			
rs117657946					intron_variant	MGAT1		ENST00000393340	intron_variant	MODIFIER	protein_coding			
rs117657946					intron_variant	MGAT1		ENST00000427865	intron_variant	MODIFIER	protein_coding			
rs117657946					intron_variant	MGAT1		ENST00000446023	intron_variant	MODIFIER	protein_coding			
rs117657946					intron_variant	MGAT1		ENST00000502678	intron_variant	MODIFIER	protein_coding			
rs117657946					intron_variant	MGAT1		ENST00000504385	intron_variant,non_coding_transcript_variant	MODIFIER	processed_transcript			
rs117657946					intron_variant	MGAT1		ENST00000504671	intron_variant	MODIFIER	protein_coding			
rs117657946					intron_variant	MGAT1		ENST00000505682	intron_variant,non_coding_transcript_variant	MODIFIER	processed_transcript			
rs117657946					intron_variant	MGAT1		ENST00000506269	intron_variant	MODIFIER	protein_coding			
rs117657946					intron_variant	MGAT1		ENST00000506889	intron_variant	MODIFIER	protein_coding			
rs117657946					intron_variant	MGAT1		ENST00000507384	intron_variant	MODIFIER	protein_coding			
rs117657946					intron_variant	MGAT1		ENST00000512695	intron_variant	MODIFIER	protein_coding			
rs117657946					intron_variant	MGAT1		ENST00000513431	intron_variant	MODIFIER	protein_coding			
rs117657946					intron_variant	MGAT1		ENST00000514283	intron_variant	MODIFIER	protein_coding			
rs117657946					intron_variant	MGAT1		ENST00000514438	intron_variant	MODIFIER	protein_coding			
rs117657946					intron_variant	MGAT1		ENST00000514760	intron_variant,non_coding_transcript_variant	MODIFIER	processed_transcript			
rs3800120					intron_variant	GMDS		ENST00000380805	intron_variant,non_coding_transcript_variant	MODIFIER	retained_intron			
rs3800120					intron_variant	GMDS		ENST00000380815	intron_variant	MODIFIER	protein_coding			
rs3800120					intron_variant	GMDS		ENST00000530927	intron_variant	MODIFIER	protein_coding			
rs3800120					intron_variant	GMDS		ENST00000531690	intron_variant,non_coding_transcript_variant	MODIFIER	processed_transcript			
rs9379084					missense_variant	RREB1		ENST00000334984	missense_variant	MODERATE	protein_coding		1171.0	D/N
rs9379084					missense_variant	RREB1		ENST00000349384	missense_variant	MODERATE	protein_coding		1171.0	D/N
rs9379084					missense_variant	RREB1		ENST00000379933	missense_variant	MODERATE	protein_coding		1171.0	D/N
rs9379084					missense_variant	RREB1		ENST00000379938	missense_variant	MODERATE	protein_coding		1171.0	D/N
rs9379084					missense_variant	RREB1		ENST00000483150	downstream_gene_variant	MODIFIER	protein_coding			
rs2714343					downstream_gene_variant	RREB1		ENST00000334984	downstream_gene_variant	MODIFIER	protein_coding			
rs2714343					downstream_gene_variant	RREB1		ENST00000349384	downstream_gene_variant	MODIFIER	protein_coding			
rs2714343					downstream_gene_variant	RREB1		ENST00000379938	downstream_gene_variant	MODIFIER	protein_coding			
rs116039287					intron_variant	SSR1		ENST00000244763	upstream_gene_variant	MODIFIER	protein_coding			
rs116039287					intron_variant	SSR1		ENST00000397511	upstream_gene_variant	MODIFIER	protein_coding			
rs116039287					intron_variant	SSR1		ENST00000462112	upstream_gene_variant	MODIFIER	protein_coding			
rs116039287					intron_variant	SSR1		ENST00000474597	upstream_gene_variant	MODIFIER	protein_coding			
rs116039287					intron_variant	SSR1		ENST00000479365	upstream_gene_variant	MODIFIER	protein_coding			
rs116039287					intron_variant	SSR1		ENST00000483409	upstream_gene_variant	MODIFIER	processed_transcript			
rs116039287					intron_variant	SSR1		ENST00000488834	intron_variant,non_coding_transcript_variant	MODIFIER	processed_transcript			
rs116039287					intron_variant	SSR1		ENST00000489567	upstream_gene_variant	MODIFIER	protein_coding			
rs116039287					intron_variant	SSR1		ENST00000534851	upstream_gene_variant	MODIFIER	protein_coding			
rs11751816					intron_variant	JARID2		ENST00000341776	intron_variant	MODIFIER	protein_coding			
rs11751816					intron_variant	JARID2		ENST00000397311	intron_variant	MODIFIER	protein_coding			
rs727734					intron_variant	JARID2		ENST00000341776	intron_variant	MODIFIER	protein_coding			
rs727734					intron_variant	JARID2		ENST00000397311	intron_variant	MODIFIER	protein_coding			
rs727734					intron_variant	JARID2		ENST00000541660	intron_variant	MODIFIER	protein_coding			
rs6926312					intron_variant	RP1-167F1.2		ENST00000432171	intron_variant,non_coding_transcript_variant	MODIFIER	antisense			
rs6926312					intron_variant	RP3-471C18.2		ENST00000450310	intron_variant,non_coding_transcript_variant	MODIFIER	lincRNA			
rs9358336					intron_variant	E2F3		ENST00000346618	intron_variant	MODIFIER	protein_coding			
rs9358336					intron_variant	E2F3		ENST00000535432	intron_variant	MODIFIER	protein_coding			
rs12206516					intergenic_variant				intergenic_variant					
rs142609509					regulatory_region_variant				regulatory_region_variant					
rs147434309					intron_variant	CDKAL1		ENST00000274695	intron_variant	MODIFIER	protein_coding			
rs147434309					intron_variant	CDKAL1		ENST00000378610	intron_variant	MODIFIER	protein_coding			
rs147434309					intron_variant	CDKAL1		ENST00000378624	intron_variant	MODIFIER	protein_coding			
rs111564329					intron_variant	CDKAL1		ENST00000274695	intron_variant	MODIFIER	protein_coding			
rs111564329					intron_variant	CDKAL1		ENST00000378610	intron_variant	MODIFIER	protein_coding			
rs111564329					intron_variant	CDKAL1		ENST00000378624	intron_variant	MODIFIER	protein_coding			
rs117656456					intron_variant	CDKAL1		ENST00000274695	intron_variant	MODIFIER	protein_coding			
rs117656456					intron_variant	CDKAL1		ENST00000378610	intron_variant	MODIFIER	protein_coding			
rs117656456					intron_variant	CDKAL1		ENST00000378624	intron_variant	MODIFIER	protein_coding			
rs7766070					intron_variant	CDKAL1		ENST00000274695	intron_variant	MODIFIER	protein_coding			
rs7766070					intron_variant	CDKAL1		ENST00000378610	intron_variant	MODIFIER	protein_coding			
rs7766070					intron_variant	CDKAL1		ENST00000378624	intron_variant	MODIFIER	protein_coding			
rs72832303					intron_variant	CDKAL1		ENST00000274695	intron_variant	MODIFIER	protein_coding			
rs72832303					intron_variant	CDKAL1		ENST00000378610	intron_variant	MODIFIER	protein_coding			
rs72832303					intron_variant	CDKAL1		ENST00000378624	intron_variant	MODIFIER	protein_coding			
rs72832303					intron_variant	RP3-348I23.3		ENST00000454835	downstream_gene_variant	MODIFIER	processed_pseudogene			
rs140249932					intron_variant	CDKAL1		ENST00000274695	intron_variant	MODIFIER	protein_coding			
rs140249932					intron_variant	CDKAL1		ENST00000378610	intron_variant	MODIFIER	protein_coding			
rs140249932					intron_variant	CDKAL1		ENST00000378624	intron_variant	MODIFIER	protein_coding			
rs140249932					intron_variant	RP3-348I23.3		ENST00000454835	upstream_gene_variant	MODIFIER	processed_pseudogene			
rs117267852					intron_variant	CDKAL1		ENST00000274695	intron_variant	MODIFIER	protein_coding			
rs117267852					intron_variant	CDKAL1		ENST00000378610	intron_variant	MODIFIER	protein_coding			
rs117267852					intron_variant	CDKAL1		ENST00000378624	intron_variant	MODIFIER	protein_coding			
rs117267852					intron_variant	RP3-348I23.3		ENST00000454835	upstream_gene_variant	MODIFIER	processed_pseudogene			
rs74371219					intron_variant	CDKAL1		ENST00000274695	intron_variant	MODIFIER	protein_coding			
rs74371219					intron_variant	CDKAL1		ENST00000378610	intron_variant	MODIFIER	protein_coding			
rs74371219					intron_variant	CDKAL1		ENST00000378624	intron_variant	MODIFIER	protein_coding			
rs74371219					intron_variant	RP3-348I23.2		ENST00000421167	intron_variant,non_coding_transcript_variant	MODIFIER	antisense			
rs149781755					intron_variant	CDKAL1		ENST00000274695	intron_variant	MODIFIER	protein_coding			
rs149781755					intron_variant	CDKAL1		ENST00000378610	intron_variant	MODIFIER	protein_coding			
rs149781755					intron_variant	CDKAL1		ENST00000378624	intron_variant	MODIFIER	protein_coding			
rs9465936					intron_variant	CDKAL1		ENST00000274695	intron_variant	MODIFIER	protein_coding			
rs9465936					intron_variant	CDKAL1		ENST00000378610	intron_variant	MODIFIER	protein_coding			
rs9465936					intron_variant	CDKAL1		ENST00000378624	intron_variant	MODIFIER	protein_coding			
rs114381567					intron_variant	CDKAL1		ENST00000274695	intron_variant	MODIFIER	protein_coding			
rs114381567					intron_variant	CDKAL1		ENST00000378610	intron_variant	MODIFIER	protein_coding			
rs114381567					intron_variant	CDKAL1		ENST00000378624	intron_variant	MODIFIER	protein_coding			
rs11967298					intron_variant	CDKAL1		ENST00000274695	intron_variant	MODIFIER	protein_coding			
rs11967298					intron_variant	CDKAL1		ENST00000378610	intron_variant	MODIFIER	protein_coding			
rs11967298					intron_variant	CDKAL1		ENST00000378624	intron_variant	MODIFIER	protein_coding			
rs74387263					intron_variant	CDKAL1		ENST00000274695	intron_variant	MODIFIER	protein_coding			
rs74387263					intron_variant	CDKAL1		ENST00000378610	intron_variant	MODIFIER	protein_coding			
rs74387263					intron_variant	CDKAL1		ENST00000378624	intron_variant	MODIFIER	protein_coding			
rs16887160					intron_variant	RP1-209A6.1		ENST00000420572	intron_variant,non_coding_transcript_variant	MODIFIER	lincRNA			
rs9358927					intergenic_variant				intergenic_variant					
rs1150674					non_coding_transcript_exon_variant	ZNF192P1		ENST00000440790	non_coding_transcript_exon_variant	MODIFIER	processed_transcript			
rs1150674					non_coding_transcript_exon_variant	ZNF192P1		ENST00000562227	non_coding_transcript_exon_variant	MODIFIER	processed_transcript			
rs1150674					non_coding_transcript_exon_variant	ZNF192P1		ENST00000565888	non_coding_transcript_exon_variant	MODIFIER	transcribed_unprocessed_pseudogene			
rs1150674					non_coding_transcript_exon_variant	ZNF192P1		ENST00000570042	non_coding_transcript_exon_variant	MODIFIER	retained_intron			
rs1150674					non_coding_transcript_exon_variant	ZNF192P1		ENST00000570126	downstream_gene_variant	MODIFIER	retained_intron			
rs6456865					downstream_gene_variant	ZNF90P2		ENST00000419323	downstream_gene_variant	MODIFIER	processed_pseudogene			
rs6456865					downstream_gene_variant	ZNF90P2		ENST00000445685	downstream_gene_variant	MODIFIER	processed_pseudogene			
rs6456865					downstream_gene_variant	ZNF90P2		ENST00000414910	downstream_gene_variant	MODIFIER	processed_pseudogene			
rs6456865					downstream_gene_variant	ZNF90P2		ENST00000442156	downstream_gene_variant	MODIFIER	processed_pseudogene			
rs6456865					downstream_gene_variant	ZNF90P2		ENST00000414947	downstream_gene_variant	MODIFIER	processed_pseudogene			
rs6456865					downstream_gene_variant	ZNF90P2		ENST00000422651	downstream_gene_variant	MODIFIER	processed_pseudogene			
rs142986308					missense_variant	PSORS1C1		ENST00000259881	downstream_gene_variant	MODIFIER	protein_coding			
rs142986308					missense_variant	CCHCR1		ENST00000376266	missense_variant	MODERATE	protein_coding		587.0	R/W
rs142986308					missense_variant	CCHCR1		ENST00000396263	missense_variant	MODERATE	protein_coding		534.0	R/W
rs142986308					missense_variant	CCHCR1		ENST00000396268	missense_variant	MODERATE	protein_coding		676.0	R/W
rs142986308					missense_variant	POLR2LP		ENST00000444785	downstream_gene_variant	MODIFIER	processed_pseudogene			
rs142986308					missense_variant	CCHCR1		ENST00000451521	missense_variant	MODERATE	protein_coding		640.0	R/W
rs142986308					missense_variant	CCHCR1		ENST00000467553	non_coding_transcript_exon_variant	MODIFIER	retained_intron			
rs142986308					missense_variant	PSORS1C1		ENST00000479581	downstream_gene_variant	MODIFIER	processed_transcript			
rs142986308					missense_variant	CCHCR1		ENST00000480060	downstream_gene_variant	MODIFIER	processed_transcript			
rs142986308					missense_variant	PSORS1C1		ENST00000481450	downstream_gene_variant	MODIFIER	protein_coding			
rs142986308					missense_variant	CCHCR1		ENST00000486060	non_coding_transcript_exon_variant	MODIFIER	retained_intron			
rs142986308					missense_variant	CCHCR1		ENST00000509552	non_coding_transcript_exon_variant	MODIFIER	retained_intron			
rs142986308					missense_variant	PSORS1C1		ENST00000547221	downstream_gene_variant	MODIFIER	protein_coding			
rs142986308					missense_variant	CCHCR1		ENST00000400351	missense_variant	MODERATE	protein_coding		534.0	R/W
rs142986308					missense_variant	CCHCR1		ENST00000416163	missense_variant	MODERATE	protein_coding		587.0	R/W
rs142986308					missense_variant	CCHCR1		ENST00000425620	missense_variant	MODERATE	protein_coding		587.0	R/W
rs142986308					missense_variant	POLR2LP		ENST00000443307	downstream_gene_variant	MODIFIER	processed_pseudogene			
rs142986308					missense_variant	PSORS1C1		ENST00000448455	downstream_gene_variant	MODIFIER	protein_coding			
rs142986308					missense_variant	CCHCR1		ENST00000451470	missense_variant	MODERATE	protein_coding		75.0	R/W
rs142986308					missense_variant	CCHCR1		ENST00000466904	downstream_gene_variant	MODIFIER	processed_transcript			
rs142986308					missense_variant	PSORS1C1		ENST00000470522	downstream_gene_variant	MODIFIER	processed_transcript			
rs142986308					missense_variant	CCHCR1		ENST00000488698	non_coding_transcript_exon_variant	MODIFIER	processed_transcript			
rs142986308					missense_variant	CCHCR1		ENST00000494515	non_coding_transcript_exon_variant	MODIFIER	retained_intron			
rs142986308					missense_variant	CCHCR1		ENST00000383341	missense_variant	MODERATE	protein_coding		587.0	R/W
rs142986308					missense_variant	CCHCR1		ENST00000400352	missense_variant	MODERATE	protein_coding		587.0	R/W
rs142986308					missense_variant	POLR2LP		ENST00000413367	downstream_gene_variant	MODIFIER	processed_pseudogene			
rs142986308					missense_variant	CCHCR1		ENST00000414614	missense_variant	MODERATE	protein_coding		534.0	R/W
rs142986308					missense_variant	PSORS1C1		ENST00000420214	downstream_gene_variant	MODIFIER	protein_coding			
rs142986308					missense_variant	CCHCR1		ENST00000420262	missense_variant	MODERATE	protein_coding		75.0	R/W
rs142986308					missense_variant	CCHCR1		ENST00000463667	non_coding_transcript_exon_variant	MODIFIER	processed_transcript			
rs142986308					missense_variant	PSORS1C1		ENST00000470382	downstream_gene_variant	MODIFIER	processed_transcript			
rs142986308					missense_variant	PSORS1C1		ENST00000477839	downstream_gene_variant	MODIFIER	processed_transcript			
rs142986308					missense_variant	CCHCR1		ENST00000481280	non_coding_transcript_exon_variant	MODIFIER	retained_intron			
rs142986308					missense_variant	CCHCR1		ENST00000486976	downstream_gene_variant	MODIFIER	processed_transcript			
rs142986308					missense_variant	CCHCR1		ENST00000416392	missense_variant	MODERATE	protein_coding		587.0	R/W
rs142986308					missense_variant	CCHCR1		ENST00000419592	missense_variant	MODERATE	protein_coding		75.0	R/W
rs142986308					missense_variant	POLR2LP		ENST00000434921	downstream_gene_variant	MODIFIER	processed_pseudogene			
rs142986308					missense_variant	PSORS1C1		ENST00000441092	downstream_gene_variant	MODIFIER	protein_coding			
rs142986308					missense_variant	CCHCR1		ENST00000447252	missense_variant	MODERATE	protein_coding		587.0	R/W
rs142986308					missense_variant	CCHCR1		ENST00000452333	missense_variant	MODERATE	protein_coding		534.0	R/W
rs142986308					missense_variant	PSORS1C1		ENST00000470548	downstream_gene_variant	MODIFIER	processed_transcript			
rs142986308					missense_variant	CCHCR1		ENST00000473836	non_coding_transcript_exon_variant	MODIFIER	retained_intron			
rs142986308					missense_variant	CCHCR1		ENST00000491355	non_coding_transcript_exon_variant	MODIFIER	processed_transcript			
rs142986308					missense_variant	CCHCR1		ENST00000493009	downstream_gene_variant	MODIFIER	processed_transcript			
rs142986308					missense_variant	PSORS1C1		ENST00000497309	downstream_gene_variant	MODIFIER	processed_transcript			
rs142986308					missense_variant	CCHCR1		ENST00000419528	missense_variant	MODERATE	protein_coding		587.0	R/W
rs142986308					missense_variant	CCHCR1		ENST00000428677	missense_variant	MODERATE	protein_coding		534.0	R/W
rs142986308					missense_variant	CCHCR1		ENST00000431539	missense_variant	MODERATE	protein_coding		75.0	R/W
rs142986308					missense_variant	POLR2LP		ENST00000432966	downstream_gene_variant	MODIFIER	processed_pseudogene			
rs142986308					missense_variant	PSORS1C1		ENST00000433334	downstream_gene_variant	MODIFIER	protein_coding			
rs142986308					missense_variant	CCHCR1		ENST00000433804	missense_variant	MODERATE	protein_coding		587.0	R/W
rs142986308					missense_variant	CCHCR1		ENST00000461619	non_coding_transcript_exon_variant	MODIFIER	retained_intron			
rs142986308					missense_variant	CCHCR1		ENST00000471519	downstream_gene_variant	MODIFIER	processed_transcript			
rs142986308					missense_variant	CCHCR1		ENST00000485747	non_coding_transcript_exon_variant	MODIFIER	processed_transcript			
rs142986308					missense_variant	PSORS1C1		ENST00000497823	downstream_gene_variant	MODIFIER	processed_transcript			
rs142986308					missense_variant	PSORS1C1		ENST00000498583	downstream_gene_variant	MODIFIER	processed_transcript			
rs142986308					missense_variant	PSORS1C1		ENST00000376289	downstream_gene_variant	MODIFIER	protein_coding			
rs142986308					missense_variant	CCHCR1		ENST00000383527	missense_variant	MODERATE	protein_coding		587.0	R/W
rs142986308					missense_variant	CCHCR1		ENST00000400406	missense_variant	MODERATE	protein_coding		534.0	R/W
rs142986308					missense_variant	CCHCR1		ENST00000400412	missense_variant	MODERATE	protein_coding		676.0	R/W
rs142986308					missense_variant	CCHCR1		ENST00000417776	missense_variant	MODERATE	protein_coding		75.0	R/W
rs142986308					missense_variant	POLR2LP		ENST00000448487	downstream_gene_variant	MODIFIER	processed_pseudogene			
rs142986308					missense_variant	CCHCR1		ENST00000472432	non_coding_transcript_exon_variant	MODIFIER	processed_transcript			
rs142986308					missense_variant	PSORS1C1		ENST00000472672	downstream_gene_variant	MODIFIER	processed_transcript			
rs142986308					missense_variant	CCHCR1		ENST00000482045	downstream_gene_variant	MODIFIER	processed_transcript			
rs142986308					missense_variant	PSORS1C1		ENST00000489608	downstream_gene_variant	MODIFIER	processed_transcript			
rs142986308					missense_variant	CCHCR1		ENST00000496505	non_coding_transcript_exon_variant	MODIFIER	retained_intron			
rs142986308					missense_variant	PSORS1C1		ENST00000549149	downstream_gene_variant	MODIFIER	protein_coding			
rs879882					intron_variant	POU5F1		ENST00000259915	upstream_gene_variant	MODIFIER	protein_coding			
rs879882					intron_variant	PSORS1C3		ENST00000412143	downstream_gene_variant	MODIFIER	sense_intronic			
rs879882					intron_variant	POU5F1		ENST00000441888	intron_variant	MODIFIER	protein_coding			
rs879882					intron_variant	POU5F1		ENST00000461401	upstream_gene_variant	MODIFIER	retained_intron			
rs879882					intron_variant	POU5F1		ENST00000471529	upstream_gene_variant	MODIFIER	protein_coding			
rs879882					intron_variant	POU5F1		ENST00000512818	upstream_gene_variant	MODIFIER	protein_coding			
rs879882					intron_variant	POU5F1		ENST00000513407	upstream_gene_variant	MODIFIER	protein_coding			
rs879882					intron_variant	TCF19		ENST00000542218	downstream_gene_variant	MODIFIER	protein_coding			
rs879882					intron_variant	POU5F1		ENST00000606567	upstream_gene_variant	MODIFIER	protein_coding			
rs879882					upstream_gene_variant	POU5F1		ENST00000429603	upstream_gene_variant	MODIFIER	protein_coding			
rs879882					upstream_gene_variant	PSORS1C3		ENST00000444400	downstream_gene_variant	MODIFIER	processed_transcript			
rs879882					upstream_gene_variant	POU5F1		ENST00000471211	upstream_gene_variant	MODIFIER	retained_intron			
rs879882					upstream_gene_variant	POU5F1		ENST00000547234	upstream_gene_variant	MODIFIER	protein_coding			
rs879882					upstream_gene_variant	POU5F1		ENST00000547658	upstream_gene_variant	MODIFIER	protein_coding			
rs879882					upstream_gene_variant	POU5F1		ENST00000434616	upstream_gene_variant	MODIFIER	protein_coding			
rs879882					upstream_gene_variant	PSORS1C3		ENST00000450562	downstream_gene_variant	MODIFIER	processed_transcript			
rs879882					upstream_gene_variant	POU5F1		ENST00000489610	upstream_gene_variant	MODIFIER	retained_intron			
rs879882					upstream_gene_variant	POU5F1		ENST00000550521	upstream_gene_variant	MODIFIER	protein_coding			
rs879882					upstream_gene_variant	POU5F1		ENST00000553069	upstream_gene_variant	MODIFIER	protein_coding			
rs879882					intron_variant	PSORS1C3		ENST00000376242	downstream_gene_variant	MODIFIER	processed_transcript			
rs879882					intron_variant	POU5F1		ENST00000454714	upstream_gene_variant	MODIFIER	protein_coding			
rs879882					intron_variant	POU5F1		ENST00000472089	upstream_gene_variant	MODIFIER	retained_intron			
rs879882					intron_variant	POU5F1		ENST00000546505	upstream_gene_variant	MODIFIER	protein_coding			
rs879882					intron_variant	POU5F1		ENST00000549294	upstream_gene_variant	MODIFIER	protein_coding			
rs879882					intron_variant	CR847794.1		ENST00000552607	intron_variant	MODIFIER	protein_coding			
rs879882					intron_variant	PSORS1C3		ENST00000428067	downstream_gene_variant	MODIFIER	processed_transcript			
rs879882					intron_variant	POU5F1		ENST00000433063	upstream_gene_variant	MODIFIER	protein_coding			
rs879882					intron_variant	POU5F1		ENST00000498800	upstream_gene_variant	MODIFIER	retained_intron			
rs879882					intron_variant	CR759815.2		ENST00000548618	intron_variant	MODIFIER	protein_coding			
rs879882					intron_variant	POU5F1		ENST00000548682	upstream_gene_variant	MODIFIER	protein_coding			
rs879882					intron_variant	POU5F1		ENST00000550059	upstream_gene_variant	MODIFIER	protein_coding			
rs879882					upstream_gene_variant	POU5F1		ENST00000383524	upstream_gene_variant	MODIFIER	protein_coding			
rs879882					upstream_gene_variant	PSORS1C3		ENST00000425066	downstream_gene_variant	MODIFIER	processed_transcript			
rs879882					upstream_gene_variant	POU5F1		ENST00000489334	upstream_gene_variant	MODIFIER	retained_intron			
rs879882					upstream_gene_variant	POU5F1		ENST00000550572	upstream_gene_variant	MODIFIER	protein_coding			
rs879882					upstream_gene_variant	POU5F1		ENST00000553206	upstream_gene_variant	MODIFIER	protein_coding			
rs879882					upstream_gene_variant	PSORS1C3		ENST00000414348	downstream_gene_variant	MODIFIER	processed_transcript			
rs879882					upstream_gene_variant	POU5F1		ENST00000437747	upstream_gene_variant	MODIFIER	protein_coding			
rs879882					upstream_gene_variant	POU5F1		ENST00000483045	upstream_gene_variant	MODIFIER	retained_intron			
rs879882					upstream_gene_variant	POU5F1		ENST00000547981	upstream_gene_variant	MODIFIER	protein_coding			
rs879882					upstream_gene_variant	POU5F1		ENST00000548685	upstream_gene_variant	MODIFIER	protein_coding			
rs139073773					upstream_gene_variant	HLA-C		ENST00000376228	upstream_gene_variant	MODIFIER	protein_coding			
rs139073773					upstream_gene_variant	HLA-C		ENST00000376237	upstream_gene_variant	MODIFIER	nonsense_mediated_decay			
rs139073773					upstream_gene_variant	HLA-C		ENST00000383329	upstream_gene_variant	MODIFIER	protein_coding			
rs139073773					upstream_gene_variant	HLA-C		ENST00000415537	upstream_gene_variant	MODIFIER	protein_coding			
rs139073773					upstream_gene_variant	HLA-C		ENST00000466892	upstream_gene_variant	MODIFIER	retained_intron			
rs139073773					upstream_gene_variant	HLA-C		ENST00000470363	upstream_gene_variant	MODIFIER	retained_intron			
rs139073773					upstream_gene_variant	HLA-C		ENST00000484378	upstream_gene_variant	MODIFIER	retained_intron			
rs139073773					upstream_gene_variant	HLA-C		ENST00000487245	upstream_gene_variant	MODIFIER	retained_intron			
rs139073773					upstream_gene_variant	USP8P1		ENST00000494673	upstream_gene_variant	MODIFIER	processed_pseudogene			
rs139073773					upstream_gene_variant	HLA-C		ENST00000495835	upstream_gene_variant	MODIFIER	retained_intron			
rs139073773					upstream_gene_variant	HLA-C		ENST00000422726	upstream_gene_variant	MODIFIER	protein_coding			
rs139073773					upstream_gene_variant	HLA-C		ENST00000423509	upstream_gene_variant	MODIFIER	protein_coding			
rs139073773					upstream_gene_variant	HLA-C		ENST00000424832	upstream_gene_variant	MODIFIER	protein_coding			
rs139073773					upstream_gene_variant	HLA-C		ENST00000430940	upstream_gene_variant	MODIFIER	protein_coding			
rs139073773					upstream_gene_variant	HLA-C		ENST00000457806	upstream_gene_variant	MODIFIER	protein_coding			
rs139073773					upstream_gene_variant	HLA-C		ENST00000462851	upstream_gene_variant	MODIFIER	retained_intron			
rs139073773					upstream_gene_variant	HLA-C		ENST00000464914	upstream_gene_variant	MODIFIER	nonsense_mediated_decay			
rs139073773					upstream_gene_variant	HLA-C		ENST00000476248	upstream_gene_variant	MODIFIER	nonsense_mediated_decay			
rs139073773					upstream_gene_variant	USP8P1		ENST00000484424	upstream_gene_variant	MODIFIER	processed_pseudogene			
rs139073773					upstream_gene_variant	HLA-C		ENST00000486266	upstream_gene_variant	MODIFIER	retained_intron			
rs139073773					upstream_gene_variant	HLA-C		ENST00000494158	upstream_gene_variant	MODIFIER	retained_intron			
rs139073773					upstream_gene_variant	HLA-C		ENST00000496419	upstream_gene_variant	MODIFIER	retained_intron			
rs139073773					upstream_gene_variant	HLA-C		ENST00000497204	upstream_gene_variant	MODIFIER	retained_intron			
rs139073773					upstream_gene_variant	HLA-C		ENST00000420206	upstream_gene_variant	MODIFIER	protein_coding			
rs139073773					upstream_gene_variant	HLA-C		ENST00000422921	upstream_gene_variant	MODIFIER	protein_coding			
rs139073773					upstream_gene_variant	USP8P1		ENST00000438377	upstream_gene_variant	MODIFIER	processed_pseudogene			
rs139073773					upstream_gene_variant	HLA-C		ENST00000454033	upstream_gene_variant	MODIFIER	protein_coding			
rs139073773					upstream_gene_variant	HLA-C		ENST00000456487	upstream_gene_variant	MODIFIER	protein_coding			
rs139073773					upstream_gene_variant	HLA-C		ENST00000458192	upstream_gene_variant	MODIFIER	protein_coding			
rs139073773					upstream_gene_variant	HLA-C		ENST00000468663	upstream_gene_variant	MODIFIER	retained_intron			
rs139073773					upstream_gene_variant	HLA-C		ENST00000474724	upstream_gene_variant	MODIFIER	retained_intron			
rs139073773					upstream_gene_variant	HLA-C		ENST00000479595	upstream_gene_variant	MODIFIER	nonsense_mediated_decay			
rs139073773					upstream_gene_variant	HLA-C		ENST00000482179	upstream_gene_variant	MODIFIER	retained_intron			
rs139073773					upstream_gene_variant	HLA-C		ENST00000494823	upstream_gene_variant	MODIFIER	retained_intron			
rs139073773					upstream_gene_variant	HLA-C		ENST00000495635	upstream_gene_variant	MODIFIER	retained_intron			
rs139073773					upstream_gene_variant	HLA-C		ENST00000495725	upstream_gene_variant	MODIFIER	processed_transcript			
rs139073773					upstream_gene_variant	HLA-C		ENST00000414249	upstream_gene_variant	MODIFIER	protein_coding			
rs139073773					upstream_gene_variant	USP8P1		ENST00000415606	upstream_gene_variant	MODIFIER	processed_pseudogene			
rs139073773					upstream_gene_variant	HLA-C		ENST00000419590	upstream_gene_variant	MODIFIER	protein_coding			
rs139073773					upstream_gene_variant	HLA-C		ENST00000437368	upstream_gene_variant	MODIFIER	protein_coding			
rs139073773					upstream_gene_variant	HLA-C		ENST00000438171	upstream_gene_variant	MODIFIER	protein_coding			
rs139073773					upstream_gene_variant	HLA-C		ENST00000453809	upstream_gene_variant	MODIFIER	protein_coding			
rs139073773					upstream_gene_variant	HLA-C		ENST00000459694	upstream_gene_variant	MODIFIER	retained_intron			
rs139073773					upstream_gene_variant	HLA-C		ENST00000465497	upstream_gene_variant	MODIFIER	retained_intron			
rs139073773					upstream_gene_variant	HLA-C		ENST00000480429	upstream_gene_variant	MODIFIER	retained_intron			
rs139073773					upstream_gene_variant	HLA-C		ENST00000487551	upstream_gene_variant	MODIFIER	retained_intron			
rs139073773					upstream_gene_variant	HLA-C		ENST00000488273	upstream_gene_variant	MODIFIER	nonsense_mediated_decay			
rs139073773					upstream_gene_variant	HLA-C		ENST00000495207	upstream_gene_variant	MODIFIER	retained_intron			
rs139073773					upstream_gene_variant	HLA-C		ENST00000495898	upstream_gene_variant	MODIFIER	processed_transcript			
rs139073773					upstream_gene_variant	HLA-C		ENST00000552865	upstream_gene_variant	MODIFIER	protein_coding			
rs139073773					upstream_gene_variant	HLA-C		ENST00000419135	upstream_gene_variant	MODIFIER	protein_coding			
rs139073773					upstream_gene_variant	HLA-C		ENST00000429840	upstream_gene_variant	MODIFIER	protein_coding			
rs139073773					upstream_gene_variant	HLA-C		ENST00000433153	upstream_gene_variant	MODIFIER	protein_coding			
rs139073773					upstream_gene_variant	HLA-C		ENST00000445075	upstream_gene_variant	MODIFIER	protein_coding			
rs139073773					upstream_gene_variant	USP8P1		ENST00000445362	upstream_gene_variant	MODIFIER	processed_pseudogene			
rs139073773					upstream_gene_variant	HLA-C		ENST00000457903	upstream_gene_variant	MODIFIER	protein_coding			
rs139073773					upstream_gene_variant	HLA-C		ENST00000467922	upstream_gene_variant	MODIFIER	retained_intron			
rs139073773					upstream_gene_variant	HLA-C		ENST00000475452	upstream_gene_variant	MODIFIER	retained_intron			
rs139073773					upstream_gene_variant	HLA-C		ENST00000479546	upstream_gene_variant	MODIFIER	processed_transcript			
rs139073773					upstream_gene_variant	HLA-C		ENST00000481588	upstream_gene_variant	MODIFIER	retained_intron			
rs139073773					upstream_gene_variant	HLA-C		ENST00000482006	upstream_gene_variant	MODIFIER	retained_intron			
rs139073773					upstream_gene_variant	HLA-C		ENST00000490960	upstream_gene_variant	MODIFIER	retained_intron			
rs139073773					upstream_gene_variant	HLA-C		ENST00000491984	upstream_gene_variant	MODIFIER	nonsense_mediated_decay			
rs139073773					upstream_gene_variant	USP8P1		ENST00000552040	upstream_gene_variant	MODIFIER	pseudogene			
rs139073773					upstream_gene_variant	HLA-C		ENST00000383323	upstream_gene_variant	MODIFIER	protein_coding			
rs139073773					upstream_gene_variant	HLA-C		ENST00000400394	upstream_gene_variant	MODIFIER	protein_coding			
rs139073773					upstream_gene_variant	HLA-C		ENST00000400395	upstream_gene_variant	MODIFIER	protein_coding			
rs139073773					upstream_gene_variant	USP8P1		ENST00000430926	upstream_gene_variant	MODIFIER	processed_pseudogene			
rs139073773					upstream_gene_variant	HLA-C		ENST00000434884	upstream_gene_variant	MODIFIER	protein_coding			
rs139073773					upstream_gene_variant	HLA-C		ENST00000448362	upstream_gene_variant	MODIFIER	protein_coding			
rs139073773					upstream_gene_variant	HLA-C		ENST00000461285	upstream_gene_variant	MODIFIER	retained_intron			
rs139073773					upstream_gene_variant	HLA-C		ENST00000469544	upstream_gene_variant	MODIFIER	nonsense_mediated_decay			
rs139073773					upstream_gene_variant	HLA-C		ENST00000479527	upstream_gene_variant	MODIFIER	retained_intron			
rs139073773					upstream_gene_variant	HLA-C		ENST00000489993	upstream_gene_variant	MODIFIER	retained_intron			
rs139073773					upstream_gene_variant	HLA-C		ENST00000494871	upstream_gene_variant	MODIFIER	processed_transcript			
rs139073773					upstream_gene_variant	HLA-C		ENST00000495614	upstream_gene_variant	MODIFIER	retained_intron			
rs139073773					upstream_gene_variant	HLA-C		ENST00000498011	upstream_gene_variant	MODIFIER	retained_intron			
rs139073773					upstream_gene_variant	USP8P1		ENST00000551978	upstream_gene_variant	MODIFIER	pseudogene			
rs139073773					upstream_gene_variant	HLA-C		ENST00000383483	upstream_gene_variant	MODIFIER	protein_coding			
rs139073773					upstream_gene_variant	HLA-C		ENST00000383487	upstream_gene_variant	MODIFIER	protein_coding			
rs139073773					upstream_gene_variant	HLA-C		ENST00000400341	upstream_gene_variant	MODIFIER	protein_coding			
rs139073773					upstream_gene_variant	HLA-C		ENST00000449884	upstream_gene_variant	MODIFIER	protein_coding			
rs139073773					upstream_gene_variant	USP8P1		ENST00000454254	upstream_gene_variant	MODIFIER	processed_pseudogene			
rs139073773					upstream_gene_variant	HLA-C		ENST00000458668	upstream_gene_variant	MODIFIER	protein_coding			
rs139073773					upstream_gene_variant	HLA-C		ENST00000461470	upstream_gene_variant	MODIFIER	retained_intron			
rs139073773					upstream_gene_variant	HLA-C		ENST00000461937	upstream_gene_variant	MODIFIER	nonsense_mediated_decay			
rs139073773					upstream_gene_variant	HLA-C		ENST00000464623	upstream_gene_variant	MODIFIER	retained_intron			
rs139073773					upstream_gene_variant	HLA-C		ENST00000470176	upstream_gene_variant	MODIFIER	retained_intron			
rs139073773					upstream_gene_variant	HLA-C		ENST00000485321	upstream_gene_variant	MODIFIER	nonsense_mediated_decay			
rs139073773					upstream_gene_variant	HLA-C		ENST00000486729	upstream_gene_variant	MODIFIER	retained_intron			
rs139073773					upstream_gene_variant	HLA-C		ENST00000488240	upstream_gene_variant	MODIFIER	retained_intron			
rs139073773					upstream_gene_variant	USP8P1		ENST00000552640	upstream_gene_variant	MODIFIER	pseudogene			
rs7755852					upstream_gene_variant	XXbac-BPG248L24.10		ENST00000421191	upstream_gene_variant	MODIFIER	unprocessed_pseudogene			
rs7755852					upstream_gene_variant	XXbac-BPG248L24.10		ENST00000434529	upstream_gene_variant	MODIFIER	unprocessed_pseudogene			
rs7755852					upstream_gene_variant	AL662833.2		ENST00000551929	upstream_gene_variant	MODIFIER	pseudogene			
rs7755852					upstream_gene_variant	XXbac-BPG248L24.10		ENST00000421079	upstream_gene_variant	MODIFIER	unprocessed_pseudogene			
rs7755852					upstream_gene_variant	CR759814.1		ENST00000551385	upstream_gene_variant	MODIFIER	pseudogene			
rs7755852					upstream_gene_variant	XXbac-BPG248L24.10		ENST00000453916	upstream_gene_variant	MODIFIER	unprocessed_pseudogene			
rs7755852					upstream_gene_variant	XXbac-BPG248L24.10		ENST00000450959	upstream_gene_variant	MODIFIER	unprocessed_pseudogene			
rs7755852					upstream_gene_variant	XXbac-BPG248L24.10		ENST00000445527	upstream_gene_variant	MODIFIER	unprocessed_pseudogene			
rs7755852					upstream_gene_variant	XXbac-BPG248L24.10		ENST00000445972	upstream_gene_variant	MODIFIER	unprocessed_pseudogene			
rs11961408					downstream_gene_variant	HLA-B		ENST00000412585	downstream_gene_variant	MODIFIER	protein_coding			
rs11961408					downstream_gene_variant	HLA-B		ENST00000481849	downstream_gene_variant	MODIFIER	retained_intron			
rs11961408					downstream_gene_variant	HLA-B		ENST00000497377	downstream_gene_variant	MODIFIER	retained_intron			
rs11961408					downstream_gene_variant	HLA-B		ENST00000416726	downstream_gene_variant	MODIFIER	protein_coding			
rs11961408					downstream_gene_variant	HLA-B		ENST00000425848	downstream_gene_variant	MODIFIER	protein_coding			
rs11961408					downstream_gene_variant	HLA-B		ENST00000472294	downstream_gene_variant	MODIFIER	retained_intron			
rs11961408					downstream_gene_variant	HLA-B		ENST00000473379	downstream_gene_variant	MODIFIER	retained_intron			
rs11961408					intergenic_variant				intergenic_variant					
rs11961408					downstream_gene_variant	HLA-B		ENST00000435618	downstream_gene_variant	MODIFIER	protein_coding			
rs11961408					downstream_gene_variant	HLA-B		ENST00000436729	downstream_gene_variant	MODIFIER	protein_coding			
rs11961408					downstream_gene_variant	HLA-B		ENST00000488367	downstream_gene_variant	MODIFIER	retained_intron			
rs11961408					downstream_gene_variant	HLA-B		ENST00000492573	downstream_gene_variant	MODIFIER	retained_intron			
rs11961408					downstream_gene_variant	HLA-B		ENST00000425798	downstream_gene_variant	MODIFIER	protein_coding			
rs11961408					downstream_gene_variant	HLA-B		ENST00000450871	downstream_gene_variant	MODIFIER	protein_coding			
rs11961408					downstream_gene_variant	HLA-B		ENST00000488641	downstream_gene_variant	MODIFIER	retained_intron			
rs11961408					downstream_gene_variant	HLA-B		ENST00000494335	downstream_gene_variant	MODIFIER	retained_intron			
rs11961408					downstream_gene_variant	HLA-B		ENST00000359635	downstream_gene_variant	MODIFIER	protein_coding			
rs11961408					downstream_gene_variant	HLA-B		ENST00000418147	downstream_gene_variant	MODIFIER	protein_coding			
rs11961408					downstream_gene_variant	HLA-B		ENST00000479990	downstream_gene_variant	MODIFIER	retained_intron			
rs11961408					downstream_gene_variant	HLA-B		ENST00000490054	downstream_gene_variant	MODIFIER	retained_intron			
rs11961408					downstream_gene_variant	HLA-B		ENST00000421349	downstream_gene_variant	MODIFIER	protein_coding			
rs11961408					downstream_gene_variant	HLA-B		ENST00000437265	downstream_gene_variant	MODIFIER	protein_coding			
rs11961408					downstream_gene_variant	HLA-B		ENST00000463600	downstream_gene_variant	MODIFIER	retained_intron			
rs11961408					downstream_gene_variant	HLA-B		ENST00000491669	downstream_gene_variant	MODIFIER	retained_intron			
rs2534653					upstream_gene_variant	MCCD1		ENST00000376191	upstream_gene_variant	MODIFIER	protein_coding			
rs2534653					upstream_gene_variant	PPIAP9		ENST00000403866	upstream_gene_variant	MODIFIER	processed_pseudogene			
rs2534653					upstream_gene_variant	RPL15P4		ENST00000416625	upstream_gene_variant	MODIFIER	processed_pseudogene			
rs2534653					upstream_gene_variant	MCCD1		ENST00000424816	upstream_gene_variant	MODIFIER	protein_coding			
rs2534653					upstream_gene_variant	PPIAP9		ENST00000440658	upstream_gene_variant	MODIFIER	processed_pseudogene			
rs2534653					upstream_gene_variant	RPL15P4		ENST00000450413	upstream_gene_variant	MODIFIER	processed_pseudogene			
rs2534653					upstream_gene_variant	PPIAP9		ENST00000550294	upstream_gene_variant	MODIFIER	processed_pseudogene			
rs2534653					upstream_gene_variant	RPL15P4		ENST00000417590	upstream_gene_variant	MODIFIER	processed_pseudogene			
rs2534653					upstream_gene_variant	MCCD1		ENST00000421209	upstream_gene_variant	MODIFIER	protein_coding			
rs2534653					upstream_gene_variant	PPIAP9		ENST00000443635	upstream_gene_variant	MODIFIER	processed_pseudogene			
rs2534653					upstream_gene_variant	PPIAP9		ENST00000447554	upstream_gene_variant	MODIFIER	processed_pseudogene			
rs2534653					upstream_gene_variant	MCCD1		ENST00000452195	upstream_gene_variant	MODIFIER	protein_coding			
rs2534653					upstream_gene_variant	RPL15P4		ENST00000456043	upstream_gene_variant	MODIFIER	processed_pseudogene			
rs2534653					upstream_gene_variant	RPL15P4		ENST00000419391	upstream_gene_variant	MODIFIER	processed_pseudogene			
rs2534653					upstream_gene_variant	PPIAP9		ENST00000420447	upstream_gene_variant	MODIFIER	processed_pseudogene			
rs2534653					upstream_gene_variant	MCCD1		ENST00000443405	upstream_gene_variant	MODIFIER	protein_coding			
rs2534653					upstream_gene_variant	MCCD1		ENST00000430073	upstream_gene_variant	MODIFIER	protein_coding			
rs2534653					upstream_gene_variant	PPIAP9		ENST00000443254	upstream_gene_variant	MODIFIER	processed_pseudogene			
rs2534653					upstream_gene_variant	RPL15P4		ENST00000451666	upstream_gene_variant	MODIFIER	processed_pseudogene			
rs2534653					upstream_gene_variant	MCCD1		ENST00000383512	upstream_gene_variant	MODIFIER	protein_coding			
rs2534653					upstream_gene_variant	PPIAP9		ENST00000418291	upstream_gene_variant	MODIFIER	processed_pseudogene			
rs2534653					upstream_gene_variant	RPL15P4		ENST00000457032	upstream_gene_variant	MODIFIER	processed_pseudogene			
rs2534653					upstream_gene_variant	MCCD1		ENST00000422733	upstream_gene_variant	MODIFIER	protein_coding			
rs2534653					upstream_gene_variant	PPIAP9		ENST00000442288	upstream_gene_variant	MODIFIER	processed_pseudogene			
rs2534653					upstream_gene_variant	RPL15P4		ENST00000445480	upstream_gene_variant	MODIFIER	processed_pseudogene			
rs1053924					non_coding_transcript_exon_variant	PRRT1		ENST00000211413	upstream_gene_variant	MODIFIER	protein_coding			
rs1053924					non_coding_transcript_exon_variant	PPT2		ENST00000324816	upstream_gene_variant	MODIFIER	protein_coding			
rs1053924					non_coding_transcript_exon_variant	PPT2		ENST00000361568	upstream_gene_variant	MODIFIER	protein_coding			
rs1053924					non_coding_transcript_exon_variant	PPT2		ENST00000375137	upstream_gene_variant	MODIFIER	protein_coding			
rs1053924					non_coding_transcript_exon_variant	PPT2		ENST00000375143	upstream_gene_variant	MODIFIER	protein_coding			
rs1053924					non_coding_transcript_exon_variant	PRRT1		ENST00000375150	intron_variant	MODIFIER	protein_coding			
rs1053924					non_coding_transcript_exon_variant	PRRT1		ENST00000375152	upstream_gene_variant	MODIFIER	protein_coding			
rs1053924					non_coding_transcript_exon_variant	PPT2		ENST00000395523	upstream_gene_variant	MODIFIER	protein_coding			
rs1053924					non_coding_transcript_exon_variant	PPT2		ENST00000414204	upstream_gene_variant	MODIFIER	protein_coding			
rs1053924					non_coding_transcript_exon_variant	PPT2		ENST00000424499	upstream_gene_variant	MODIFIER	protein_coding			
rs1053924					non_coding_transcript_exon_variant	PRRT1		ENST00000428778	intron_variant	MODIFIER	protein_coding			
rs1053924					non_coding_transcript_exon_variant	PPT2		ENST00000436118	upstream_gene_variant	MODIFIER	nonsense_mediated_decay			
rs1053924					non_coding_transcript_exon_variant	PPT2		ENST00000437001	upstream_gene_variant	MODIFIER	protein_coding			
rs1053924					non_coding_transcript_exon_variant	PPT2		ENST00000445576	upstream_gene_variant	MODIFIER	protein_coding			
rs1053924					non_coding_transcript_exon_variant	PPT2		ENST00000465047	upstream_gene_variant	MODIFIER	processed_transcript			
rs1053924					non_coding_transcript_exon_variant	PRRT1		ENST00000467780	upstream_gene_variant	MODIFIER	processed_transcript			
rs1053924					non_coding_transcript_exon_variant	PRRT1		ENST00000472641	upstream_gene_variant	MODIFIER	processed_transcript			
rs1053924					non_coding_transcript_exon_variant	PRRT1		ENST00000475826	downstream_gene_variant	MODIFIER	processed_transcript			
rs1053924					non_coding_transcript_exon_variant	PPT2		ENST00000478521	upstream_gene_variant	MODIFIER	processed_transcript			
rs1053924					non_coding_transcript_exon_variant	PRRT1		ENST00000485392	non_coding_transcript_exon_variant	MODIFIER	processed_transcript			
rs1053924					non_coding_transcript_exon_variant	PRRT1		ENST00000486917	intron_variant,non_coding_transcript_variant	MODIFIER	processed_transcript			
rs1053924					non_coding_transcript_exon_variant	PPT2		ENST00000493548	upstream_gene_variant	MODIFIER	processed_transcript			
rs1053924					non_coding_transcript_exon_variant	PRRT1		ENST00000494332	downstream_gene_variant	MODIFIER	processed_transcript			
rs1053924					non_coding_transcript_exon_variant	PRRT1		ENST00000495191	upstream_gene_variant	MODIFIER	retained_intron			
rs1053924					non_coding_transcript_exon_variant	PPT2		ENST00000495908	upstream_gene_variant	MODIFIER	retained_intron			
rs1053924					non_coding_transcript_exon_variant	PRRT1		ENST00000497552	non_coding_transcript_exon_variant	MODIFIER	processed_transcript			
rs1053924					non_coding_transcript_exon_variant	PRRT1		ENST00000498575	non_coding_transcript_exon_variant	MODIFIER	processed_transcript			
rs1053924					non_coding_transcript_exon_variant	PPT2		ENST00000412651	upstream_gene_variant	MODIFIER	protein_coding			
rs1053924					non_coding_transcript_exon_variant	PPT2		ENST00000413836	upstream_gene_variant	MODIFIER	protein_coding			
rs1053924					non_coding_transcript_exon_variant	PPT2		ENST00000416892	upstream_gene_variant	MODIFIER	protein_coding			
rs1053924					non_coding_transcript_exon_variant	PPT2		ENST00000418283	upstream_gene_variant	MODIFIER	protein_coding			
rs1053924					non_coding_transcript_exon_variant	PPT2		ENST00000440533	upstream_gene_variant	MODIFIER	protein_coding			
rs1053924					non_coding_transcript_exon_variant	PRRT1		ENST00000444218	intron_variant	MODIFIER	protein_coding			
rs1053924					non_coding_transcript_exon_variant	PRRT1		ENST00000445122	intron_variant	MODIFIER	protein_coding			
rs1053924					non_coding_transcript_exon_variant	PPT2		ENST00000445462	upstream_gene_variant	MODIFIER	protein_coding			
rs1053924					non_coding_transcript_exon_variant	PRRT1		ENST00000451329	upstream_gene_variant	MODIFIER	protein_coding			
rs1053924					non_coding_transcript_exon_variant	PPT2		ENST00000451460	upstream_gene_variant	MODIFIER	protein_coding			
rs1053924					non_coding_transcript_exon_variant	PPT2		ENST00000457509	upstream_gene_variant	MODIFIER	protein_coding			
rs1053924					non_coding_transcript_exon_variant	PRRT1		ENST00000460171	upstream_gene_variant	MODIFIER	retained_intron			
rs1053924					non_coding_transcript_exon_variant	PPT2		ENST00000460990	upstream_gene_variant	MODIFIER	processed_transcript			
rs1053924					non_coding_transcript_exon_variant	PRRT1		ENST00000463986	downstream_gene_variant	MODIFIER	processed_transcript			
rs1053924					non_coding_transcript_exon_variant	PRRT1		ENST00000476516	non_coding_transcript_exon_variant	MODIFIER	processed_transcript			
rs1053924					non_coding_transcript_exon_variant	PRRT1		ENST00000477877	non_coding_transcript_exon_variant	MODIFIER	processed_transcript			
rs1053924					non_coding_transcript_exon_variant	PPT2		ENST00000480383	upstream_gene_variant	MODIFIER	nonsense_mediated_decay			
rs1053924					non_coding_transcript_exon_variant	PPT2		ENST00000483803	upstream_gene_variant	MODIFIER	nonsense_mediated_decay			
rs1053924					non_coding_transcript_exon_variant	PRRT1		ENST00000484522	upstream_gene_variant	MODIFIER	processed_transcript			
rs1053924					non_coding_transcript_exon_variant	PPT2		ENST00000486923	upstream_gene_variant	MODIFIER	processed_transcript			
rs1053924					non_coding_transcript_exon_variant	PRRT1		ENST00000487768	intron_variant,non_coding_transcript_variant	MODIFIER	processed_transcript			
rs1053924					non_coding_transcript_exon_variant	PRRT1		ENST00000488501	upstream_gene_variant	MODIFIER	processed_transcript			
rs1053924					non_coding_transcript_exon_variant	PPT2		ENST00000488579	upstream_gene_variant	MODIFIER	nonsense_mediated_decay			
rs1053924					non_coding_transcript_exon_variant	PPT2		ENST00000489122	upstream_gene_variant	MODIFIER	retained_intron			
rs1053924					non_coding_transcript_exon_variant	PPT2		ENST00000491244	upstream_gene_variant	MODIFIER	retained_intron			
rs1053924					non_coding_transcript_exon_variant	PRRT1		ENST00000492056	non_coding_transcript_exon_variant	MODIFIER	processed_transcript			
rs1053924					non_coding_transcript_exon_variant	PRRT1		ENST00000494041	downstream_gene_variant	MODIFIER	processed_transcript			
rs1053924					non_coding_transcript_exon_variant	PPT2		ENST00000494265	upstream_gene_variant	MODIFIER	processed_transcript			
rs1053924					non_coding_transcript_exon_variant	PPT2		ENST00000547565	upstream_gene_variant	MODIFIER	protein_coding			
rs1053924					non_coding_transcript_exon_variant	PPT2		ENST00000550796	upstream_gene_variant	MODIFIER	protein_coding			
rs1053924					non_coding_transcript_exon_variant	PRRT1		ENST00000552684	upstream_gene_variant	MODIFIER	protein_coding			
rs1053924					non_coding_transcript_exon_variant	PPT2		ENST00000383152	upstream_gene_variant	MODIFIER	protein_coding			
rs1053924					non_coding_transcript_exon_variant	PPT2		ENST00000399660	upstream_gene_variant	MODIFIER	protein_coding			
rs1053924					non_coding_transcript_exon_variant	PPT2		ENST00000399662	upstream_gene_variant	MODIFIER	protein_coding			
rs1053924					non_coding_transcript_exon_variant	PPT2		ENST00000399665	upstream_gene_variant	MODIFIER	protein_coding			
rs1053924					non_coding_transcript_exon_variant	PRRT1		ENST00000419655	upstream_gene_variant	MODIFIER	protein_coding			
rs1053924					non_coding_transcript_exon_variant	PRRT1		ENST00000423671	intron_variant	MODIFIER	protein_coding			
rs1053924					non_coding_transcript_exon_variant	PPT2		ENST00000433748	upstream_gene_variant	MODIFIER	protein_coding			
rs1053924					non_coding_transcript_exon_variant	PRRT1		ENST00000437574	intron_variant	MODIFIER	protein_coding			
rs1053924					non_coding_transcript_exon_variant	PPT2		ENST00000441396	upstream_gene_variant	MODIFIER	protein_coding			
rs1053924					non_coding_transcript_exon_variant	PPT2		ENST00000446563	upstream_gene_variant	MODIFIER	protein_coding			
rs1053924					non_coding_transcript_exon_variant	PPT2		ENST00000458119	upstream_gene_variant	MODIFIER	protein_coding			
rs1053924					non_coding_transcript_exon_variant	PRRT1		ENST00000464136	upstream_gene_variant	MODIFIER	retained_intron			
rs1053924					non_coding_transcript_exon_variant	PRRT1		ENST00000464188	upstream_gene_variant	MODIFIER	processed_transcript			
rs1053924					non_coding_transcript_exon_variant	PRRT1		ENST00000466536	non_coding_transcript_exon_variant	MODIFIER	processed_transcript			
rs1053924					non_coding_transcript_exon_variant	PRRT1		ENST00000470230	intron_variant,non_coding_transcript_variant	MODIFIER	processed_transcript			
rs1053924					non_coding_transcript_exon_variant	PRRT1		ENST00000470242	non_coding_transcript_exon_variant	MODIFIER	processed_transcript			
rs1053924					non_coding_transcript_exon_variant	PPT2		ENST00000470327	upstream_gene_variant	MODIFIER	processed_transcript			
rs1053924					non_coding_transcript_exon_variant	PRRT1		ENST00000471346	downstream_gene_variant	MODIFIER	processed_transcript			
rs1053924					non_coding_transcript_exon_variant	PPT2		ENST00000474480	upstream_gene_variant	MODIFIER	processed_transcript			
rs1053924					non_coding_transcript_exon_variant	PRRT1		ENST00000476447	downstream_gene_variant	MODIFIER	processed_transcript			
rs1053924					non_coding_transcript_exon_variant	PPT2		ENST00000480985	upstream_gene_variant	MODIFIER	processed_transcript			
rs1053924					non_coding_transcript_exon_variant	PPT2		ENST00000484132	upstream_gene_variant	MODIFIER	retained_intron			
rs1053924					non_coding_transcript_exon_variant	PRRT1		ENST00000487140	non_coding_transcript_exon_variant	MODIFIER	processed_transcript			
rs1053924					non_coding_transcript_exon_variant	PRRT1		ENST00000488855	upstream_gene_variant	MODIFIER	processed_transcript			
rs1053924					non_coding_transcript_exon_variant	PPT2		ENST00000547646	upstream_gene_variant	MODIFIER	protein_coding			
rs1053924					non_coding_transcript_exon_variant	PRRT1		ENST00000548904	upstream_gene_variant	MODIFIER	protein_coding			
rs1053924					non_coding_transcript_exon_variant	PPT2		ENST00000551703	upstream_gene_variant	MODIFIER	protein_coding			
rs1053924					non_coding_transcript_exon_variant	PPT2		ENST00000415972	upstream_gene_variant	MODIFIER	protein_coding			
rs1053924					non_coding_transcript_exon_variant	PPT2		ENST00000416489	upstream_gene_variant	MODIFIER	protein_coding			
rs1053924					non_coding_transcript_exon_variant	PRRT1		ENST00000418753	intron_variant	MODIFIER	protein_coding			
rs1053924					non_coding_transcript_exon_variant	PPT2		ENST00000424667	upstream_gene_variant	MODIFIER	protein_coding			
rs1053924					non_coding_transcript_exon_variant	PRRT1		ENST00000425067	intron_variant	MODIFIER	protein_coding			
rs1053924					non_coding_transcript_exon_variant	PPT2		ENST00000425659	upstream_gene_variant	MODIFIER	protein_coding			
rs1053924					non_coding_transcript_exon_variant	PPT2		ENST00000427896	upstream_gene_variant	MODIFIER	protein_coding			
rs1053924					non_coding_transcript_exon_variant	PPT2		ENST00000429189	upstream_gene_variant	MODIFIER	protein_coding			
rs1053924					non_coding_transcript_exon_variant	PRRT1		ENST00000444466	upstream_gene_variant	MODIFIER	protein_coding			
rs1053924					non_coding_transcript_exon_variant	PPT2		ENST00000458042	upstream_gene_variant	MODIFIER	protein_coding			
rs1053924					non_coding_transcript_exon_variant	PPT2		ENST00000458738	upstream_gene_variant	MODIFIER	protein_coding			
rs1053924					non_coding_transcript_exon_variant	PPT2		ENST00000467040	upstream_gene_variant	MODIFIER	protein_coding			
rs1053924					non_coding_transcript_exon_variant	PRRT1		ENST00000467781	upstream_gene_variant	MODIFIER	processed_transcript			
rs1053924					non_coding_transcript_exon_variant	PRRT1		ENST00000469199	downstream_gene_variant	MODIFIER	processed_transcript			
rs1053924					non_coding_transcript_exon_variant	PPT2		ENST00000469283	upstream_gene_variant	MODIFIER	protein_coding			
rs1053924					non_coding_transcript_exon_variant	PRRT1		ENST00000471078	non_coding_transcript_exon_variant	MODIFIER	processed_transcript			
rs1053924					non_coding_transcript_exon_variant	PRRT1		ENST00000477433	non_coding_transcript_exon_variant	MODIFIER	processed_transcript			
rs1053924					non_coding_transcript_exon_variant	PPT2		ENST00000478621	upstream_gene_variant	MODIFIER	protein_coding			
rs1053924					non_coding_transcript_exon_variant	PPT2		ENST00000483096	upstream_gene_variant	MODIFIER	retained_intron			
rs1053924					non_coding_transcript_exon_variant	PRRT1		ENST00000483352	upstream_gene_variant	MODIFIER	retained_intron			
rs1053924					non_coding_transcript_exon_variant	PPT2		ENST00000486179	upstream_gene_variant	MODIFIER	retained_intron			
rs1053924					non_coding_transcript_exon_variant	PPT2		ENST00000487203	upstream_gene_variant	MODIFIER	processed_transcript			
rs1053924					non_coding_transcript_exon_variant	PRRT1		ENST00000487441	downstream_gene_variant	MODIFIER	processed_transcript			
rs1053924					non_coding_transcript_exon_variant	PRRT1		ENST00000488159	upstream_gene_variant	MODIFIER	processed_transcript			
rs1053924					non_coding_transcript_exon_variant	PRRT1		ENST00000489854	non_coding_transcript_exon_variant	MODIFIER	processed_transcript			
rs1053924					non_coding_transcript_exon_variant	PRRT1		ENST00000489899	intron_variant,non_coding_transcript_variant	MODIFIER	processed_transcript			
rs1053924					non_coding_transcript_exon_variant	PPT2		ENST00000496405	upstream_gene_variant	MODIFIER	processed_transcript			
rs1053924					non_coding_transcript_exon_variant	PPT2		ENST00000496715	upstream_gene_variant	MODIFIER	processed_transcript			
rs1053924					non_coding_transcript_exon_variant	PRRT1		ENST00000552325	upstream_gene_variant	MODIFIER	protein_coding			
rs1053924					non_coding_transcript_exon_variant	PPT2		ENST00000414356	upstream_gene_variant	MODIFIER	protein_coding			
rs1053924					non_coding_transcript_exon_variant	PRRT1		ENST00000419839	intron_variant	MODIFIER	protein_coding			
rs1053924					non_coding_transcript_exon_variant	PPT2		ENST00000420778	upstream_gene_variant	MODIFIER	protein_coding			
rs1053924					non_coding_transcript_exon_variant	PPT2		ENST00000424311	upstream_gene_variant	MODIFIER	protein_coding			
rs1053924					non_coding_transcript_exon_variant	PRRT1		ENST00000425739	intron_variant	MODIFIER	protein_coding			
rs1053924					non_coding_transcript_exon_variant	PPT2		ENST00000427556	upstream_gene_variant	MODIFIER	protein_coding			
rs1053924					non_coding_transcript_exon_variant	PPT2		ENST00000431414	upstream_gene_variant	MODIFIER	protein_coding			
rs1053924					non_coding_transcript_exon_variant	PPT2		ENST00000437214	upstream_gene_variant	MODIFIER	protein_coding			
rs1053924					non_coding_transcript_exon_variant	PPT2		ENST00000443321	upstream_gene_variant	MODIFIER	protein_coding			
rs1053924					non_coding_transcript_exon_variant	PPT2		ENST00000452562	upstream_gene_variant	MODIFIER	protein_coding			
rs1053924					non_coding_transcript_exon_variant	PRRT1		ENST00000456814	upstream_gene_variant	MODIFIER	protein_coding			
rs1053924					non_coding_transcript_exon_variant	PRRT1		ENST00000463187	non_coding_transcript_exon_variant	MODIFIER	processed_transcript			
rs1053924					non_coding_transcript_exon_variant	PRRT1		ENST00000467682	downstream_gene_variant	MODIFIER	processed_transcript			
rs1053924					non_coding_transcript_exon_variant	PRRT1		ENST00000469527	intron_variant,non_coding_transcript_variant	MODIFIER	processed_transcript			
rs1053924					non_coding_transcript_exon_variant	PPT2		ENST00000470778	upstream_gene_variant	MODIFIER	retained_intron			
rs1053924					non_coding_transcript_exon_variant	PRRT1		ENST00000474285	downstream_gene_variant	MODIFIER	processed_transcript			
rs1053924					non_coding_transcript_exon_variant	PPT2		ENST00000475159	upstream_gene_variant	MODIFIER	processed_transcript			
rs1053924					non_coding_transcript_exon_variant	PPT2		ENST00000476214	upstream_gene_variant	MODIFIER	nonsense_mediated_decay			
rs1053924					non_coding_transcript_exon_variant	PRRT1		ENST00000476591	upstream_gene_variant	MODIFIER	processed_transcript			
rs1053924					non_coding_transcript_exon_variant	PPT2		ENST00000477785	upstream_gene_variant	MODIFIER	processed_transcript			
rs1053924					non_coding_transcript_exon_variant	PPT2		ENST00000478187	upstream_gene_variant	MODIFIER	retained_intron			
rs1053924					non_coding_transcript_exon_variant	PRRT1		ENST00000483016	upstream_gene_variant	MODIFIER	retained_intron			
rs1053924					non_coding_transcript_exon_variant	PPT2		ENST00000483049	upstream_gene_variant	MODIFIER	processed_transcript			
rs1053924					non_coding_transcript_exon_variant	PRRT1		ENST00000488112	upstream_gene_variant	MODIFIER	processed_transcript			
rs1053924					non_coding_transcript_exon_variant	PPT2		ENST00000490624	upstream_gene_variant	MODIFIER	nonsense_mediated_decay			
rs1053924					non_coding_transcript_exon_variant	PPT2		ENST00000492976	upstream_gene_variant	MODIFIER	nonsense_mediated_decay			
rs1053924					non_coding_transcript_exon_variant	PRRT1		ENST00000497420	non_coding_transcript_exon_variant	MODIFIER	processed_transcript			
rs1053924					non_coding_transcript_exon_variant	PRRT1		ENST00000498291	non_coding_transcript_exon_variant	MODIFIER	processed_transcript			
rs1053924					non_coding_transcript_exon_variant	PPT2		ENST00000549544	upstream_gene_variant	MODIFIER	protein_coding			
rs1053924					non_coding_transcript_exon_variant	PRRT1		ENST00000551958	upstream_gene_variant	MODIFIER	protein_coding			
rs1053924					non_coding_transcript_exon_variant	PPT2		ENST00000552922	upstream_gene_variant	MODIFIER	protein_coding			
rs1053924					non_coding_transcript_exon_variant	PPT2		ENST00000423347	upstream_gene_variant	MODIFIER	protein_coding			
rs1053924					non_coding_transcript_exon_variant	PPT2		ENST00000424353	upstream_gene_variant	MODIFIER	protein_coding			
rs1053924					non_coding_transcript_exon_variant	PPT2		ENST00000426325	upstream_gene_variant	MODIFIER	protein_coding			
rs1053924					non_coding_transcript_exon_variant	PPT2		ENST00000426390	upstream_gene_variant	MODIFIER	protein_coding			
rs1053924					non_coding_transcript_exon_variant	PRRT1		ENST00000439937	intron_variant	MODIFIER	protein_coding			
rs1053924					non_coding_transcript_exon_variant	PPT2		ENST00000440507	upstream_gene_variant	MODIFIER	protein_coding			
rs1053924					non_coding_transcript_exon_variant	PRRT1		ENST00000441129	intron_variant	MODIFIER	protein_coding			
rs1053924					non_coding_transcript_exon_variant	PPT2		ENST00000443298	upstream_gene_variant	MODIFIER	protein_coding			
rs1053924					non_coding_transcript_exon_variant	PPT2		ENST00000447703	upstream_gene_variant	MODIFIER	protein_coding			
rs1053924					non_coding_transcript_exon_variant	PPT2		ENST00000452304	upstream_gene_variant	MODIFIER	protein_coding			
rs1053924					non_coding_transcript_exon_variant	PRRT1		ENST00000458719	upstream_gene_variant	MODIFIER	protein_coding			
rs1053924					non_coding_transcript_exon_variant	PPT2		ENST00000459936	upstream_gene_variant	MODIFIER	processed_transcript			
rs1053924					non_coding_transcript_exon_variant	PRRT1		ENST00000461643	downstream_gene_variant	MODIFIER	processed_transcript			
rs1053924					non_coding_transcript_exon_variant	PRRT1		ENST00000465328	upstream_gene_variant	MODIFIER	processed_transcript			
rs1053924					non_coding_transcript_exon_variant	PRRT1		ENST00000465468	downstream_gene_variant	MODIFIER	processed_transcript			
rs1053924					non_coding_transcript_exon_variant	PRRT1		ENST00000469341	intron_variant,non_coding_transcript_variant	MODIFIER	processed_transcript			
rs1053924					non_coding_transcript_exon_variant	PPT2		ENST00000469618	upstream_gene_variant	MODIFIER	processed_transcript			
rs1053924					non_coding_transcript_exon_variant	PRRT1		ENST00000473847	non_coding_transcript_exon_variant	MODIFIER	processed_transcript			
rs1053924					non_coding_transcript_exon_variant	PPT2		ENST00000474530	upstream_gene_variant	MODIFIER	retained_intron			
rs1053924					non_coding_transcript_exon_variant	PRRT1		ENST00000479222	upstream_gene_variant	MODIFIER	retained_intron			
rs1053924					non_coding_transcript_exon_variant	PRRT1		ENST00000480121	non_coding_transcript_exon_variant	MODIFIER	processed_transcript			
rs1053924					non_coding_transcript_exon_variant	PPT2		ENST00000480214	upstream_gene_variant	MODIFIER	retained_intron			
rs1053924					non_coding_transcript_exon_variant	PPT2		ENST00000483565	upstream_gene_variant	MODIFIER	nonsense_mediated_decay			
rs1053924					non_coding_transcript_exon_variant	PPT2		ENST00000490571	upstream_gene_variant	MODIFIER	processed_transcript			
rs1053924					non_coding_transcript_exon_variant	PRRT1		ENST00000494845	non_coding_transcript_exon_variant	MODIFIER	processed_transcript			
rs1053924					non_coding_transcript_exon_variant	PPT2		ENST00000496937	upstream_gene_variant	MODIFIER	nonsense_mediated_decay			
rs1053924					non_coding_transcript_exon_variant	PPT2		ENST00000497702	upstream_gene_variant	MODIFIER	nonsense_mediated_decay			
rs1053924					non_coding_transcript_exon_variant	PRRT1		ENST00000498282	upstream_gene_variant	MODIFIER	processed_transcript			
rs1053924					non_coding_transcript_exon_variant	PPT2		ENST00000548089	upstream_gene_variant	MODIFIER	protein_coding			
rs1053924					non_coding_transcript_exon_variant	PRRT1		ENST00000551213	upstream_gene_variant	MODIFIER	protein_coding			
rs1053924					non_coding_transcript_exon_variant	PPT2		ENST00000551222	upstream_gene_variant	MODIFIER	protein_coding			
rs1053924					non_coding_transcript_exon_variant	PPT2		ENST00000383301	upstream_gene_variant	MODIFIER	protein_coding			
rs1053924					non_coding_transcript_exon_variant	PRRT1		ENST00000383309	intron_variant	MODIFIER	protein_coding			
rs1053924					non_coding_transcript_exon_variant	PPT2		ENST00000399856	upstream_gene_variant	MODIFIER	protein_coding			
rs1053924					non_coding_transcript_exon_variant	PPT2		ENST00000399859	upstream_gene_variant	MODIFIER	protein_coding			
rs1053924					non_coding_transcript_exon_variant	PPT2		ENST00000399860	upstream_gene_variant	MODIFIER	protein_coding			
rs1053924					non_coding_transcript_exon_variant	PRRT1		ENST00000423003	intron_variant	MODIFIER	protein_coding			
rs1053924					non_coding_transcript_exon_variant	PPT2		ENST00000425475	upstream_gene_variant	MODIFIER	protein_coding			
rs1053924					non_coding_transcript_exon_variant	PPT2		ENST00000427642	upstream_gene_variant	MODIFIER	protein_coding			
rs1053924					non_coding_transcript_exon_variant	PPT2		ENST00000433658	upstream_gene_variant	MODIFIER	protein_coding			
rs1053924					non_coding_transcript_exon_variant	PPT2		ENST00000453393	upstream_gene_variant	MODIFIER	protein_coding			
rs1053924					non_coding_transcript_exon_variant	PRRT1		ENST00000454112	upstream_gene_variant	MODIFIER	protein_coding			
rs1053924					non_coding_transcript_exon_variant	PRRT1		ENST00000459795	non_coding_transcript_exon_variant	MODIFIER	processed_transcript			
rs1053924					non_coding_transcript_exon_variant	PRRT1		ENST00000462841	downstream_gene_variant	MODIFIER	processed_transcript			
rs1053924					non_coding_transcript_exon_variant	PPT2		ENST00000469411	upstream_gene_variant	MODIFIER	nonsense_mediated_decay			
rs1053924					non_coding_transcript_exon_variant	PRRT1		ENST00000473568	downstream_gene_variant	MODIFIER	processed_transcript			
rs1053924					non_coding_transcript_exon_variant	PPT2		ENST00000475020	upstream_gene_variant	MODIFIER	protein_coding			
rs1053924					non_coding_transcript_exon_variant	PRRT1		ENST00000480261	upstream_gene_variant	MODIFIER	retained_intron			
rs1053924					non_coding_transcript_exon_variant	PPT2		ENST00000480789	upstream_gene_variant	MODIFIER	retained_intron			
rs1053924					non_coding_transcript_exon_variant	PRRT1		ENST00000480799	non_coding_transcript_exon_variant	MODIFIER	processed_transcript			
rs1053924					non_coding_transcript_exon_variant	PRRT1		ENST00000484089	non_coding_transcript_exon_variant	MODIFIER	processed_transcript			
rs1053924					non_coding_transcript_exon_variant	PRRT1		ENST00000491691	intron_variant,non_coding_transcript_variant	MODIFIER	processed_transcript			
rs1053924					non_coding_transcript_exon_variant	PRRT1		ENST00000493794	upstream_gene_variant	MODIFIER	processed_transcript			
rs1053924					non_coding_transcript_exon_variant	PPT2		ENST00000494953	upstream_gene_variant	MODIFIER	nonsense_mediated_decay			
rs1053924					non_coding_transcript_exon_variant	PRRT1		ENST00000495127	upstream_gene_variant	MODIFIER	processed_transcript			
rs1053924					non_coding_transcript_exon_variant	PPT2		ENST00000546871	upstream_gene_variant	MODIFIER	protein_coding			
rs1053924					non_coding_transcript_exon_variant	PRRT1		ENST00000549696	upstream_gene_variant	MODIFIER	protein_coding			
rs1053924					non_coding_transcript_exon_variant	EGFL8		ENST00000551482	upstream_gene_variant	MODIFIER	protein_coding			
rs1053924					5_prime_UTR_variant	PRRT1		ENST00000414687	upstream_gene_variant	MODIFIER	protein_coding			
rs1053924					5_prime_UTR_variant	PPT2		ENST00000419970	upstream_gene_variant	MODIFIER	protein_coding			
rs1053924					5_prime_UTR_variant	PPT2		ENST00000422988	upstream_gene_variant	MODIFIER	protein_coding			
rs1053924					5_prime_UTR_variant	PPT2		ENST00000429696	upstream_gene_variant	MODIFIER	nonsense_mediated_decay			
rs1053924					5_prime_UTR_variant	PPT2		ENST00000431338	upstream_gene_variant	MODIFIER	protein_coding			
rs1053924					5_prime_UTR_variant	PPT2		ENST00000438385	upstream_gene_variant	MODIFIER	protein_coding			
rs1053924					5_prime_UTR_variant	PPT2		ENST00000442463	upstream_gene_variant	MODIFIER	protein_coding			
rs1053924					5_prime_UTR_variant	PRRT1		ENST00000452030	intron_variant	MODIFIER	protein_coding			
rs1053924					5_prime_UTR_variant	PPT2		ENST00000456497	upstream_gene_variant	MODIFIER	protein_coding			
rs1053924					5_prime_UTR_variant	PRRT1		ENST00000457819	intron_variant	MODIFIER	protein_coding			
rs1053924					5_prime_UTR_variant	PRRT1		ENST00000459890	upstream_gene_variant	MODIFIER	processed_transcript			
rs1053924					5_prime_UTR_variant	PRRT1		ENST00000461462	non_coding_transcript_exon_variant	MODIFIER	processed_transcript			
rs1053924					5_prime_UTR_variant	PPT2		ENST00000462416	upstream_gene_variant	MODIFIER	retained_intron			
rs1053924					5_prime_UTR_variant	PRRT1		ENST00000462634	downstream_gene_variant	MODIFIER	processed_transcript			
rs1053924					5_prime_UTR_variant	PRRT1		ENST00000464533	downstream_gene_variant	MODIFIER	processed_transcript			
rs1053924					5_prime_UTR_variant	PPT2		ENST00000465052	upstream_gene_variant	MODIFIER	processed_transcript			
rs1053924					5_prime_UTR_variant	PRRT1		ENST00000475758	upstream_gene_variant	MODIFIER	processed_transcript			
rs1053924					5_prime_UTR_variant	PRRT1		ENST00000479455	upstream_gene_variant	MODIFIER	retained_intron			
rs1053924					5_prime_UTR_variant	PRRT1		ENST00000482409	non_coding_transcript_exon_variant	MODIFIER	processed_transcript			
rs1053924					5_prime_UTR_variant	PPT2		ENST00000485053	upstream_gene_variant	MODIFIER	nonsense_mediated_decay			
rs1053924					5_prime_UTR_variant	PRRT1		ENST00000485360	non_coding_transcript_exon_variant	MODIFIER	processed_transcript			
rs1053924					5_prime_UTR_variant	PPT2		ENST00000488435	upstream_gene_variant	MODIFIER	nonsense_mediated_decay			
rs1053924					5_prime_UTR_variant	PRRT1		ENST00000490407	intron_variant,non_coding_transcript_variant	MODIFIER	processed_transcript			
rs1053924					5_prime_UTR_variant	PPT2		ENST00000491353	upstream_gene_variant	MODIFIER	retained_intron			
rs1053924					5_prime_UTR_variant	PPT2		ENST00000493225	upstream_gene_variant	MODIFIER	nonsense_mediated_decay			
rs1053924					5_prime_UTR_variant	PPT2		ENST00000493809	upstream_gene_variant	MODIFIER	nonsense_mediated_decay			
rs1053924					5_prime_UTR_variant	PPT2		ENST00000497207	upstream_gene_variant	MODIFIER	retained_intron			
rs1053924					5_prime_UTR_variant	PPT2		ENST00000525601	5_prime_UTR_variant	MODIFIER	protein_coding			
rs1053924					5_prime_UTR_variant	PPT2		ENST00000527704	upstream_gene_variant	MODIFIER	nonsense_mediated_decay			
rs1053924					5_prime_UTR_variant	PPT2		ENST00000547309	upstream_gene_variant	MODIFIER	protein_coding			
rs1053924					5_prime_UTR_variant	PRRT1		ENST00000547412	upstream_gene_variant	MODIFIER	protein_coding			
rs1053924					5_prime_UTR_variant	PPT2		ENST00000547508	upstream_gene_variant	MODIFIER	protein_coding			
rs1053924					5_prime_UTR_variant	PPT2		ENST00000552076	upstream_gene_variant	MODIFIER	protein_coding			
rs206015					intron_variant	NOTCH4		ENST00000375023	intron_variant	MODIFIER	protein_coding			
rs206015					intron_variant	NOTCH4		ENST00000465528	upstream_gene_variant	MODIFIER	processed_transcript			
rs206015					intron_variant	NOTCH4		ENST00000473562	downstream_gene_variant	MODIFIER	retained_intron			
rs206015					intron_variant	NOTCH4		ENST00000437843	intron_variant	MODIFIER	protein_coding			
rs206015					intron_variant	NOTCH4		ENST00000480224	downstream_gene_variant	MODIFIER	retained_intron			
rs206015					intron_variant	NOTCH4		ENST00000495974	upstream_gene_variant	MODIFIER	processed_transcript			
rs206015					intron_variant	NOTCH4		ENST00000454571	intron_variant	MODIFIER	protein_coding			
rs206015					intron_variant	NOTCH4		ENST00000464745	downstream_gene_variant	MODIFIER	retained_intron			
rs206015					intron_variant	NOTCH4		ENST00000487528	upstream_gene_variant	MODIFIER	processed_transcript			
rs206015					intron_variant	NOTCH4		ENST00000439349	intron_variant	MODIFIER	protein_coding			
rs206015					intron_variant	NOTCH4		ENST00000474810	downstream_gene_variant	MODIFIER	retained_intron			
rs206015					intron_variant	NOTCH4		ENST00000490019	upstream_gene_variant	MODIFIER	processed_transcript			
rs206015					intron_variant	NOTCH4		ENST00000383264	intron_variant	MODIFIER	protein_coding			
rs206015					intron_variant	NOTCH4		ENST00000461090	upstream_gene_variant	MODIFIER	processed_transcript			
rs206015					intron_variant	NOTCH4		ENST00000464153	downstream_gene_variant	MODIFIER	retained_intron			
rs206015					intron_variant	NOTCH4		ENST00000457094	intron_variant	MODIFIER	protein_coding			
rs206015					intron_variant	NOTCH4		ENST00000467950	downstream_gene_variant	MODIFIER	retained_intron			
rs206015					intron_variant	NOTCH4		ENST00000493728	upstream_gene_variant	MODIFIER	processed_transcript			
rs3806155					intron_variant	BTNL2		ENST00000374993	intron_variant	MODIFIER	protein_coding			
rs3806155					intron_variant	BTNL2		ENST00000374995	intron_variant	MODIFIER	protein_coding			
rs3806155					intron_variant	BTNL2		ENST00000414363	intron_variant	MODIFIER	protein_coding			
rs3806155					intron_variant	BTNL2		ENST00000429232	intron_variant	MODIFIER	protein_coding			
rs3806155					intron_variant	BTNL2		ENST00000446536	intron_variant	MODIFIER	protein_coding			
rs3806155					intron_variant	BTNL2		ENST00000454136	intron_variant	MODIFIER	protein_coding			
rs3806155					intron_variant	BTNL2		ENST00000465865	intron_variant,NMD_transcript_variant	MODIFIER	nonsense_mediated_decay			
rs3806155					intron_variant	BTNL2		ENST00000540315	intron_variant	MODIFIER	protein_coding			
rs3806155					intron_variant	BTNL2		ENST00000544175	intron_variant	MODIFIER	protein_coding			
rs3806155					intron_variant	BTNL2		ENST00000425482	intron_variant	MODIFIER	protein_coding			
rs3806155					intron_variant	BTNL2		ENST00000445928	intron_variant	MODIFIER	protein_coding			
rs3806155					intron_variant	BTNL2		ENST00000546948	intron_variant	MODIFIER	protein_coding			
rs3806155					intron_variant	BTNL2		ENST00000549560	intron_variant	MODIFIER	protein_coding			
rs3806155					intron_variant	BTNL2		ENST00000549631	intron_variant	MODIFIER	protein_coding			
rs3806155					intron_variant	BTNL2		ENST00000550327	intron_variant	MODIFIER	protein_coding			
rs3806155					intron_variant	BTNL2		ENST00000416597	intron_variant	MODIFIER	protein_coding			
rs3806155					intron_variant	BTNL2		ENST00000433988	intron_variant	MODIFIER	protein_coding			
rs3806155					intron_variant	BTNL2		ENST00000547901	intron_variant	MODIFIER	protein_coding			
rs3806155					intron_variant	BTNL2		ENST00000548922	intron_variant	MODIFIER	protein_coding			
rs3806155					intron_variant	BTNL2		ENST00000549943	intron_variant	MODIFIER	protein_coding			
rs3806155					intron_variant	BTNL2		ENST00000552479	intron_variant	MODIFIER	protein_coding			
rs3806155					intron_variant	BTNL2		ENST00000415239	intron_variant	MODIFIER	protein_coding			
rs3806155					intron_variant	BTNL2		ENST00000447918	intron_variant	MODIFIER	protein_coding			
rs3806155					intron_variant	BTNL2		ENST00000546419	intron_variant	MODIFIER	protein_coding			
rs3806155					intron_variant	BTNL2		ENST00000548832	intron_variant	MODIFIER	protein_coding			
rs3806155					intron_variant	BTNL2		ENST00000551095	intron_variant	MODIFIER	protein_coding			
rs3806155					intron_variant	BTNL2		ENST00000553032	intron_variant	MODIFIER	protein_coding			
rs3806155					intron_variant	BTNL2		ENST00000416387	intron_variant	MODIFIER	protein_coding			
rs3806155					intron_variant	BTNL2		ENST00000429303	intron_variant	MODIFIER	protein_coding			
rs3806155					intron_variant	BTNL2		ENST00000548066	intron_variant	MODIFIER	protein_coding			
rs3806155					intron_variant	BTNL2		ENST00000548717	intron_variant	MODIFIER	protein_coding			
rs3806155					intron_variant	BTNL2		ENST00000551409	intron_variant	MODIFIER	protein_coding			
rs3806155					intron_variant	BTNL2		ENST00000551686	intron_variant	MODIFIER	protein_coding			
rs3806155					intron_variant	BTNL2		ENST00000552523	intron_variant	MODIFIER	protein_coding			
rs3806155					intron_variant	BTNL2		ENST00000552970	intron_variant	MODIFIER	protein_coding			
rs3806155					intron_variant	BTNL2		ENST00000424222	intron_variant	MODIFIER	protein_coding			
rs3806155					intron_variant	BTNL2		ENST00000443091	intron_variant	MODIFIER	protein_coding			
rs3806155					intron_variant	BTNL2		ENST00000546521	intron_variant	MODIFIER	protein_coding			
rs3806155					intron_variant	BTNL2		ENST00000549081	intron_variant	MODIFIER	protein_coding			
rs3806155					intron_variant	BTNL2		ENST00000549852	intron_variant	MODIFIER	protein_coding			
rs3806155					intron_variant	BTNL2		ENST00000551471	intron_variant	MODIFIER	protein_coding			
rs3806155					intron_variant	BTNL2		ENST00000422056	intron_variant	MODIFIER	protein_coding			
rs3806155					intron_variant	BTNL2		ENST00000446311	intron_variant	MODIFIER	protein_coding			
rs3806155					intron_variant	BTNL2		ENST00000547502	intron_variant	MODIFIER	protein_coding			
rs3806155					intron_variant	BTNL2		ENST00000550531	intron_variant	MODIFIER	protein_coding			
rs3806155					intron_variant	BTNL2		ENST00000550698	intron_variant	MODIFIER	protein_coding			
rs3806155					intron_variant	BTNL2		ENST00000551101	intron_variant	MODIFIER	protein_coding			
rs3806155					intron_variant	BTNL2		ENST00000551868	intron_variant	MODIFIER	protein_coding			
rs3806155					intron_variant	BTNL2		ENST00000552394	intron_variant	MODIFIER	protein_coding			
rs3806155					intron_variant	BTNL2		ENST00000433826	intron_variant	MODIFIER	protein_coding			
rs3806155					intron_variant	BTNL2		ENST00000458467	intron_variant	MODIFIER	protein_coding			
rs3806155					intron_variant	BTNL2		ENST00000547429	intron_variant	MODIFIER	protein_coding			
rs3806155					intron_variant	BTNL2		ENST00000548253	intron_variant	MODIFIER	protein_coding			
rs3806155					intron_variant	BTNL2		ENST00000548835	intron_variant	MODIFIER	protein_coding			
rs3806155					intron_variant	BTNL2		ENST00000551561	intron_variant	MODIFIER	protein_coding			
rs3806155					intron_variant	BTNL2		ENST00000551669	intron_variant	MODIFIER	protein_coding			
rs3806155					intron_variant	BTNL2		ENST00000553068	intron_variant	MODIFIER	protein_coding			
rs522308					intergenic_variant				intergenic_variant					
rs522308					upstream_gene_variant	HLA-DRB1		ENST00000428566	upstream_gene_variant	MODIFIER	protein_coding			
rs522308					upstream_gene_variant	HLA-DRB1		ENST00000460546	upstream_gene_variant	MODIFIER	processed_transcript			
rs522308					upstream_gene_variant	CR753309.2		ENST00000550989	downstream_gene_variant	MODIFIER	pseudogene			
rs522308					upstream_gene_variant	HLA-DRB1		ENST00000433975	upstream_gene_variant	MODIFIER	protein_coding			
rs522308					upstream_gene_variant	CR753835.1		ENST00000547783	downstream_gene_variant	MODIFIER	pseudogene			
rs522308					upstream_gene_variant	HLA-DRB1		ENST00000415796	upstream_gene_variant	MODIFIER	protein_coding			
rs522308					upstream_gene_variant	HLA-DRB1		ENST00000412634	upstream_gene_variant	MODIFIER	protein_coding			
rs2621396					intergenic_variant				intergenic_variant					
rs2071465					intron_variant	PSMB8		ENST00000374881	downstream_gene_variant	MODIFIER	protein_coding			
rs2071465					intron_variant	PSMB8		ENST00000374882	downstream_gene_variant	MODIFIER	protein_coding			
rs2071465					intron_variant	TAP2		ENST00000374897	intron_variant	MODIFIER	protein_coding			
rs2071465					intron_variant	TAP2		ENST00000374899	intron_variant	MODIFIER	protein_coding			
rs2071465					intron_variant	PSMB8		ENST00000395339	downstream_gene_variant	MODIFIER	protein_coding			
rs2071465					intron_variant	PSMB8		ENST00000484003	downstream_gene_variant	MODIFIER	retained_intron			
rs2071465					intron_variant	TAP2		ENST00000485701	upstream_gene_variant	MODIFIER	processed_transcript			
rs2071465					intron_variant	PSMB8		ENST00000490613	downstream_gene_variant	MODIFIER	retained_intron			
rs2071465					intron_variant	PSMB8		ENST00000436627	downstream_gene_variant	MODIFIER	protein_coding			
rs2071465					intron_variant	TAP2		ENST00000439425	intron_variant	MODIFIER	protein_coding			
rs2071465					intron_variant	PSMB8		ENST00000446855	downstream_gene_variant	MODIFIER	protein_coding			
rs2071465					intron_variant	PSMB8		ENST00000455660	downstream_gene_variant	MODIFIER	protein_coding			
rs2071465					intron_variant	TAP2		ENST00000455842	intron_variant	MODIFIER	protein_coding			
rs2071465					intron_variant	PSMB8		ENST00000474687	downstream_gene_variant	MODIFIER	retained_intron			
rs2071465					intron_variant	TAP2		ENST00000490587	upstream_gene_variant	MODIFIER	processed_transcript			
rs2071465					intron_variant	PSMB8		ENST00000492195	downstream_gene_variant	MODIFIER	retained_intron			
rs2071465					intron_variant	TAP2		ENST00000414145	intron_variant	MODIFIER	protein_coding			
rs2071465					intron_variant	PSMB8		ENST00000416134	downstream_gene_variant	MODIFIER	protein_coding			
rs2071465					intron_variant	TAP2		ENST00000443713	intron_variant	MODIFIER	protein_coding			
rs2071465					intron_variant	PSMB8		ENST00000447073	downstream_gene_variant	MODIFIER	protein_coding			
rs2071465					intron_variant	PSMB8		ENST00000457261	downstream_gene_variant	MODIFIER	protein_coding			
rs2071465					intron_variant	TAP2		ENST00000463174	upstream_gene_variant	MODIFIER	processed_transcript			
rs2071465					intron_variant	PSMB8		ENST00000482779	downstream_gene_variant	MODIFIER	retained_intron			
rs2071465					intron_variant	PSMB8		ENST00000498341	downstream_gene_variant	MODIFIER	retained_intron			
rs2071465					intron_variant	PSMB8		ENST00000441960	downstream_gene_variant	MODIFIER	protein_coding			
rs2071465					intron_variant	PSMB8		ENST00000446762	downstream_gene_variant	MODIFIER	protein_coding			
rs2071465					intron_variant	PSMB8		ENST00000449883	downstream_gene_variant	MODIFIER	protein_coding			
rs2071465					intron_variant	TAP2		ENST00000451907	intron_variant	MODIFIER	protein_coding			
rs2071465					intron_variant	TAP2		ENST00000452371	intron_variant	MODIFIER	protein_coding			
rs2071465					intron_variant	TAP2		ENST00000468636	upstream_gene_variant	MODIFIER	processed_transcript			
rs2071465					intron_variant	PSMB8		ENST00000471479	downstream_gene_variant	MODIFIER	retained_intron			
rs2071465					intron_variant	PSMB8		ENST00000493375	downstream_gene_variant	MODIFIER	retained_intron			
rs2071465					intron_variant	PSMB8		ENST00000546794	downstream_gene_variant	MODIFIER	protein_coding			
rs2071465					intron_variant	TAP2		ENST00000383118	intron_variant	MODIFIER	protein_coding			
rs2071465					intron_variant	TAP2		ENST00000383119	intron_variant	MODIFIER	protein_coding			
rs2071465					intron_variant	PSMB8		ENST00000421445	downstream_gene_variant	MODIFIER	protein_coding			
rs2071465					intron_variant	PSMB8		ENST00000427919	downstream_gene_variant	MODIFIER	protein_coding			
rs2071465					intron_variant	PSMB8		ENST00000452573	downstream_gene_variant	MODIFIER	protein_coding			
rs2071465					intron_variant	PSMB8		ENST00000460122	downstream_gene_variant	MODIFIER	retained_intron			
rs2071465					intron_variant	PSMB8		ENST00000469729	downstream_gene_variant	MODIFIER	retained_intron			
rs2071465					intron_variant	TAP2		ENST00000474736	upstream_gene_variant	MODIFIER	processed_transcript			
rs2071465					intron_variant	PSMB8		ENST00000416564	downstream_gene_variant	MODIFIER	protein_coding			
rs2071465					intron_variant	TAP2		ENST00000419142	intron_variant	MODIFIER	protein_coding			
rs2071465					intron_variant	PSMB8		ENST00000425784	downstream_gene_variant	MODIFIER	protein_coding			
rs2071465					intron_variant	PSMB8		ENST00000429645	downstream_gene_variant	MODIFIER	protein_coding			
rs2071465					intron_variant	TAP2		ENST00000445986	intron_variant	MODIFIER	protein_coding			
rs2071465					intron_variant	TAP2		ENST00000460458	upstream_gene_variant	MODIFIER	processed_transcript			
rs2071465					intron_variant	PSMB8		ENST00000466646	downstream_gene_variant	MODIFIER	retained_intron			
rs2071465					intron_variant	PSMB8		ENST00000488953	downstream_gene_variant	MODIFIER	retained_intron			
rs2071465					intron_variant	PSMB8		ENST00000383236	downstream_gene_variant	MODIFIER	protein_coding			
rs2071465					intron_variant	PSMB8		ENST00000383238	downstream_gene_variant	MODIFIER	protein_coding			
rs2071465					intron_variant	TAP2		ENST00000383239	intron_variant	MODIFIER	protein_coding			
rs2071465					intron_variant	TAP2		ENST00000383240	intron_variant	MODIFIER	protein_coding			
rs2071465					intron_variant	PSMB8		ENST00000399630	downstream_gene_variant	MODIFIER	protein_coding			
rs2071465					intron_variant	PSMB8		ENST00000461590	downstream_gene_variant	MODIFIER	retained_intron			
rs2071465					intron_variant	TAP2		ENST00000469427	upstream_gene_variant	MODIFIER	processed_transcript			
rs2071465					intron_variant	PSMB8		ENST00000477407	downstream_gene_variant	MODIFIER	retained_intron			
rs2071465					intron_variant	TAP2		ENST00000426977	intron_variant	MODIFIER	protein_coding			
rs2071465					intron_variant	PSMB8		ENST00000435978	downstream_gene_variant	MODIFIER	protein_coding			
rs2071465					intron_variant	PSMB8		ENST00000438442	downstream_gene_variant	MODIFIER	protein_coding			
rs2071465					intron_variant	TAP2		ENST00000457634	intron_variant	MODIFIER	protein_coding			
rs2071465					intron_variant	PSMB8		ENST00000458543	downstream_gene_variant	MODIFIER	protein_coding			
rs2071465					intron_variant	PSMB8		ENST00000462167	downstream_gene_variant	MODIFIER	retained_intron			
rs2071465					intron_variant	TAP2		ENST00000490573	upstream_gene_variant	MODIFIER	processed_transcript			
rs2071465					intron_variant	PSMB8		ENST00000496351	downstream_gene_variant	MODIFIER	retained_intron			
rs1705003					missense_variant	SYNGAP1		ENST00000293748	upstream_gene_variant	MODIFIER	protein_coding			
rs1705003					missense_variant	CUTA		ENST00000374484	upstream_gene_variant	MODIFIER	nonsense_mediated_decay			
rs1705003					missense_variant	CUTA		ENST00000374496	upstream_gene_variant	MODIFIER	protein_coding			
rs1705003					missense_variant	CUTA		ENST00000374500	missense_variant	MODERATE	protein_coding		4.0	S/P
rs1705003					missense_variant	PHF1		ENST00000374512	downstream_gene_variant	MODIFIER	protein_coding			
rs1705003					missense_variant	PHF1		ENST00000374516	downstream_gene_variant	MODIFIER	protein_coding			
rs1705003					missense_variant	SYNGAP1		ENST00000418600	upstream_gene_variant	MODIFIER	protein_coding			
rs1705003					missense_variant	PHF1		ENST00000427004	downstream_gene_variant	MODIFIER	protein_coding			
rs1705003					missense_variant	PHF1		ENST00000427826	downstream_gene_variant	MODIFIER	protein_coding			
rs1705003					missense_variant	PHF1		ENST00000428274	downstream_gene_variant	MODIFIER	protein_coding			
rs1705003					missense_variant	CUTA		ENST00000440279	upstream_gene_variant	MODIFIER	protein_coding			
rs1705003					missense_variant	SYNGAP1		ENST00000449372	upstream_gene_variant	MODIFIER	protein_coding			
rs1705003					missense_variant	CUTA		ENST00000462802	upstream_gene_variant	MODIFIER	retained_intron			
rs1705003					missense_variant	CUTA		ENST00000465956	upstream_gene_variant	MODIFIER	retained_intron			
rs1705003					missense_variant	PHF1		ENST00000479029	downstream_gene_variant	MODIFIER	retained_intron			
rs1705003					missense_variant	CUTA		ENST00000479249	upstream_gene_variant	MODIFIER	retained_intron			
rs1705003					missense_variant	SYNGAP1		ENST00000479510	upstream_gene_variant	MODIFIER	retained_intron			
rs1705003					missense_variant	CUTA		ENST00000482684	upstream_gene_variant	MODIFIER	nonsense_mediated_decay			
rs1705003					missense_variant	PHF1		ENST00000486845	downstream_gene_variant	MODIFIER	retained_intron			
rs1705003					missense_variant	CUTA		ENST00000487637	upstream_gene_variant	MODIFIER	retained_intron			
rs1705003					missense_variant	PHF1		ENST00000487667	downstream_gene_variant	MODIFIER	nonsense_mediated_decay			
rs1705003					missense_variant	CUTA		ENST00000488034	upstream_gene_variant	MODIFIER	protein_coding			
rs1705003					missense_variant	CUTA		ENST00000488478	upstream_gene_variant	MODIFIER	protein_coding			
rs1705003					missense_variant	PHF1		ENST00000488767	downstream_gene_variant	MODIFIER	retained_intron			
rs1705003					missense_variant	CUTA		ENST00000492510	non_coding_transcript_exon_variant	MODIFIER	processed_transcript			
rs1705003					missense_variant	CUTA		ENST00000494751	upstream_gene_variant	MODIFIER	protein_coding			
rs1705003					missense_variant	PHF1		ENST00000495509	downstream_gene_variant	MODIFIER	nonsense_mediated_decay			
rs1705003					missense_variant	SYNGAP1		ENST00000496374	upstream_gene_variant	MODIFIER	processed_transcript			
rs1705003					missense_variant	CUTA		ENST00000607266	upstream_gene_variant	MODIFIER	protein_coding			
rs1705003					missense_variant	SYNGAP1		ENST00000395071	upstream_gene_variant	MODIFIER	protein_coding			
rs1705003					missense_variant	PHF1		ENST00000419154	downstream_gene_variant	MODIFIER	protein_coding			
rs1705003					missense_variant	PHF1		ENST00000421466	downstream_gene_variant	MODIFIER	protein_coding			
rs1705003					missense_variant	PHF1		ENST00000423868	downstream_gene_variant	MODIFIER	protein_coding			
rs1705003					missense_variant	PHF1		ENST00000427869	downstream_gene_variant	MODIFIER	protein_coding			
rs1705003					missense_variant	CUTA		ENST00000435267	missense_variant	MODERATE	protein_coding		4.0	S/P
rs1705003					missense_variant	CUTA		ENST00000440930	upstream_gene_variant	MODIFIER	protein_coding			
rs1705003					missense_variant	PHF1		ENST00000447305	downstream_gene_variant	MODIFIER	protein_coding			
rs1705003					missense_variant	PHF1		ENST00000454914	downstream_gene_variant	MODIFIER	protein_coding			
rs1705003					missense_variant	SYNGAP1		ENST00000455687	upstream_gene_variant	MODIFIER	protein_coding			
rs1705003					missense_variant	SYNGAP1		ENST00000461459	upstream_gene_variant	MODIFIER	processed_transcript			
rs1705003					missense_variant	CUTA		ENST00000461913	upstream_gene_variant	MODIFIER	nonsense_mediated_decay			
rs1705003					missense_variant	CUTA		ENST00000464657	upstream_gene_variant	MODIFIER	nonsense_mediated_decay			
rs1705003					missense_variant	CUTA		ENST00000467431	upstream_gene_variant	MODIFIER	retained_intron			
rs1705003					missense_variant	CUTA		ENST00000468782	upstream_gene_variant	MODIFIER	retained_intron			
rs1705003					missense_variant	PHF1		ENST00000475137	downstream_gene_variant	MODIFIER	protein_coding			
rs1705003					missense_variant	CUTA		ENST00000480120	upstream_gene_variant	MODIFIER	retained_intron			
rs1705003					missense_variant	PHF1		ENST00000480565	downstream_gene_variant	MODIFIER	retained_intron			
rs1705003					missense_variant	CUTA		ENST00000480677	upstream_gene_variant	MODIFIER	retained_intron			
rs1705003					missense_variant	PHF1		ENST00000482971	downstream_gene_variant	MODIFIER	retained_intron			
rs1705003					missense_variant	CUTA		ENST00000485890	non_coding_transcript_exon_variant	MODIFIER	processed_transcript			
rs1705003					missense_variant	CUTA		ENST00000486590	upstream_gene_variant	MODIFIER	retained_intron			
rs1705003					missense_variant	CUTA		ENST00000487148	upstream_gene_variant	MODIFIER	protein_coding			
rs1705003					missense_variant	PHF1		ENST00000487460	downstream_gene_variant	MODIFIER	processed_transcript			
rs1705003					missense_variant	PHF1		ENST00000495185	downstream_gene_variant	MODIFIER	nonsense_mediated_decay			
rs1705003					missense_variant	PHF1		ENST00000496666	downstream_gene_variant	MODIFIER	retained_intron			
rs1705003					missense_variant	SYNGAP1		ENST00000551507	upstream_gene_variant	MODIFIER	protein_coding			
rs75080135					intron_variant	BAK1		ENST00000360661	upstream_gene_variant	MODIFIER	protein_coding			
rs75080135					intron_variant	GGNBP1		ENST00000374458	intron_variant	MODIFIER	protein_coding			
rs75080135					intron_variant	BAK1		ENST00000374467	upstream_gene_variant	MODIFIER	protein_coding			
rs75080135					intron_variant	BAK1		ENST00000442998	upstream_gene_variant	MODIFIER	protein_coding			
rs75080135					intron_variant	LINC00336		ENST00000477984	downstream_gene_variant	MODIFIER	antisense			
rs17600959					intergenic_variant				intergenic_variant					
rs10214450					downstream_gene_variant	CYCSP55		ENST00000399027	downstream_gene_variant	MODIFIER	processed_pseudogene			
rs4713761					intron_variant	HMGA1		ENST00000311487	intron_variant	MODIFIER	protein_coding			
rs4713761					intron_variant	C6orf1		ENST00000335352	downstream_gene_variant	MODIFIER	protein_coding			
rs4713761					intron_variant	HMGA1		ENST00000347617	intron_variant	MODIFIER	protein_coding			
rs4713761					intron_variant	HMGA1		ENST00000374116	intron_variant	MODIFIER	protein_coding			
rs4713761					intron_variant	C6orf1		ENST00000394990	downstream_gene_variant	MODIFIER	protein_coding			
rs4713761					intron_variant	HMGA1		ENST00000395004	intron_variant	MODIFIER	protein_coding			
rs4713761					intron_variant	HMGA1		ENST00000401473	intron_variant	MODIFIER	protein_coding			
rs4713761					intron_variant	C6orf1		ENST00000413013	downstream_gene_variant	MODIFIER	protein_coding			
rs4713761					intron_variant	HMGA1		ENST00000447654	intron_variant	MODIFIER	protein_coding			
rs4713761					intron_variant	C6orf1		ENST00000463083	downstream_gene_variant	MODIFIER	retained_intron			
rs4713761					intron_variant	C6orf1		ENST00000468145	downstream_gene_variant	MODIFIER	protein_coding			
rs4713761					intron_variant	C6orf1		ENST00000476320	downstream_gene_variant	MODIFIER	protein_coding			
rs4713761					intron_variant	HMGA1		ENST00000478214	intron_variant,non_coding_transcript_variant	MODIFIER	processed_transcript			
rs4713761					intron_variant	C6orf1		ENST00000481533	downstream_gene_variant	MODIFIER	protein_coding			
rs33959228					missense_variant	ZNF76		ENST00000229405	3_prime_UTR_variant,NMD_transcript_variant	MODIFIER	nonsense_mediated_decay			
rs33959228					missense_variant	ZNF76		ENST00000339411	missense_variant	MODERATE	protein_coding		272.0	R/C
rs33959228					missense_variant	ZNF76		ENST00000373953	missense_variant	MODERATE	protein_coding		272.0	R/C
rs33959228					missense_variant	ZNF76		ENST00000440666	missense_variant	MODERATE	protein_coding		246.0	R/C
rs33959228					missense_variant	ZNF76		ENST00000460229	downstream_gene_variant	MODIFIER	retained_intron			
rs33959228					missense_variant	ZNF76		ENST00000469195	missense_variant	MODERATE	protein_coding		272.0	R/C
rs33959228					missense_variant	ZNF76		ENST00000479226	upstream_gene_variant	MODIFIER	retained_intron			
rs33959228					missense_variant	ZNF76		ENST00000484932	downstream_gene_variant	MODIFIER	retained_intron			
rs33959228					missense_variant	ZNF76		ENST00000486891	non_coding_transcript_exon_variant	MODIFIER	retained_intron			
rs33959228					missense_variant	ZNF76		ENST00000491400	downstream_gene_variant	MODIFIER	retained_intron			
rs33959228					missense_variant	ZNF76		ENST00000498555	upstream_gene_variant	MODIFIER	protein_coding			
rs1321313					regulatory_region_variant				regulatory_region_variant					
rs72846863					intron_variant	RP1-90K10.4		ENST00000427609	intron_variant,non_coding_transcript_variant	MODIFIER	lincRNA			
rs12663450					downstream_gene_variant	BTBD9		ENST00000314100	downstream_gene_variant	MODIFIER	protein_coding			
rs12663450					downstream_gene_variant	BTBD9		ENST00000481247	downstream_gene_variant	MODIFIER	protein_coding			
rs1412265					intron_variant	DNAH8		ENST00000327475	intron_variant	MODIFIER	protein_coding			
rs1412265					intron_variant	DNAH8		ENST00000359357	intron_variant	MODIFIER	protein_coding			
rs1412265					intron_variant	DNAH8		ENST00000441566	intron_variant	MODIFIER	protein_coding			
rs10305457					intron_variant	GLP1R		ENST00000373256	intron_variant	MODIFIER	protein_coding			
rs9366994					intron_variant	GLP1R		ENST00000373256	intron_variant	MODIFIER	protein_coding			
rs57143316					downstream_gene_variant	SAYSD1		ENST00000229903	downstream_gene_variant	MODIFIER	protein_coding			
rs57143316					downstream_gene_variant	SAYSD1		ENST00000373249	downstream_gene_variant	MODIFIER	protein_coding			
rs7751419					intergenic_variant				intergenic_variant					
rs3734618					stop_gained	KCNK16		ENST00000373227	intron_variant	MODIFIER	protein_coding			
rs3734618					stop_gained	KCNK16		ENST00000373229	stop_gained	HIGH	protein_coding		232.0	Y/*
rs3734618					stop_gained	KCNK16		ENST00000373229	synonymous_variant	LOW	protein_coding		232.0	Y
rs3734618					stop_gained	KCNK17		ENST00000373231	upstream_gene_variant	MODIFIER	protein_coding			
rs3734618					stop_gained	KCNK16		ENST00000425054	intron_variant	MODIFIER	protein_coding			
rs3734618					stop_gained	KCNK16		ENST00000437525	stop_gained	HIGH	protein_coding		232.0	Y/*
rs3734618					stop_gained	KCNK16		ENST00000437525	synonymous_variant	LOW	protein_coding		232.0	Y
rs3734618					stop_gained	KCNK17		ENST00000453413	upstream_gene_variant	MODIFIER	protein_coding			
rs3734618					stop_gained	KCNK17		ENST00000503878	upstream_gene_variant	MODIFIER	retained_intron			
rs3734618					stop_gained	KCNK16		ENST00000507712	intron_variant	MODIFIER	protein_coding			
rs114635781					intron_variant	KCNK16		ENST00000373227	intron_variant	MODIFIER	protein_coding			
rs114635781					intron_variant	KCNK16		ENST00000373229	intron_variant	MODIFIER	protein_coding			
rs114635781					intron_variant	KCNK16		ENST00000425054	intron_variant	MODIFIER	protein_coding			
rs114635781					intron_variant	KCNK16		ENST00000437525	intron_variant	MODIFIER	protein_coding			
rs114635781					intron_variant	KCNK16		ENST00000507712	intron_variant	MODIFIER	protein_coding			
rs1109772					intron_variant	KCNK16		ENST00000373227	intron_variant	MODIFIER	protein_coding			
rs1109772					intron_variant	KCNK16		ENST00000373229	intron_variant	MODIFIER	protein_coding			
rs1109772					intron_variant	KCNK16		ENST00000425054	intron_variant	MODIFIER	protein_coding			
rs1109772					intron_variant	KCNK16		ENST00000437525	intron_variant	MODIFIER	protein_coding			
rs1109772					intron_variant	KCNK16		ENST00000507712	intron_variant	MODIFIER	protein_coding			
rs9296294					intron_variant	KIF6		ENST00000229913	intron_variant	MODIFIER	protein_coding			
rs9296294					intron_variant	KIF6		ENST00000287152	intron_variant	MODIFIER	protein_coding			
rs9296294					intron_variant	KIF6		ENST00000373213	intron_variant	MODIFIER	protein_coding			
rs9296294					intron_variant	KIF6		ENST00000373215	intron_variant	MODIFIER	protein_coding			
rs9296294					intron_variant	KIF6		ENST00000373216	intron_variant	MODIFIER	protein_coding			
rs9296294					intron_variant	KIF6		ENST00000394362	intron_variant	MODIFIER	protein_coding			
rs9296294					intron_variant	KIF6		ENST00000458470	intron_variant	MODIFIER	protein_coding			
rs9296294					intron_variant	KIF6		ENST00000538893	intron_variant	MODIFIER	protein_coding			
rs9296294					intron_variant	KIF6		ENST00000541946	intron_variant	MODIFIER	protein_coding			
rs2504093					intron_variant	DAAM2		ENST00000274867	intron_variant	MODIFIER	protein_coding			
rs2504093					intron_variant	DAAM2		ENST00000398904	intron_variant	MODIFIER	protein_coding			
rs2504093					intron_variant	DAAM2		ENST00000405961	downstream_gene_variant	MODIFIER	protein_coding			
rs2504093					intron_variant	DAAM2		ENST00000475489	downstream_gene_variant	MODIFIER	retained_intron			
rs2504093					intron_variant	DAAM2		ENST00000494405	intron_variant,non_coding_transcript_variant	MODIFIER	processed_transcript			
rs2504093					intron_variant	DAAM2		ENST00000538976	intron_variant	MODIFIER	protein_coding			
rs34298980					intron_variant	LRFN2		ENST00000338305	intron_variant	MODIFIER	protein_coding			
rs4711658					intron_variant	TREML2		ENST00000483722	intron_variant	MODIFIER	protein_coding			
rs2057069					intron_variant	TFEB		ENST00000230323	intron_variant	MODIFIER	protein_coding			
rs2057069					intron_variant	TFEB		ENST00000358871	intron_variant	MODIFIER	protein_coding			
rs2057069					intron_variant	TFEB		ENST00000373033	intron_variant	MODIFIER	protein_coding			
rs2057069					intron_variant	TFEB		ENST00000394283	intron_variant	MODIFIER	protein_coding			
rs2057069					intron_variant	TFEB		ENST00000403298	intron_variant	MODIFIER	protein_coding			
rs2057069					intron_variant	TFEB		ENST00000416140	intron_variant	MODIFIER	protein_coding			
rs2057069					intron_variant	TFEB		ENST00000419396	intron_variant	MODIFIER	protein_coding			
rs2057069					intron_variant	TFEB		ENST00000420312	intron_variant	MODIFIER	protein_coding			
rs2057069					intron_variant	TFEB		ENST00000424495	intron_variant	MODIFIER	protein_coding			
rs2057069					intron_variant	TFEB		ENST00000425401	intron_variant	MODIFIER	protein_coding			
rs2057069					intron_variant	TFEB		ENST00000433032	intron_variant	MODIFIER	protein_coding			
rs2057069					intron_variant	TFEB		ENST00000445700	intron_variant	MODIFIER	protein_coding			
rs2841648					intron_variant	CRIP3		ENST00000274990	downstream_gene_variant	MODIFIER	protein_coding			
rs2841648					intron_variant	CRIP3		ENST00000372569	downstream_gene_variant	MODIFIER	protein_coding			
rs2841648					intron_variant	SLC22A7		ENST00000372574	intron_variant	MODIFIER	protein_coding			
rs2841648					intron_variant	SLC22A7		ENST00000372585	intron_variant	MODIFIER	protein_coding			
rs2841648					intron_variant	SLC22A7		ENST00000372589	intron_variant	MODIFIER	protein_coding			
rs2841648					intron_variant	CRIP3		ENST00000416431	intron_variant	MODIFIER	protein_coding			
rs2841648					intron_variant	SLC22A7		ENST00000436107	upstream_gene_variant	MODIFIER	protein_coding			
rs2841648					intron_variant	SLC22A7		ENST00000449231	downstream_gene_variant	MODIFIER	protein_coding			
rs2841648					intron_variant	CRIP3		ENST00000451294	downstream_gene_variant	MODIFIER	protein_coding			
rs2841648					intron_variant	SLC22A7		ENST00000451757	downstream_gene_variant	MODIFIER	protein_coding			
rs2841648					intron_variant	CRIP3		ENST00000477866	downstream_gene_variant	MODIFIER	retained_intron			
rs2841648					intron_variant	SLC22A7		ENST00000480882	downstream_gene_variant	MODIFIER	processed_transcript			
rs2841648					intron_variant	SLC22A7		ENST00000487175	intron_variant,non_coding_transcript_variant	MODIFIER	processed_transcript			
rs2841648					intron_variant	CRIP3		ENST00000487744	downstream_gene_variant	MODIFIER	retained_intron			
rs2841648					intron_variant	SLC22A7		ENST00000498232	downstream_gene_variant	MODIFIER	nonsense_mediated_decay			
rs833067					intron_variant	VEGFA		ENST00000230480	intron_variant	MODIFIER	protein_coding			
rs833067					intron_variant	VEGFA		ENST00000324450	intron_variant	MODIFIER	protein_coding			
rs833067					intron_variant	VEGFA		ENST00000372055	intron_variant	MODIFIER	protein_coding			
rs833067					intron_variant	VEGFA		ENST00000372064	intron_variant	MODIFIER	protein_coding			
rs833067					intron_variant	VEGFA		ENST00000372067	intron_variant	MODIFIER	protein_coding			
rs833067					intron_variant	VEGFA		ENST00000372077	intron_variant	MODIFIER	protein_coding			
rs833067					intron_variant	VEGFA		ENST00000413642	intron_variant	MODIFIER	protein_coding			
rs833067					intron_variant	VEGFA		ENST00000417285	intron_variant	MODIFIER	protein_coding			
rs833067					intron_variant	VEGFA		ENST00000425836	intron_variant	MODIFIER	protein_coding			
rs833067					intron_variant	VEGFA		ENST00000457104	intron_variant	MODIFIER	protein_coding			
rs833067					intron_variant	VEGFA		ENST00000476772	intron_variant,non_coding_transcript_variant	MODIFIER	retained_intron			
rs833067					intron_variant	VEGFA		ENST00000480614	upstream_gene_variant	MODIFIER	retained_intron			
rs833067					intron_variant	VEGFA		ENST00000482630	intron_variant	MODIFIER	protein_coding			
rs833067					intron_variant	VEGFA		ENST00000512683	intron_variant,non_coding_transcript_variant	MODIFIER	retained_intron			
rs833067					intron_variant	VEGFA		ENST00000518538	intron_variant,non_coding_transcript_variant	MODIFIER	retained_intron			
rs833067					intron_variant	VEGFA		ENST00000518689	intron_variant	MODIFIER	protein_coding			
rs833067					intron_variant	VEGFA		ENST00000518824	intron_variant	MODIFIER	protein_coding			
rs833067					intron_variant	VEGFA		ENST00000519767	intron_variant	MODIFIER	protein_coding			
rs833067					intron_variant	VEGFA		ENST00000520265	upstream_gene_variant	MODIFIER	protein_coding			
rs833067					intron_variant	VEGFA		ENST00000520948	intron_variant	MODIFIER	protein_coding			
rs833067					intron_variant	VEGFA		ENST00000523125	intron_variant	MODIFIER	protein_coding			
rs833067					intron_variant	VEGFA		ENST00000523873	intron_variant	MODIFIER	protein_coding			
rs833067					intron_variant	VEGFA		ENST00000523950	intron_variant	MODIFIER	protein_coding			
rs833067					intron_variant	RP1-261G23.7		ENST00000607600	upstream_gene_variant	MODIFIER	antisense			
rs6905288					downstream_gene_variant	VEGFA		ENST00000372064	downstream_gene_variant	MODIFIER	protein_coding			
rs6905288					downstream_gene_variant	VEGFA		ENST00000372067	downstream_gene_variant	MODIFIER	protein_coding			
rs6905288					downstream_gene_variant	VEGFA		ENST00000372077	downstream_gene_variant	MODIFIER	protein_coding			
rs6905288					downstream_gene_variant	VEGFA		ENST00000480614	downstream_gene_variant	MODIFIER	retained_intron			
rs6905288					downstream_gene_variant	VEGFA		ENST00000497139	downstream_gene_variant	MODIFIER	retained_intron			
rs2894536					intergenic_variant				intergenic_variant					
rs6458354					intergenic_variant				intergenic_variant					
rs72863966					intergenic_variant				intergenic_variant					
rs3798519					intron_variant	TFAP2B		ENST00000263046	intron_variant	MODIFIER	protein_coding			
rs3798519					intron_variant	TFAP2B		ENST00000344788	intron_variant	MODIFIER	protein_coding			
rs3798519					intron_variant	TFAP2B		ENST00000393655	intron_variant	MODIFIER	protein_coding			
rs3798519					intron_variant	TFAP2B		ENST00000489228	upstream_gene_variant	MODIFIER	processed_transcript			
rs1327271					intergenic_variant				intergenic_variant					
rs2504706					intergenic_variant				intergenic_variant					
rs17667073					intergenic_variant				intergenic_variant					
rs2749014					intron_variant	RP1-152L7.1		ENST00000402398	downstream_gene_variant	MODIFIER	unprocessed_pseudogene			
rs2749014					intron_variant	GSTA2		ENST00000493422	intron_variant	MODIFIER	protein_coding			
rs2817111					intergenic_variant				intergenic_variant					
rs9382231					intergenic_variant				intergenic_variant					
rs10943822					intron_variant	EEF1B2P5		ENST00000444820	intron_variant,non_coding_transcript_variant	MODIFIER	unprocessed_pseudogene			
rs72888748					intergenic_variant				intergenic_variant					
rs13207433					intergenic_variant				intergenic_variant					
rs1757856					intergenic_variant				intergenic_variant					
rs11155284					intergenic_variant				intergenic_variant					
rs11755801					intergenic_variant				intergenic_variant					
rs62427977					intron_variant	BEND3		ENST00000606766	intron_variant	MODIFIER	protein_coding			
rs62427977					intron_variant	BEND3		ENST00000607422	intron_variant	MODIFIER	protein_coding			
rs62427977					intron_variant	BEND3		ENST00000369042	intron_variant	MODIFIER	protein_coding			
rs62427977					intron_variant	BEND3		ENST00000429433	intron_variant	MODIFIER	protein_coding			
rs6568685					intron_variant	RP3-415N12.1		ENST00000404926	upstream_gene_variant	MODIFIER	processed_pseudogene			
rs6568685					intron_variant	TRAF3IP2-AS1		ENST00000420651	intron_variant,non_coding_transcript_variant	MODIFIER	antisense			
rs6568685					intron_variant	TRAF3IP2-AS1		ENST00000438298	intron_variant,non_coding_transcript_variant	MODIFIER	antisense			
rs6568685					intron_variant	TRAF3IP2-AS1		ENST00000440001	intron_variant,non_coding_transcript_variant	MODIFIER	antisense			
rs6568685					intron_variant	TRAF3IP2-AS1		ENST00000440395	intron_variant,non_coding_transcript_variant	MODIFIER	antisense			
rs6568685					intron_variant	TRAF3IP2-AS1		ENST00000442928	intron_variant,non_coding_transcript_variant	MODIFIER	antisense			
rs6568685					intron_variant	TRAF3IP2-AS1		ENST00000449449	intron_variant,non_coding_transcript_variant	MODIFIER	antisense			
rs6568685					intron_variant	TRAF3IP2-AS1		ENST00000456352	intron_variant,non_coding_transcript_variant	MODIFIER	antisense			
rs6568685					intron_variant	TRAF3IP2-AS1		ENST00000525151	intron_variant,non_coding_transcript_variant	MODIFIER	antisense			
rs6568685					intron_variant	TRAF3IP2-AS1		ENST00000532353	intron_variant,non_coding_transcript_variant	MODIFIER	antisense			
rs17078452					intron_variant	RFX6		ENST00000332958	intron_variant	MODIFIER	protein_coding			
rs17078452					intron_variant	RFX6		ENST00000471966	intron_variant,non_coding_transcript_variant	MODIFIER	processed_transcript			
rs17078452					intron_variant	RFX6		ENST00000487683	intron_variant,non_coding_transcript_variant	MODIFIER	retained_intron			
rs72951506					intron_variant	NUS1		ENST00000368494	intron_variant	MODIFIER	protein_coding			
rs9375411					intron_variant	NCOA7		ENST00000229634	intron_variant	MODIFIER	protein_coding			
rs9375411					intron_variant	NCOA7		ENST00000368357	intron_variant	MODIFIER	protein_coding			
rs9375411					intron_variant	NCOA7		ENST00000392477	intron_variant	MODIFIER	protein_coding			
rs9375411					intron_variant	NCOA7		ENST00000417494	intron_variant	MODIFIER	protein_coding			
rs9375411					intron_variant	NCOA7-AS1		ENST00000429007	downstream_gene_variant	MODIFIER	antisense			
rs9375411					intron_variant	NCOA7		ENST00000453302	intron_variant	MODIFIER	protein_coding			
rs11759026					intergenic_variant				intergenic_variant					
rs2800733					intergenic_variant				intergenic_variant					
rs1415701					intron_variant	L3MBTL3		ENST00000361794	intron_variant	MODIFIER	protein_coding			
rs1415701					intron_variant	L3MBTL3		ENST00000368136	intron_variant	MODIFIER	protein_coding			
rs1415701					intron_variant	L3MBTL3		ENST00000368139	intron_variant	MODIFIER	protein_coding			
rs1415701					intron_variant	L3MBTL3		ENST00000526019	intron_variant	MODIFIER	protein_coding			
rs1415701					intron_variant	L3MBTL3		ENST00000526087	intron_variant	MODIFIER	protein_coding			
rs1415701					intron_variant	L3MBTL3		ENST00000528385	intron_variant	MODIFIER	protein_coding			
rs1415701					intron_variant	L3MBTL3		ENST00000529410	intron_variant	MODIFIER	protein_coding			
rs1415701					intron_variant	L3MBTL3		ENST00000533560	intron_variant	MODIFIER	protein_coding			
rs2749924					intron_variant	MED23		ENST00000354577	intron_variant	MODIFIER	protein_coding			
rs2749924					intron_variant	MED23		ENST00000368053	intron_variant	MODIFIER	protein_coding			
rs2749924					intron_variant	MED23		ENST00000368058	intron_variant	MODIFIER	protein_coding			
rs2749924					intron_variant	MED23		ENST00000368060	intron_variant	MODIFIER	protein_coding			
rs2749924					intron_variant	MED23		ENST00000368068	intron_variant	MODIFIER	protein_coding			
rs2749924					intron_variant	MED23		ENST00000403834	intron_variant	MODIFIER	protein_coding			
rs2749924					intron_variant	MED23		ENST00000539158	intron_variant	MODIFIER	protein_coding			
rs2749924					intron_variant	MED23		ENST00000540546	intron_variant	MODIFIER	protein_coding			
rs2749924					intron_variant	MED23		ENST00000545957	intron_variant	MODIFIER	protein_coding			
rs6917676					downstream_gene_variant	RPL35AP3		ENST00000414680	downstream_gene_variant	MODIFIER	processed_pseudogene			
rs9321595					intergenic_variant				intergenic_variant					
rs6905226					intron_variant	NHSL1		ENST00000342260	intron_variant	MODIFIER	protein_coding			
rs6905226					intron_variant	NHSL1		ENST00000343505	intron_variant	MODIFIER	protein_coding			
rs6905226					intron_variant	NHSL1		ENST00000426841	intron_variant,non_coding_transcript_variant	MODIFIER	retained_intron			
rs6905226					intron_variant	NHSL1		ENST00000427025	intron_variant	MODIFIER	protein_coding			
rs6905226					intron_variant	NHSL1		ENST00000491526	intron_variant	MODIFIER	protein_coding			
rs6905226					intron_variant	NHSL1		ENST00000533765	intron_variant	MODIFIER	protein_coding			
rs9376353					intron_variant	NHSL1		ENST00000342260	intron_variant	MODIFIER	protein_coding			
rs9376353					intron_variant	NHSL1		ENST00000427025	intron_variant	MODIFIER	protein_coding			
rs9376353					intron_variant	NHSL1		ENST00000491526	intron_variant	MODIFIER	protein_coding			
rs9376382					intron_variant	ECT2L		ENST00000367682	intron_variant	MODIFIER	protein_coding			
rs9376382					intron_variant	RP3-509I19.6		ENST00000404494	upstream_gene_variant	MODIFIER	transcribed_processed_pseudogene			
rs9376382					intron_variant	ECT2L		ENST00000423192	intron_variant	MODIFIER	protein_coding			
rs9376382					intron_variant	ECT2L		ENST00000541398	intron_variant	MODIFIER	protein_coding			
rs9376382					intron_variant	RP3-509I19.6		ENST00000572284	upstream_gene_variant	MODIFIER	processed_transcript			
rs668459					intergenic_variant				intergenic_variant					
rs17069206					intergenic_variant				intergenic_variant					
rs13194747					intergenic_variant				intergenic_variant					
rs12200517					intergenic_variant				intergenic_variant					
rs6570526					regulatory_region_variant				regulatory_region_variant					
rs11969311					intron_variant	HIVEP2		ENST00000367603	intron_variant	MODIFIER	protein_coding			
rs3853248					intron_variant	ESR1		ENST00000206249	intron_variant	MODIFIER	protein_coding			
rs3853248					intron_variant	ESR1		ENST00000338799	intron_variant	MODIFIER	protein_coding			
rs3853248					intron_variant	ESR1		ENST00000406599	intron_variant	MODIFIER	protein_coding			
rs3853248					intron_variant	ESR1		ENST00000427531	intron_variant	MODIFIER	protein_coding			
rs3853248					intron_variant	ESR1		ENST00000440973	intron_variant	MODIFIER	protein_coding			
rs3853248					intron_variant	ESR1		ENST00000443427	intron_variant	MODIFIER	protein_coding			
rs3853248					intron_variant	RP3-443C4.2		ENST00000451697	upstream_gene_variant	MODIFIER	antisense			
rs3853248					intron_variant	ESR1		ENST00000456483	intron_variant	MODIFIER	protein_coding			
rs9397581					intron_variant	RGS17		ENST00000206262	intron_variant	MODIFIER	protein_coding			
rs3778156					intron_variant	OPRM1		ENST00000229768	intron_variant	MODIFIER	protein_coding			
rs3778156					intron_variant	OPRM1		ENST00000330432	intron_variant	MODIFIER	protein_coding			
rs3778156					intron_variant	OPRM1		ENST00000337049	intron_variant	MODIFIER	protein_coding			
rs3778156					intron_variant	OPRM1		ENST00000360422	intron_variant	MODIFIER	protein_coding			
rs3778156					intron_variant	OPRM1		ENST00000414028	intron_variant	MODIFIER	protein_coding			
rs3778156					intron_variant	OPRM1		ENST00000419506	intron_variant	MODIFIER	protein_coding			
rs3778156					intron_variant	OPRM1		ENST00000428397	intron_variant	MODIFIER	protein_coding			
rs3778156					intron_variant	OPRM1		ENST00000434900	intron_variant	MODIFIER	protein_coding			
rs3778156					intron_variant	OPRM1		ENST00000435918	intron_variant	MODIFIER	protein_coding			
rs3778156					intron_variant	OPRM1		ENST00000452687	intron_variant	MODIFIER	protein_coding			
rs3778156					intron_variant	OPRM1		ENST00000518759	intron_variant	MODIFIER	protein_coding			
rs3778156					intron_variant	OPRM1		ENST00000519083	intron_variant,NMD_transcript_variant	MODIFIER	nonsense_mediated_decay			
rs3778156					intron_variant	OPRM1		ENST00000519613	upstream_gene_variant	MODIFIER	processed_transcript			
rs3778156					intron_variant	OPRM1		ENST00000520282	intron_variant	MODIFIER	protein_coding			
rs3778156					intron_variant	OPRM1		ENST00000520708	intron_variant	MODIFIER	protein_coding			
rs3778156					intron_variant	OPRM1		ENST00000522236	upstream_gene_variant	MODIFIER	protein_coding			
rs3778156					intron_variant	OPRM1		ENST00000522555	upstream_gene_variant	MODIFIER	protein_coding			
rs3778156					intron_variant	OPRM1		ENST00000522739	intron_variant,NMD_transcript_variant	MODIFIER	nonsense_mediated_decay			
rs3778156					intron_variant	OPRM1		ENST00000524150	intron_variant,NMD_transcript_variant	MODIFIER	nonsense_mediated_decay			
rs3778156					intron_variant	OPRM1		ENST00000524163	intron_variant	MODIFIER	protein_coding			
rs6905058					downstream_gene_variant	RP11-230C9.1		ENST00000402808	downstream_gene_variant	MODIFIER	processed_pseudogene			
rs487060					intron_variant	SLC22A3		ENST00000275300	intron_variant	MODIFIER	protein_coding			
rs487060					intron_variant	SLC22A3		ENST00000392145	intron_variant	MODIFIER	protein_coding			
rs1321850					intron_variant	AGPAT4		ENST00000320285	intron_variant	MODIFIER	protein_coding			
rs1321850					intron_variant	AGPAT4		ENST00000366905	intron_variant	MODIFIER	protein_coding			
rs1321850					intron_variant	AGPAT4		ENST00000366906	intron_variant	MODIFIER	protein_coding			
rs1321850					intron_variant	AGPAT4		ENST00000366908	intron_variant	MODIFIER	protein_coding			
rs1321850					intron_variant	AGPAT4		ENST00000366911	intron_variant	MODIFIER	protein_coding			
rs1321850					intron_variant	AGPAT4		ENST00000457520	intron_variant	MODIFIER	protein_coding			
rs34709632					intron_variant	PARK2		ENST00000338468	intron_variant	MODIFIER	protein_coding			
rs34709632					intron_variant	PARK2		ENST00000366892	intron_variant	MODIFIER	protein_coding			
rs34709632					intron_variant	PARK2		ENST00000366894	intron_variant	MODIFIER	protein_coding			
rs34709632					intron_variant	PARK2		ENST00000366896	intron_variant	MODIFIER	protein_coding			
rs34709632					intron_variant	PARK2		ENST00000366897	intron_variant	MODIFIER	protein_coding			
rs34709632					intron_variant	PARK2		ENST00000366898	intron_variant	MODIFIER	protein_coding			
rs34709632					intron_variant	PARK2		ENST00000479615	intron_variant,NMD_transcript_variant	MODIFIER	nonsense_mediated_decay			
rs2759398					intron_variant	QKI		ENST00000275262	intron_variant	MODIFIER	protein_coding			
rs2759398					intron_variant	QKI		ENST00000361195	intron_variant	MODIFIER	protein_coding			
rs2759398					intron_variant	QKI		ENST00000361752	intron_variant	MODIFIER	protein_coding			
rs2759398					intron_variant	QKI		ENST00000361758	intron_variant,NMD_transcript_variant	MODIFIER	nonsense_mediated_decay			
rs2759398					intron_variant	QKI		ENST00000392127	intron_variant	MODIFIER	protein_coding			
rs2759398					intron_variant	QKI		ENST00000424802	intron_variant	MODIFIER	protein_coding			
rs2759398					intron_variant	QKI		ENST00000453779	intron_variant	MODIFIER	protein_coding			
rs2759398					intron_variant	QKI		ENST00000537041	intron_variant	MODIFIER	protein_coding			
rs2759398					intron_variant	QKI		ENST00000537124	intron_variant	MODIFIER	protein_coding			
rs2759398					intron_variant	QKI		ENST00000537883	intron_variant	MODIFIER	protein_coding			
rs2759398					intron_variant	QKI		ENST00000544436	intron_variant	MODIFIER	protein_coding			
rs2759398					intron_variant	QKI		ENST00000544823	intron_variant	MODIFIER	protein_coding			
rs2759398					intron_variant	QKI		ENST00000545346	intron_variant,NMD_transcript_variant	MODIFIER	nonsense_mediated_decay			
rs2759398					intron_variant	QKI		ENST00000545607	intron_variant,NMD_transcript_variant	MODIFIER	nonsense_mediated_decay			
rs4709746					intron_variant	RP1-230L10.1		ENST00000452944	intron_variant,non_coding_transcript_variant	MODIFIER	lincRNA			
rs1021509					intron_variant	RP11-252P19.2		ENST00000431017	downstream_gene_variant	MODIFIER	lincRNA			
rs1021509					intron_variant	RP11-252P19.1		ENST00000435810	intron_variant,non_coding_transcript_variant	MODIFIER	lincRNA			
rs1021509					intron_variant	PDE10A		ENST00000580695	intron_variant,non_coding_transcript_variant	MODIFIER	processed_transcript			
rs77273391					intron_variant	PDE10A		ENST00000535229	intron_variant,non_coding_transcript_variant	MODIFIER	processed_transcript			
rs77273391					intron_variant	PDE10A		ENST00000580695	intron_variant,non_coding_transcript_variant	MODIFIER	processed_transcript			
rs9459835					intron_variant	FGFR1OP		ENST00000349556	intron_variant	MODIFIER	protein_coding			
rs9459835					intron_variant	FGFR1OP		ENST00000366847	intron_variant	MODIFIER	protein_coding			
rs9459835					intron_variant	RP1-167A14.2		ENST00000444102	upstream_gene_variant	MODIFIER	antisense			
rs9459835					intron_variant	FGFR1OP		ENST00000476078	intron_variant,non_coding_transcript_variant	MODIFIER	processed_transcript			
rs9459835					intron_variant	FGFR1OP		ENST00000494781	intron_variant,non_coding_transcript_variant	MODIFIER	processed_transcript			
rs11766944					3_prime_UTR_variant	MAD1L1		ENST00000265854	intron_variant	MODIFIER	protein_coding			
rs11766944					3_prime_UTR_variant	AC110781.3		ENST00000318959	3_prime_UTR_variant	MODIFIER	protein_coding			
rs11766944					3_prime_UTR_variant	MAD1L1		ENST00000399654	intron_variant	MODIFIER	protein_coding			
rs11766944					3_prime_UTR_variant	AC110781.3		ENST00000402221	3_prime_UTR_variant	MODIFIER	protein_coding			
rs11766944					3_prime_UTR_variant	MAD1L1		ENST00000402746	intron_variant	MODIFIER	protein_coding			
rs11766944					3_prime_UTR_variant	MAD1L1		ENST00000406869	intron_variant	MODIFIER	protein_coding			
rs11766944					3_prime_UTR_variant	MAD1L1		ENST00000450235	intron_variant	MODIFIER	protein_coding			
rs11766944					3_prime_UTR_variant	AC110781.3		ENST00000480694	non_coding_transcript_exon_variant	MODIFIER	processed_transcript			
rs11766944					3_prime_UTR_variant	MAD1L1		ENST00000481633	intron_variant,non_coding_transcript_variant	MODIFIER	processed_transcript			
rs11766944					3_prime_UTR_variant	MIR4655		ENST00000580817	upstream_gene_variant	MODIFIER	miRNA			
rs28411900					intron_variant	FOXK1		ENST00000446823	intron_variant	MODIFIER	protein_coding			
rs12702586					intron_variant	C1GALT1		ENST00000429911	intron_variant	MODIFIER	protein_coding			
rs4721059					intron_variant	TMEM106B		ENST00000396667	intron_variant	MODIFIER	protein_coding			
rs4721059					intron_variant	TMEM106B		ENST00000396668	intron_variant	MODIFIER	protein_coding			
rs4721059					intron_variant	TMEM106B		ENST00000420833	intron_variant,NMD_transcript_variant	MODIFIER	nonsense_mediated_decay			
rs4721059					intron_variant	TMEM106B		ENST00000444443	downstream_gene_variant	MODIFIER	protein_coding			
rs4721059					intron_variant	TMEM106B		ENST00000462754	upstream_gene_variant	MODIFIER	retained_intron			
rs4721059					intron_variant	TMEM106B		ENST00000492762	upstream_gene_variant	MODIFIER	retained_intron			
rs138348096					intergenic_variant				intergenic_variant					
rs10950494					downstream_gene_variant	AC005019.3		ENST00000434321	downstream_gene_variant	MODIFIER	lincRNA			
rs62454583					intron_variant	ETV1		ENST00000242066	intron_variant	MODIFIER	protein_coding			
rs62454583					intron_variant	ETV1		ENST00000343495	intron_variant	MODIFIER	protein_coding			
rs62454583					intron_variant	ETV1		ENST00000399357	intron_variant	MODIFIER	protein_coding			
rs62454583					intron_variant	ETV1		ENST00000403527	intron_variant	MODIFIER	protein_coding			
rs62454583					intron_variant	ETV1		ENST00000403685	intron_variant	MODIFIER	protein_coding			
rs62454583					intron_variant	ETV1		ENST00000405192	intron_variant	MODIFIER	protein_coding			
rs62454583					intron_variant	ETV1		ENST00000405218	intron_variant	MODIFIER	protein_coding			
rs62454583					intron_variant	ETV1		ENST00000405358	intron_variant	MODIFIER	protein_coding			
rs62454583					intron_variant	ETV1		ENST00000420159	intron_variant	MODIFIER	protein_coding			
rs62454583					intron_variant	ETV1		ENST00000421381	intron_variant	MODIFIER	protein_coding			
rs62454583					intron_variant	ETV1		ENST00000430479	intron_variant	MODIFIER	protein_coding			
rs62454583					intron_variant	ETV1		ENST00000431887	intron_variant	MODIFIER	protein_coding			
rs62454583					intron_variant	ETV1		ENST00000438956	intron_variant	MODIFIER	protein_coding			
rs62454583					intron_variant	ETV1		ENST00000443137	intron_variant,NMD_transcript_variant	MODIFIER	nonsense_mediated_decay			
rs62454583					intron_variant	ETV1		ENST00000443608	intron_variant	MODIFIER	protein_coding			
rs62454583					intron_variant	ETV1		ENST00000472931	intron_variant,non_coding_transcript_variant	MODIFIER	retained_intron			
rs62454583					intron_variant	ETV1		ENST00000476355	intron_variant,non_coding_transcript_variant	MODIFIER	retained_intron			
rs62454583					intron_variant	ETV1		ENST00000476720	intron_variant,non_coding_transcript_variant	MODIFIER	processed_transcript			
rs62454583					intron_variant	ETV1		ENST00000497115	intron_variant,non_coding_transcript_variant	MODIFIER	processed_transcript			
rs17168486					intron_variant	DGKB		ENST00000402815	intron_variant	MODIFIER	protein_coding			
rs17168486					intron_variant	DGKB		ENST00000403951	intron_variant	MODIFIER	protein_coding			
rs17168486					intron_variant	DGKB		ENST00000403963	intron_variant,non_coding_transcript_variant	MODIFIER	processed_transcript			
rs17168486					intron_variant	DGKB		ENST00000407950	intron_variant	MODIFIER	protein_coding			
rs17168486					intron_variant	DGKB		ENST00000437998	intron_variant	MODIFIER	protein_coding			
rs17168486					intron_variant	DGKB		ENST00000444700	intron_variant	MODIFIER	protein_coding			
rs17168486					intron_variant	DGKB		ENST00000463981	intron_variant,non_coding_transcript_variant	MODIFIER	processed_transcript			
rs17168486					intron_variant	DGKB		ENST00000467449	intron_variant,non_coding_transcript_variant	MODIFIER	processed_transcript			
rs17168486					intron_variant	DGKB		ENST00000477401	intron_variant,non_coding_transcript_variant	MODIFIER	retained_intron			
rs4719433					intergenic_variant				intergenic_variant					
rs17168605					intergenic_variant				intergenic_variant					
rs38205					intergenic_variant				intergenic_variant					
rs302177					intron_variant	HDAC9		ENST00000417496	intron_variant	MODIFIER	protein_coding			
rs302177					intron_variant	HDAC9		ENST00000425071	intron_variant,non_coding_transcript_variant	MODIFIER	processed_transcript			
rs10259561					intron_variant	TOMM7		ENST00000358435	intron_variant	MODIFIER	protein_coding			
rs10259561					intron_variant	TOMM7		ENST00000372879	intron_variant	MODIFIER	protein_coding			
rs10259561					intron_variant	TOMM7		ENST00000405021	intron_variant	MODIFIER	protein_coding			
rs10259561					intron_variant	TOMM7		ENST00000463284	intron_variant,non_coding_transcript_variant	MODIFIER	processed_transcript			
rs10259561					intron_variant	TOMM7		ENST00000483581	upstream_gene_variant	MODIFIER	retained_intron			
rs10259561					intron_variant	TOMM7		ENST00000496129	intron_variant,non_coding_transcript_variant	MODIFIER	retained_intron			
rs73281645					intron_variant	IGF2BP3		ENST00000258729	intron_variant	MODIFIER	protein_coding			
rs73281645					intron_variant	SNORD65		ENST00000390962	upstream_gene_variant	MODIFIER	snoRNA			
rs73281645					intron_variant	IGF2BP3		ENST00000421467	intron_variant,NMD_transcript_variant	MODIFIER	nonsense_mediated_decay			
rs73281645					intron_variant	IGF2BP3		ENST00000465058	intron_variant,non_coding_transcript_variant	MODIFIER	processed_transcript			
rs73281645					intron_variant	IGF2BP3		ENST00000466809	intron_variant,non_coding_transcript_variant	MODIFIER	processed_transcript			
rs73281645					intron_variant	IGF2BP3		ENST00000468263	intron_variant,non_coding_transcript_variant	MODIFIER	processed_transcript			
rs73281645					intron_variant	IGF2BP3		ENST00000469723	intron_variant,non_coding_transcript_variant	MODIFIER	processed_transcript			
rs73281645					intron_variant	IGF2BP3		ENST00000474105	intron_variant,non_coding_transcript_variant	MODIFIER	processed_transcript			
rs73281645					intron_variant	IGF2BP3		ENST00000476938	intron_variant,non_coding_transcript_variant	MODIFIER	retained_intron			
rs73281645					intron_variant	IGF2BP3		ENST00000479504	intron_variant,non_coding_transcript_variant	MODIFIER	processed_transcript			
rs73281645					intron_variant	IGF2BP3		ENST00000491719	intron_variant,non_coding_transcript_variant	MODIFIER	processed_transcript			
rs73281645					intron_variant	IGF2BP3		ENST00000492771	intron_variant,non_coding_transcript_variant	MODIFIER	processed_transcript			
rs227941					non_coding_transcript_exon_variant	AC006026.9		ENST00000444025	non_coding_transcript_exon_variant	MODIFIER	processed_pseudogene			
rs35274205					intergenic_variant				intergenic_variant					
rs1534696					intron_variant	SNX10		ENST00000338523	intron_variant	MODIFIER	protein_coding			
rs1534696					intron_variant	SNX10		ENST00000396376	intron_variant	MODIFIER	protein_coding			
rs1534696					intron_variant	SNX10		ENST00000409367	intron_variant	MODIFIER	protein_coding			
rs1534696					intron_variant	SNX10		ENST00000412416	intron_variant	MODIFIER	protein_coding			
rs1534696					intron_variant	SNX10		ENST00000416246	intron_variant	MODIFIER	protein_coding			
rs1534696					intron_variant	SNX10		ENST00000446848	intron_variant	MODIFIER	protein_coding			
rs6968655					downstream_gene_variant	KIAA0087		ENST00000242109	downstream_gene_variant	MODIFIER	protein_coding			
rs74847755					intron_variant	JAZF1		ENST00000283928	intron_variant	MODIFIER	protein_coding			
rs74847755					intron_variant	JAZF1		ENST00000452993	intron_variant,NMD_transcript_variant	MODIFIER	nonsense_mediated_decay			
rs74847755					intron_variant	JAZF1		ENST00000454041	intron_variant,NMD_transcript_variant	MODIFIER	nonsense_mediated_decay			
rs860262					intron_variant	JAZF1		ENST00000283928	intron_variant	MODIFIER	protein_coding			
rs860262					intron_variant	JAZF1		ENST00000452993	intron_variant,NMD_transcript_variant	MODIFIER	nonsense_mediated_decay			
rs860262					intron_variant	JAZF1		ENST00000454041	intron_variant,NMD_transcript_variant	MODIFIER	nonsense_mediated_decay			
rs917195					non_coding_transcript_exon_variant	CRHR2		ENST00000341843	upstream_gene_variant	MODIFIER	protein_coding			
rs917195					non_coding_transcript_exon_variant	CRHR2		ENST00000348438	intron_variant	MODIFIER	protein_coding			
rs917195					non_coding_transcript_exon_variant	CRHR2		ENST00000423776	intron_variant,NMD_transcript_variant	MODIFIER	nonsense_mediated_decay			
rs917195					non_coding_transcript_exon_variant	CRHR2		ENST00000445981	intron_variant	MODIFIER	protein_coding			
rs917195					non_coding_transcript_exon_variant	CRHR2		ENST00000452278	intron_variant,NMD_transcript_variant	MODIFIER	nonsense_mediated_decay			
rs917195					non_coding_transcript_exon_variant	CRHR2		ENST00000462882	non_coding_transcript_exon_variant	MODIFIER	processed_transcript			
rs4720212					intron_variant	AOAH		ENST00000258749	intron_variant	MODIFIER	protein_coding			
rs4720212					intron_variant	AOAH		ENST00000414637	intron_variant,NMD_transcript_variant	MODIFIER	nonsense_mediated_decay			
rs4720212					intron_variant	AOAH		ENST00000431169	intron_variant	MODIFIER	protein_coding			
rs4720212					intron_variant	AOAH		ENST00000435386	intron_variant	MODIFIER	protein_coding			
rs4720212					intron_variant	AOAH		ENST00000535891	intron_variant	MODIFIER	protein_coding			
rs13222509					intergenic_variant				intergenic_variant					
rs10232743					upstream_gene_variant	URGCP		ENST00000223341	downstream_gene_variant	MODIFIER	protein_coding			
rs10232743					upstream_gene_variant	MRPS24		ENST00000317534	upstream_gene_variant	MODIFIER	protein_coding			
rs10232743					upstream_gene_variant	URGCP		ENST00000336086	downstream_gene_variant	MODIFIER	protein_coding			
rs10232743					upstream_gene_variant	URGCP		ENST00000402306	downstream_gene_variant	MODIFIER	protein_coding			
rs10232743					upstream_gene_variant	MRPS24		ENST00000414932	upstream_gene_variant	MODIFIER	nonsense_mediated_decay			
rs10232743					upstream_gene_variant	MRPS24		ENST00000418740	upstream_gene_variant	MODIFIER	nonsense_mediated_decay			
rs10232743					upstream_gene_variant	URGCP		ENST00000443736	downstream_gene_variant	MODIFIER	protein_coding			
rs10232743					upstream_gene_variant	URGCP		ENST00000453200	downstream_gene_variant	MODIFIER	protein_coding			
rs10232743					upstream_gene_variant	MRPS24		ENST00000467084	upstream_gene_variant	MODIFIER	processed_transcript			
rs10232743					upstream_gene_variant	MRPS24		ENST00000483330	upstream_gene_variant	MODIFIER	retained_intron			
rs10232743					upstream_gene_variant	URGCP		ENST00000497914	downstream_gene_variant	MODIFIER	processed_transcript			
rs62460065					intron_variant	AEBP1		ENST00000223357	intron_variant	MODIFIER	protein_coding			
rs62460065					intron_variant	POLD2		ENST00000223361	downstream_gene_variant	MODIFIER	protein_coding			
rs62460065					intron_variant	POLD2		ENST00000406581	downstream_gene_variant	MODIFIER	protein_coding			
rs62460065					intron_variant	AEBP1		ENST00000413907	intron_variant,NMD_transcript_variant	MODIFIER	nonsense_mediated_decay			
rs62460065					intron_variant	AEBP1		ENST00000431035	upstream_gene_variant	MODIFIER	nonsense_mediated_decay			
rs62460065					intron_variant	AEBP1		ENST00000434445	intron_variant,NMD_transcript_variant	MODIFIER	nonsense_mediated_decay			
rs62460065					intron_variant	POLD2		ENST00000436400	downstream_gene_variant	MODIFIER	protein_coding			
rs62460065					intron_variant	POLD2		ENST00000436844	downstream_gene_variant	MODIFIER	protein_coding			
rs62460065					intron_variant	AEBP1		ENST00000449162	downstream_gene_variant	MODIFIER	protein_coding			
rs62460065					intron_variant	AEBP1		ENST00000450684	intron_variant	MODIFIER	protein_coding			
rs62460065					intron_variant	POLD2		ENST00000452185	downstream_gene_variant	MODIFIER	protein_coding			
rs62460065					intron_variant	AEBP1		ENST00000453052	downstream_gene_variant	MODIFIER	nonsense_mediated_decay			
rs62460065					intron_variant	AEBP1		ENST00000454218	downstream_gene_variant	MODIFIER	processed_transcript			
rs62460065					intron_variant	AEBP1		ENST00000455443	downstream_gene_variant	MODIFIER	protein_coding			
rs62460065					intron_variant	POLD2		ENST00000489883	downstream_gene_variant	MODIFIER	retained_intron			
rs62460065					intron_variant	MIR4649		ENST00000582839	downstream_gene_variant	MODIFIER	miRNA			
rs2908296					intron_variant	GCK		ENST00000345378	intron_variant	MODIFIER	protein_coding			
rs2908296					intron_variant	GCK		ENST00000395796	intron_variant	MODIFIER	protein_coding			
rs2908296					intron_variant	GCK		ENST00000403799	intron_variant	MODIFIER	protein_coding			
rs2908296					intron_variant	GCK		ENST00000437084	intron_variant	MODIFIER	protein_coding			
rs2908296					intron_variant	GCK		ENST00000476008	intron_variant,non_coding_transcript_variant	MODIFIER	processed_transcript			
rs878521					downstream_gene_variant	YKT6		ENST00000223369	downstream_gene_variant	MODIFIER	protein_coding			
rs878521					downstream_gene_variant	CAMK2B		ENST00000258682	downstream_gene_variant	MODIFIER	protein_coding			
rs878521					downstream_gene_variant	CAMK2B		ENST00000346990	downstream_gene_variant	MODIFIER	protein_coding			
rs878521					downstream_gene_variant	CAMK2B		ENST00000347193	downstream_gene_variant	MODIFIER	protein_coding			
rs878521					downstream_gene_variant	CAMK2B		ENST00000350811	downstream_gene_variant	MODIFIER	protein_coding			
rs878521					downstream_gene_variant	CAMK2B		ENST00000353185	downstream_gene_variant	MODIFIER	nonsense_mediated_decay			
rs878521					downstream_gene_variant	CAMK2B		ENST00000353625	downstream_gene_variant	MODIFIER	protein_coding			
rs878521					downstream_gene_variant	CAMK2B		ENST00000358707	downstream_gene_variant	MODIFIER	protein_coding			
rs878521					downstream_gene_variant	CAMK2B		ENST00000395747	downstream_gene_variant	MODIFIER	protein_coding			
rs878521					downstream_gene_variant	CAMK2B		ENST00000395749	downstream_gene_variant	MODIFIER	protein_coding			
rs878521					downstream_gene_variant	YKT6		ENST00000421621	downstream_gene_variant	MODIFIER	retained_intron			
rs878521					downstream_gene_variant	YKT6		ENST00000424864	downstream_gene_variant	MODIFIER	nonsense_mediated_decay			
rs878521					downstream_gene_variant	CAMK2B		ENST00000425809	downstream_gene_variant	MODIFIER	protein_coding			
rs878521					downstream_gene_variant	CAMK2B		ENST00000440254	downstream_gene_variant	MODIFIER	protein_coding			
rs878521					downstream_gene_variant	YKT6		ENST00000447123	downstream_gene_variant	MODIFIER	processed_transcript			
rs878521					downstream_gene_variant	CAMK2B		ENST00000457475	downstream_gene_variant	MODIFIER	protein_coding			
rs878521					downstream_gene_variant	CAMK2B		ENST00000466584	downstream_gene_variant	MODIFIER	retained_intron			
rs878521					downstream_gene_variant	CAMK2B		ENST00000489429	downstream_gene_variant	MODIFIER	processed_transcript			
rs878521					downstream_gene_variant	YKT6		ENST00000496112	downstream_gene_variant	MODIFIER	protein_coding			
rs878521					downstream_gene_variant	CAMK2B		ENST00000497584	downstream_gene_variant	MODIFIER	processed_transcript			
rs878521					downstream_gene_variant	CAMK2B		ENST00000502837	downstream_gene_variant	MODIFIER	protein_coding			
rs878521					downstream_gene_variant	CAMK2B		ENST00000523845	downstream_gene_variant	MODIFIER	nonsense_mediated_decay			
rs116913033					non_coding_transcript_exon_variant	CAMK2B		ENST00000258682	upstream_gene_variant	MODIFIER	protein_coding			
rs116913033					non_coding_transcript_exon_variant	CAMK2B		ENST00000346990	upstream_gene_variant	MODIFIER	protein_coding			
rs116913033					non_coding_transcript_exon_variant	CAMK2B		ENST00000347193	upstream_gene_variant	MODIFIER	protein_coding			
rs116913033					non_coding_transcript_exon_variant	CAMK2B		ENST00000350811	upstream_gene_variant	MODIFIER	protein_coding			
rs116913033					non_coding_transcript_exon_variant	CAMK2B		ENST00000353185	upstream_gene_variant	MODIFIER	nonsense_mediated_decay			
rs116913033					non_coding_transcript_exon_variant	CAMK2B		ENST00000353625	upstream_gene_variant	MODIFIER	protein_coding			
rs116913033					non_coding_transcript_exon_variant	CAMK2B		ENST00000358707	upstream_gene_variant	MODIFIER	protein_coding			
rs116913033					non_coding_transcript_exon_variant	CAMK2B		ENST00000395747	upstream_gene_variant	MODIFIER	protein_coding			
rs116913033					non_coding_transcript_exon_variant	CAMK2B		ENST00000395749	upstream_gene_variant	MODIFIER	protein_coding			
rs116913033					non_coding_transcript_exon_variant	CAMK2B		ENST00000415369	upstream_gene_variant	MODIFIER	protein_coding			
rs116913033					non_coding_transcript_exon_variant	CAMK2B		ENST00000421607	upstream_gene_variant	MODIFIER	protein_coding			
rs116913033					non_coding_transcript_exon_variant	CAMK2B		ENST00000424197	upstream_gene_variant	MODIFIER	protein_coding			
rs116913033					non_coding_transcript_exon_variant	CAMK2B		ENST00000427209	upstream_gene_variant	MODIFIER	processed_transcript			
rs116913033					non_coding_transcript_exon_variant	CAMK2B		ENST00000440254	upstream_gene_variant	MODIFIER	protein_coding			
rs116913033					non_coding_transcript_exon_variant	CAMK2B		ENST00000457475	upstream_gene_variant	MODIFIER	protein_coding			
rs116913033					non_coding_transcript_exon_variant	CAMK2B		ENST00000470984	non_coding_transcript_exon_variant	MODIFIER	processed_transcript			
rs116913033					non_coding_transcript_exon_variant	CAMK2B		ENST00000495819	upstream_gene_variant	MODIFIER	processed_transcript			
rs116913033					non_coding_transcript_exon_variant	CAMK2B		ENST00000497584	intron_variant,non_coding_transcript_variant	MODIFIER	processed_transcript			
rs116913033					non_coding_transcript_exon_variant	CAMK2B		ENST00000502837	upstream_gene_variant	MODIFIER	protein_coding			
rs116913033					non_coding_transcript_exon_variant	CAMK2B		ENST00000523845	upstream_gene_variant	MODIFIER	nonsense_mediated_decay			
rs77211442					intron_variant	AC073325.1		ENST00000443714	intron_variant,non_coding_transcript_variant	MODIFIER	lincRNA			
rs11983595					intergenic_variant				intergenic_variant					
rs7458670					intergenic_variant				intergenic_variant					
rs2237442					intron_variant	GRB10		ENST00000335866	intron_variant	MODIFIER	protein_coding			
rs2237442					intron_variant	GRB10		ENST00000357271	intron_variant	MODIFIER	protein_coding			
rs2237442					intron_variant	GRB10		ENST00000398810	intron_variant	MODIFIER	protein_coding			
rs2237442					intron_variant	GRB10		ENST00000398812	intron_variant	MODIFIER	protein_coding			
rs2237442					intron_variant	GRB10		ENST00000401949	intron_variant	MODIFIER	protein_coding			
rs2237442					intron_variant	GRB10		ENST00000402497	intron_variant	MODIFIER	protein_coding			
rs2237442					intron_variant	GRB10		ENST00000402578	intron_variant	MODIFIER	protein_coding			
rs2237442					intron_variant	GRB10		ENST00000403097	intron_variant	MODIFIER	protein_coding			
rs2237442					intron_variant	GRB10		ENST00000406641	intron_variant	MODIFIER	protein_coding			
rs2237442					intron_variant	GRB10		ENST00000407526	intron_variant	MODIFIER	protein_coding			
rs2237442					intron_variant	GRB10		ENST00000428711	upstream_gene_variant	MODIFIER	protein_coding			
rs2237442					intron_variant	GRB10		ENST00000439599	intron_variant	MODIFIER	protein_coding			
rs720068					intron_variant	RP4-724E13.2		ENST00000420449	intron_variant,non_coding_transcript_variant	MODIFIER	antisense			
rs735048					intron_variant	COBL		ENST00000265136	intron_variant	MODIFIER	protein_coding			
rs735048					intron_variant	COBL		ENST00000395542	intron_variant	MODIFIER	protein_coding			
rs735048					intron_variant	RP4-724E13.2		ENST00000420449	intron_variant,non_coding_transcript_variant	MODIFIER	antisense			
rs735048					intron_variant	COBL		ENST00000431948	intron_variant	MODIFIER	protein_coding			
rs735048					intron_variant	COBL		ENST00000445054	intron_variant	MODIFIER	protein_coding			
rs735048					intron_variant	COBL		ENST00000462395	intron_variant,non_coding_transcript_variant	MODIFIER	retained_intron			
rs735048					intron_variant	RP4-724E13.2		ENST00000582616	intron_variant,non_coding_transcript_variant	MODIFIER	antisense			
rs10249231					intergenic_variant				intergenic_variant					
rs10950177					intron_variant	RP11-3P22.2		ENST00000435148	intron_variant,non_coding_transcript_variant	MODIFIER	lincRNA			
rs7790934					intron_variant	AUTS2		ENST00000342771	intron_variant	MODIFIER	protein_coding			
rs7790934					intron_variant	AUTS2		ENST00000403018	intron_variant	MODIFIER	protein_coding			
rs7790934					intron_variant	AUTS2		ENST00000406775	intron_variant	MODIFIER	protein_coding			
rs6460047					upstream_gene_variant	MLXIPL		ENST00000570592	upstream_gene_variant	MODIFIER	nonsense_mediated_decay			
rs6460047					upstream_gene_variant	MLXIPL		ENST00000570829	upstream_gene_variant	MODIFIER	protein_coding			
rs6460047					upstream_gene_variant	MLXIPL		ENST00000572858	upstream_gene_variant	MODIFIER	protein_coding			
rs6460047					upstream_gene_variant	MLXIPL		ENST00000573014	upstream_gene_variant	MODIFIER	protein_coding			
rs6460047					upstream_gene_variant	MLXIPL		ENST00000574203	upstream_gene_variant	MODIFIER	protein_coding			
rs6460047					upstream_gene_variant	MLXIPL		ENST00000574926	upstream_gene_variant	MODIFIER	protein_coding			
rs6460047					upstream_gene_variant	MLXIPL		ENST00000575492	upstream_gene_variant	MODIFIER	protein_coding			
rs6460047					upstream_gene_variant	MLXIPL		ENST00000575853	upstream_gene_variant	MODIFIER	protein_coding			
rs6460047					upstream_gene_variant	MLXIPL		ENST00000313375	upstream_gene_variant	MODIFIER	protein_coding			
rs6460047					upstream_gene_variant	MLXIPL		ENST00000345114	upstream_gene_variant	MODIFIER	nonsense_mediated_decay			
rs6460047					upstream_gene_variant	MLXIPL		ENST00000354613	upstream_gene_variant	MODIFIER	protein_coding			
rs6460047					upstream_gene_variant	MLXIPL		ENST00000395189	upstream_gene_variant	MODIFIER	protein_coding			
rs6460047					upstream_gene_variant	MLXIPL		ENST00000414749	upstream_gene_variant	MODIFIER	protein_coding			
rs6460047					upstream_gene_variant	MLXIPL		ENST00000429400	upstream_gene_variant	MODIFIER	protein_coding			
rs6460047					upstream_gene_variant	MLXIPL		ENST00000434326	upstream_gene_variant	MODIFIER	protein_coding			
rs6460047					upstream_gene_variant	MLXIPL		ENST00000453275	upstream_gene_variant	MODIFIER	protein_coding			
rs7792074					intergenic_variant				intergenic_variant					
rs35005436					intron_variant	GTF2I		ENST00000573035	intron_variant	MODIFIER	protein_coding			
rs35005436					intron_variant	GTF2I		ENST00000324896	intron_variant	MODIFIER	protein_coding			
rs35005436					intron_variant	GTF2I		ENST00000346152	intron_variant	MODIFIER	protein_coding			
rs35005436					intron_variant	GTF2I		ENST00000353920	intron_variant	MODIFIER	protein_coding			
rs35005436					intron_variant	STAG3L2		ENST00000380775	intron_variant,non_coding_transcript_variant	MODIFIER	transcribed_unprocessed_pseudogene			
rs35005436					intron_variant	GTF2I		ENST00000416070	intron_variant	MODIFIER	protein_coding			
rs35005436					intron_variant	AC083884.8		ENST00000434256	intron_variant,non_coding_transcript_variant	MODIFIER	antisense			
rs35005436					intron_variant	GTF2I		ENST00000443166	downstream_gene_variant	MODIFIER	protein_coding			
rs35005436					intron_variant	AC083884.8		ENST00000450426	intron_variant,non_coding_transcript_variant	MODIFIER	antisense			
rs35005436					intron_variant	GTF2I		ENST00000484840	intron_variant,non_coding_transcript_variant	MODIFIER	retained_intron			
rs35005436					intron_variant	AC083884.8		ENST00000594967	intron_variant,non_coding_transcript_variant	MODIFIER	antisense			
rs35005436					intron_variant	AC083884.8		ENST00000601921	intron_variant,non_coding_transcript_variant	MODIFIER	retained_intron			
rs3926926					intron_variant	UPK3B		ENST00000419923	intron_variant	MODIFIER	protein_coding			
rs3926926					intron_variant	UPK3B		ENST00000443097	intron_variant	MODIFIER	protein_coding			
rs150429692					intron_variant	FAM185BP		ENST00000443595	intron_variant,non_coding_transcript_variant	MODIFIER	unprocessed_pseudogene			
rs9641219					intron_variant	GSAP		ENST00000257626	intron_variant	MODIFIER	protein_coding			
rs9641219					intron_variant	GSAP		ENST00000430584	intron_variant	MODIFIER	protein_coding			
rs9641219					intron_variant	RP5-899E9.1		ENST00000608884	upstream_gene_variant	MODIFIER	lincRNA			
rs1852006					intron_variant	MAGI2		ENST00000354212	intron_variant	MODIFIER	protein_coding			
rs1852006					intron_variant	MAGI2		ENST00000419488	intron_variant	MODIFIER	protein_coding			
rs1852006					intron_variant	MAGI2		ENST00000519748	intron_variant,non_coding_transcript_variant	MODIFIER	retained_intron			
rs1852006					intron_variant	MAGI2		ENST00000520379	intron_variant,non_coding_transcript_variant	MODIFIER	retained_intron			
rs1852006					intron_variant	MAGI2		ENST00000522391	intron_variant	MODIFIER	protein_coding			
rs1852006					intron_variant	MAGI2		ENST00000524316	upstream_gene_variant	MODIFIER	processed_transcript			
rs10231441					intron_variant	SEMA3D		ENST00000284136	intron_variant	MODIFIER	protein_coding			
rs10231441					intron_variant	SEMA3D		ENST00000484038	intron_variant,non_coding_transcript_variant	MODIFIER	processed_transcript			
rs39257					intron_variant	STEAP2-AS1		ENST00000478318	intron_variant,non_coding_transcript_variant	MODIFIER	antisense			
rs8179					3_prime_UTR_variant	CDK6		ENST00000265734	3_prime_UTR_variant	MODIFIER	protein_coding			
rs76369672					intron_variant	CALCR		ENST00000359558	intron_variant	MODIFIER	protein_coding			
rs76369672					intron_variant	CALCR		ENST00000360249	intron_variant	MODIFIER	protein_coding			
rs76369672					intron_variant	CALCR		ENST00000394441	intron_variant	MODIFIER	protein_coding			
rs76369672					intron_variant	CALCR		ENST00000415529	upstream_gene_variant	MODIFIER	nonsense_mediated_decay			
rs76369672					intron_variant	CALCR		ENST00000421592	intron_variant	MODIFIER	protein_coding			
rs76369672					intron_variant	CALCR		ENST00000423724	upstream_gene_variant	MODIFIER	nonsense_mediated_decay			
rs76369672					intron_variant	CALCR		ENST00000426151	intron_variant	MODIFIER	protein_coding			
rs9641233					intron_variant	LMTK2		ENST00000297293	intron_variant	MODIFIER	protein_coding			
rs142520867					5_prime_UTR_variant	PILRB		ENST00000419749	upstream_gene_variant	MODIFIER	protein_coding			
rs142520867					5_prime_UTR_variant	PILRB		ENST00000422808	upstream_gene_variant	MODIFIER	protein_coding			
rs142520867					5_prime_UTR_variant	PILRB		ENST00000431140	upstream_gene_variant	MODIFIER	protein_coding			
rs142520867					5_prime_UTR_variant	PVRIG2P		ENST00000435460	upstream_gene_variant	MODIFIER	transcribed_unprocessed_pseudogene			
rs142520867					5_prime_UTR_variant	PILRB		ENST00000438028	upstream_gene_variant	MODIFIER	protein_coding			
rs142520867					5_prime_UTR_variant	PILRB		ENST00000443526	upstream_gene_variant	MODIFIER	protein_coding			
rs142520867					5_prime_UTR_variant	PILRB		ENST00000444073	upstream_gene_variant	MODIFIER	protein_coding			
rs142520867					5_prime_UTR_variant	PILRB		ENST00000448382	upstream_gene_variant	MODIFIER	protein_coding			
rs142520867					5_prime_UTR_variant	PILRB		ENST00000452089	5_prime_UTR_variant	MODIFIER	protein_coding			
rs142520867					5_prime_UTR_variant	PILRB		ENST00000455145	upstream_gene_variant	MODIFIER	protein_coding			
rs142520867					5_prime_UTR_variant	PILRB		ENST00000457519	upstream_gene_variant	MODIFIER	protein_coding			
rs142520867					5_prime_UTR_variant	STAG3L5P		ENST00000473757	downstream_gene_variant	MODIFIER	retained_intron			
rs142520867					5_prime_UTR_variant	STAG3L5P		ENST00000488972	downstream_gene_variant	MODIFIER	processed_transcript			
rs142520867					5_prime_UTR_variant	PILRB		ENST00000493091	upstream_gene_variant	MODIFIER	retained_intron			
rs142520867					5_prime_UTR_variant	STAG3L5P		ENST00000493499	downstream_gene_variant	MODIFIER	processed_transcript			
rs142520867					5_prime_UTR_variant	PILRB		ENST00000608825	upstream_gene_variant	MODIFIER	protein_coding			
rs142520867					5_prime_UTR_variant	PILRB		ENST00000610247	5_prime_UTR_variant	MODIFIER	protein_coding			
rs4727462					upstream_gene_variant	ZAN		ENST00000348028	upstream_gene_variant	MODIFIER	polymorphic_pseudogene			
rs4727462					upstream_gene_variant	ZAN		ENST00000349350	upstream_gene_variant	MODIFIER	polymorphic_pseudogene			
rs4727462					upstream_gene_variant	ZAN		ENST00000421100	upstream_gene_variant	MODIFIER	polymorphic_pseudogene			
rs4727462					upstream_gene_variant	ZAN		ENST00000427578	upstream_gene_variant	MODIFIER	polymorphic_pseudogene			
rs4727462					upstream_gene_variant	ZAN		ENST00000443370	upstream_gene_variant	MODIFIER	polymorphic_pseudogene			
rs4727462					upstream_gene_variant	ZAN		ENST00000449052	upstream_gene_variant	MODIFIER	polymorphic_pseudogene			
rs4727462					upstream_gene_variant	ZAN		ENST00000538115	upstream_gene_variant	MODIFIER	protein_coding			
rs4727462					upstream_gene_variant	ZAN		ENST00000542585	upstream_gene_variant	MODIFIER	protein_coding			
rs4727462					upstream_gene_variant	ZAN		ENST00000546213	upstream_gene_variant	MODIFIER	protein_coding			
rs4727462					upstream_gene_variant	ZAN		ENST00000546292	upstream_gene_variant	MODIFIER	protein_coding			
rs6969685					upstream_gene_variant	AP1S1		ENST00000337619	upstream_gene_variant	MODIFIER	protein_coding			
rs6969685					upstream_gene_variant	AP1S1		ENST00000429457	upstream_gene_variant	MODIFIER	protein_coding			
rs6969685					upstream_gene_variant	AP1S1		ENST00000443943	upstream_gene_variant	MODIFIER	nonsense_mediated_decay			
rs12534945					intron_variant	PRKRIP1		ENST00000563152	intron_variant,non_coding_transcript_variant	MODIFIER	processed_transcript			
rs12534945					intron_variant	PRKRIP1		ENST00000564985	intron_variant	MODIFIER	protein_coding			
rs12534945					intron_variant	PRKRIP1		ENST00000565621	intron_variant,non_coding_transcript_variant	MODIFIER	processed_transcript			
rs12534945					intron_variant	PRKRIP1		ENST00000567424	intron_variant,non_coding_transcript_variant	MODIFIER	processed_transcript			
rs12534945					intron_variant	PRKRIP1		ENST00000567878	intron_variant,non_coding_transcript_variant	MODIFIER	retained_intron			
rs12534945					intron_variant	PRKRIP1		ENST00000568201	intron_variant	MODIFIER	protein_coding			
rs12534945					intron_variant	PRKRIP1		ENST00000569623	intron_variant	MODIFIER	protein_coding			
rs12534945					intron_variant	PRKRIP1		ENST00000354783	intron_variant	MODIFIER	protein_coding			
rs12534945					intron_variant	PRKRIP1		ENST00000397912	intron_variant	MODIFIER	protein_coding			
rs12534945					intron_variant	PRKRIP1		ENST00000462601	intron_variant	MODIFIER	protein_coding			
rs12534945					intron_variant	PRKRIP1		ENST00000468316	intron_variant,non_coding_transcript_variant	MODIFIER	retained_intron			
rs12534945					intron_variant	PRKRIP1		ENST00000469763	intron_variant,non_coding_transcript_variant	MODIFIER	processed_transcript			
rs12534945					intron_variant	PRKRIP1		ENST00000482465	intron_variant,non_coding_transcript_variant	MODIFIER	processed_transcript			
rs12534945					intron_variant	PRKRIP1		ENST00000482549	intron_variant,non_coding_transcript_variant	MODIFIER	processed_transcript			
rs12534945					intron_variant	PRKRIP1		ENST00000496391	intron_variant	MODIFIER	protein_coding			
rs76999373					upstream_gene_variant	RASA4DP		ENST00000460726	upstream_gene_variant	MODIFIER	unprocessed_pseudogene			
rs7781557					intron_variant	FBXL13		ENST00000313221	intron_variant	MODIFIER	protein_coding			
rs7781557					intron_variant	FBXL13		ENST00000379305	intron_variant	MODIFIER	protein_coding			
rs7781557					intron_variant	FBXL13		ENST00000379306	intron_variant	MODIFIER	protein_coding			
rs7781557					intron_variant	FBXL13		ENST00000379308	intron_variant	MODIFIER	protein_coding			
rs7781557					intron_variant	FBXL13		ENST00000393772	intron_variant	MODIFIER	protein_coding			
rs7781557					intron_variant	FBXL13		ENST00000436908	intron_variant	MODIFIER	protein_coding			
rs7781557					intron_variant	FBXL13		ENST00000448002	intron_variant,NMD_transcript_variant	MODIFIER	nonsense_mediated_decay			
rs7781557					intron_variant	FBXL13		ENST00000455112	intron_variant	MODIFIER	protein_coding			
rs7781557					intron_variant	FBXL13		ENST00000456695	intron_variant	MODIFIER	protein_coding			
rs62484946					intron_variant	LRRC17		ENST00000249377	upstream_gene_variant	MODIFIER	protein_coding			
rs62484946					intron_variant	FBXL13		ENST00000313221	intron_variant	MODIFIER	protein_coding			
rs62484946					intron_variant	LRRC17		ENST00000339431	upstream_gene_variant	MODIFIER	protein_coding			
rs62484946					intron_variant	FBXL13		ENST00000379305	intron_variant	MODIFIER	protein_coding			
rs62484946					intron_variant	FBXL13		ENST00000379306	intron_variant	MODIFIER	protein_coding			
rs62484946					intron_variant	FBXL13		ENST00000379308	intron_variant	MODIFIER	protein_coding			
rs62484946					intron_variant	FBXL13		ENST00000393772	intron_variant	MODIFIER	protein_coding			
rs62484946					intron_variant	FBXL13		ENST00000436908	intron_variant	MODIFIER	protein_coding			
rs62484946					intron_variant	FBXL13		ENST00000448002	intron_variant,NMD_transcript_variant	MODIFIER	nonsense_mediated_decay			
rs62484946					intron_variant	FBXL13		ENST00000455112	intron_variant	MODIFIER	protein_coding			
rs62484946					intron_variant	FBXL13		ENST00000456695	intron_variant	MODIFIER	protein_coding			
rs62484946					intron_variant	FBXL13		ENST00000477915	intron_variant,non_coding_transcript_variant	MODIFIER	processed_transcript			
rs62484946					intron_variant	LRRC17		ENST00000498487	upstream_gene_variant	MODIFIER	processed_transcript			
rs262350					intron_variant	RELN		ENST00000343529	intron_variant	MODIFIER	protein_coding			
rs262350					intron_variant	RELN		ENST00000424685	intron_variant	MODIFIER	protein_coding			
rs262350					intron_variant	RELN		ENST00000428762	intron_variant	MODIFIER	protein_coding			
rs73186041					intron_variant	SRPK2		ENST00000393651	intron_variant	MODIFIER	protein_coding			
rs73186041					intron_variant	SRPK2		ENST00000460391	intron_variant	MODIFIER	protein_coding			
rs73186041					intron_variant	SRPK2		ENST00000462282	intron_variant,non_coding_transcript_variant	MODIFIER	processed_transcript			
rs73186041					intron_variant	SRPK2		ENST00000465112	intron_variant,NMD_transcript_variant	MODIFIER	nonsense_mediated_decay			
rs73186041					intron_variant	SRPK2		ENST00000482862	intron_variant,non_coding_transcript_variant	MODIFIER	processed_transcript			
rs73186041					intron_variant	SRPK2		ENST00000482897	intron_variant	MODIFIER	protein_coding			
rs73186041					intron_variant	SRPK2		ENST00000489828	intron_variant	MODIFIER	protein_coding			
rs7808028					intron_variant	PRKAR2B		ENST00000265717	intron_variant	MODIFIER	protein_coding			
rs7808028					intron_variant	PRKAR2B		ENST00000393613	intron_variant,non_coding_transcript_variant	MODIFIER	processed_transcript			
rs7808028					intron_variant	CTA-360L10.1		ENST00000494849	downstream_gene_variant	MODIFIER	antisense			
rs7808028					intron_variant	CTA-360L10.1		ENST00000589433	downstream_gene_variant	MODIFIER	antisense			
rs3906052					intergenic_variant				intergenic_variant					
rs13239186					intron_variant	CTTNBP2		ENST00000160373	intron_variant	MODIFIER	protein_coding			
rs13239186					intron_variant	CTTNBP2		ENST00000412853	intron_variant	MODIFIER	protein_coding			
rs13239186					intron_variant	CTTNBP2		ENST00000434890	intron_variant	MODIFIER	protein_coding			
rs13239186					intron_variant	CTTNBP2		ENST00000441556	intron_variant,NMD_transcript_variant	MODIFIER	nonsense_mediated_decay			
rs13239186					intron_variant	CTTNBP2		ENST00000454375	intron_variant	MODIFIER	protein_coding			
rs150715188					intron_variant	GRM8		ENST00000339582	intron_variant	MODIFIER	protein_coding			
rs150715188					intron_variant	GRM8		ENST00000341617	intron_variant,NMD_transcript_variant	MODIFIER	nonsense_mediated_decay			
rs150715188					intron_variant	GRM8		ENST00000358373	intron_variant	MODIFIER	protein_coding			
rs150715188					intron_variant	GRM8		ENST00000405249	intron_variant	MODIFIER	protein_coding			
rs150715188					intron_variant	GRM8		ENST00000423518	intron_variant,non_coding_transcript_variant	MODIFIER	processed_transcript			
rs150715188					intron_variant	GRM8		ENST00000444921	intron_variant	MODIFIER	protein_coding			
rs150715188					intron_variant	GRM8		ENST00000448250	intron_variant,non_coding_transcript_variant	MODIFIER	processed_transcript			
rs150715188					intron_variant	GRM8		ENST00000457830	intron_variant	MODIFIER	protein_coding			
rs150715188					intron_variant	GRM8		ENST00000465800	intron_variant,non_coding_transcript_variant	MODIFIER	processed_transcript			
rs150715188					intron_variant	GRM8		ENST00000465844	intron_variant	MODIFIER	protein_coding			
rs150715188					intron_variant	GRM8		ENST00000472701	intron_variant,NMD_transcript_variant	MODIFIER	nonsense_mediated_decay			
rs150715188					intron_variant	GRM8		ENST00000480995	intron_variant,non_coding_transcript_variant	MODIFIER	processed_transcript			
rs139034871					intergenic_variant				intergenic_variant					
rs62483173					intron_variant	ARF5		ENST00000000233	intron_variant	MODIFIER	protein_coding			
rs62483173					intron_variant	FSCN3		ENST00000265825	upstream_gene_variant	MODIFIER	protein_coding			
rs62483173					intron_variant	ARF5		ENST00000415666	intron_variant	MODIFIER	protein_coding			
rs62483173					intron_variant	FSCN3		ENST00000420086	upstream_gene_variant	MODIFIER	protein_coding			
rs62483173					intron_variant	FSCN3		ENST00000421705	upstream_gene_variant	MODIFIER	nonsense_mediated_decay			
rs62483173					intron_variant	ARF5		ENST00000459680	downstream_gene_variant	MODIFIER	retained_intron			
rs62483173					intron_variant	ARF5		ENST00000463733	intron_variant,non_coding_transcript_variant	MODIFIER	retained_intron			
rs62483173					intron_variant	ARF5		ENST00000467281	downstream_gene_variant	MODIFIER	processed_transcript			
rs62483173					intron_variant	FSCN3		ENST00000469242	upstream_gene_variant	MODIFIER	retained_intron			
rs62483173					intron_variant	GCC1		ENST00000473728	downstream_gene_variant	MODIFIER	processed_transcript			
rs62483173					intron_variant	FSCN3		ENST00000478328	upstream_gene_variant	MODIFIER	processed_transcript			
rs62483173					intron_variant	FSCN3		ENST00000478821	upstream_gene_variant	MODIFIER	protein_coding			
rs62483173					intron_variant	ARF5		ENST00000489673	intron_variant,non_coding_transcript_variant	MODIFIER	retained_intron			
rs62483173					intron_variant	GCC1		ENST00000497650	intron_variant,non_coding_transcript_variant	MODIFIER	processed_transcript			
rs2233580					missense_variant	PAX4		ENST00000338516	missense_variant	MODERATE	protein_coding		200.0	R/H
rs2233580					missense_variant	PAX4		ENST00000341640	missense_variant	MODERATE	protein_coding		192.0	R/H
rs2233580					missense_variant	PAX4		ENST00000378740	missense_variant	MODERATE	protein_coding		192.0	R/H
rs2233580					missense_variant	PAX4		ENST00000463946	missense_variant	MODERATE	protein_coding		190.0	R/H
rs2233580					missense_variant	PAX4		ENST00000477423	non_coding_transcript_exon_variant	MODIFIER	retained_intron			
rs2233580					missense_variant	PAX4		ENST00000483494	missense_variant,NMD_transcript_variant	MODERATE	nonsense_mediated_decay		190.0	R/H
rs3824004					missense_variant	PAX4		ENST00000338516	missense_variant	MODERATE	protein_coding		200.0	R/C
rs3824004					missense_variant	PAX4		ENST00000338516	missense_variant	MODERATE	protein_coding		200.0	R/S
rs3824004					missense_variant	PAX4		ENST00000341640	missense_variant	MODERATE	protein_coding		192.0	R/C
rs3824004					missense_variant	PAX4		ENST00000341640	missense_variant	MODERATE	protein_coding		192.0	R/S
rs3824004					missense_variant	PAX4		ENST00000378740	missense_variant	MODERATE	protein_coding		192.0	R/C
rs3824004					missense_variant	PAX4		ENST00000378740	missense_variant	MODERATE	protein_coding		192.0	R/S
rs3824004					missense_variant	PAX4		ENST00000463946	missense_variant	MODERATE	protein_coding		190.0	R/C
rs3824004					missense_variant	PAX4		ENST00000463946	missense_variant	MODERATE	protein_coding		190.0	R/S
rs3824004					missense_variant	PAX4		ENST00000477423	non_coding_transcript_exon_variant	MODIFIER	retained_intron			
rs3824004					missense_variant	PAX4		ENST00000483494	missense_variant,NMD_transcript_variant	MODERATE	nonsense_mediated_decay		190.0	R/C
rs3824004					missense_variant	PAX4		ENST00000483494	missense_variant,NMD_transcript_variant	MODERATE	nonsense_mediated_decay		190.0	R/S
rs34821625					downstream_gene_variant	LEP		ENST00000308868	downstream_gene_variant	MODIFIER	protein_coding			
rs34821625					downstream_gene_variant	RP11-62J1.4		ENST00000608625	downstream_gene_variant	MODIFIER	lincRNA			
rs76485553					regulatory_region_variant				regulatory_region_variant					
rs11557287					3_prime_UTR_variant	NRF1		ENST00000223190	3_prime_UTR_variant	MODIFIER	protein_coding			
rs11557287					3_prime_UTR_variant	NRF1		ENST00000311967	3_prime_UTR_variant	MODIFIER	protein_coding			
rs11557287					3_prime_UTR_variant	NRF1		ENST00000353868	3_prime_UTR_variant	MODIFIER	protein_coding			
rs11557287					3_prime_UTR_variant	RNA5SP244		ENST00000390936	upstream_gene_variant	MODIFIER	rRNA			
rs11557287					3_prime_UTR_variant	NRF1		ENST00000393230	3_prime_UTR_variant	MODIFIER	protein_coding			
rs11557287					3_prime_UTR_variant	NRF1		ENST00000393231	downstream_gene_variant	MODIFIER	protein_coding			
rs11557287					3_prime_UTR_variant	NRF1		ENST00000393232	3_prime_UTR_variant	MODIFIER	protein_coding			
rs11557287					3_prime_UTR_variant	NRF1		ENST00000539636	downstream_gene_variant	MODIFIER	protein_coding			
rs77792157					missense_variant	CPA1		ENST00000577631	non_coding_transcript_exon_variant	MODIFIER	retained_intron			
rs77792157					missense_variant	CPA1		ENST00000578731	downstream_gene_variant	MODIFIER	retained_intron			
rs77792157					missense_variant	CPA1		ENST00000579026	non_coding_transcript_exon_variant	MODIFIER	retained_intron			
rs77792157					missense_variant	CPA1		ENST00000579597	missense_variant	MODERATE	protein_coding		341.0	A/T
rs77792157					missense_variant	CPA1		ENST00000580421	downstream_gene_variant	MODIFIER	protein_coding			
rs77792157					missense_variant	CPA1		ENST00000580470	missense_variant	MODERATE	protein_coding		253.0	A/T
rs77792157					missense_variant	CPA1		ENST00000581879	downstream_gene_variant	MODIFIER	retained_intron			
rs77792157					missense_variant	CPA1		ENST00000584579	missense_variant	MODERATE	protein_coding		253.0	A/T
rs77792157					missense_variant	CPA1		ENST00000603457	downstream_gene_variant	MODIFIER	protein_coding			
rs77792157					missense_variant	CPA1		ENST00000011292	missense_variant	MODERATE	protein_coding		341.0	A/T
rs77792157					missense_variant	CPA1		ENST00000470838	downstream_gene_variant	MODIFIER	retained_intron			
rs77792157					missense_variant	CPA1		ENST00000476062	missense_variant	MODERATE	protein_coding		253.0	A/T
rs77792157					missense_variant	CPA1		ENST00000478096	non_coding_transcript_exon_variant	MODIFIER	retained_intron			
rs77792157					missense_variant	CPA1		ENST00000479106	non_coding_transcript_exon_variant	MODIFIER	retained_intron			
rs77792157					missense_variant	CPA1		ENST00000481342	downstream_gene_variant	MODIFIER	protein_coding			
rs77792157					missense_variant	CPA1		ENST00000484324	missense_variant	MODERATE	protein_coding		253.0	A/T
rs77792157					missense_variant	CPA1		ENST00000491460	downstream_gene_variant	MODIFIER	retained_intron			
rs77792157					missense_variant	CPA1		ENST00000604896	downstream_gene_variant	MODIFIER	protein_coding			
rs4731702					intergenic_variant				intergenic_variant					
rs13438418					upstream_gene_variant	BRAF		ENST00000288602	upstream_gene_variant	MODIFIER	protein_coding			
rs13438418					upstream_gene_variant	BRAF		ENST00000469930	upstream_gene_variant	MODIFIER	retained_intron			
rs13438418					upstream_gene_variant	BRAF		ENST00000497784	upstream_gene_variant	MODIFIER	nonsense_mediated_decay			
rs6972751					intron_variant	ZNF746		ENST00000340622	intron_variant	MODIFIER	protein_coding			
rs6972751					intron_variant	ZNF746		ENST00000458143	intron_variant	MODIFIER	protein_coding			
rs6972751					intron_variant	ZNF746		ENST00000461958	downstream_gene_variant	MODIFIER	protein_coding			
rs55681398					downstream_gene_variant	RP11-632K21.3		ENST00000491593	downstream_gene_variant	MODIFIER	processed_pseudogene			
rs62492368					intron_variant	AOC1		ENST00000467291	intron_variant	MODIFIER	protein_coding			
rs62492368					intron_variant	AOC1		ENST00000493429	intron_variant	MODIFIER	protein_coding			
rs17857291					missense_variant	AGAP3		ENST00000335367	missense_variant	MODERATE	protein_coding		276.0	G/S
rs17857291					missense_variant	AGAP3		ENST00000397238	intron_variant	MODIFIER	protein_coding			
rs17857291					missense_variant	AGAP3		ENST00000463179	upstream_gene_variant	MODIFIER	retained_intron			
rs17857291					missense_variant	AGAP3		ENST00000463381	intron_variant	MODIFIER	protein_coding			
rs17857291					missense_variant	AGAP3		ENST00000467724	upstream_gene_variant	MODIFIER	nonsense_mediated_decay			
rs17857291					missense_variant	AGAP3		ENST00000468796	upstream_gene_variant	MODIFIER	protein_coding			
rs17857291					missense_variant	AGAP3		ENST00000469901	intron_variant	MODIFIER	protein_coding			
rs17857291					missense_variant	AGAP3		ENST00000473140	upstream_gene_variant	MODIFIER	retained_intron			
rs17857291					missense_variant	AGAP3		ENST00000473312	intron_variant	MODIFIER	protein_coding			
rs17857291					missense_variant	AGAP3		ENST00000475145	upstream_gene_variant	MODIFIER	processed_transcript			
rs17857291					missense_variant	AGAP3		ENST00000476375	intron_variant,non_coding_transcript_variant	MODIFIER	processed_transcript			
rs17857291					missense_variant	AGAP3		ENST00000479901	intron_variant	MODIFIER	protein_coding			
rs17857291					missense_variant	AGAP3		ENST00000480106	upstream_gene_variant	MODIFIER	processed_transcript			
rs17857291					missense_variant	AGAP3		ENST00000486946	upstream_gene_variant	MODIFIER	processed_transcript			
rs17857291					missense_variant	AGAP3		ENST00000490097	intron_variant,non_coding_transcript_variant	MODIFIER	processed_transcript			
rs17857291					missense_variant	AGAP3		ENST00000490839	upstream_gene_variant	MODIFIER	retained_intron			
rs17857291					missense_variant	AGAP3		ENST00000492234	intron_variant,non_coding_transcript_variant	MODIFIER	processed_transcript			
rs17857291					missense_variant	AGAP3		ENST00000498559	upstream_gene_variant	MODIFIER	retained_intron			
rs184163936					intergenic_variant				intergenic_variant					
rs887609					intron_variant	MNX1		ENST00000252971	downstream_gene_variant	MODIFIER	protein_coding			
rs887609					intron_variant	MNX1		ENST00000425745	downstream_gene_variant	MODIFIER	protein_coding			
rs887609					intron_variant	MNX1		ENST00000428439	downstream_gene_variant	MODIFIER	protein_coding			
rs887609					intron_variant	MNX1-AS2		ENST00000429228	upstream_gene_variant	MODIFIER	antisense			
rs887609					intron_variant	MNX1		ENST00000469500	intron_variant	MODIFIER	protein_coding			
rs887609					intron_variant	MNX1		ENST00000474448	downstream_gene_variant	MODIFIER	nonsense_mediated_decay			
rs887609					intron_variant	MNX1		ENST00000479817	intron_variant	MODIFIER	protein_coding			
rs887609					intron_variant	MNX1		ENST00000543409	downstream_gene_variant	MODIFIER	protein_coding			
rs78596384					missense_variant	MNX1		ENST00000252971	intron_variant	MODIFIER	protein_coding			
rs78596384					missense_variant	MNX1		ENST00000425745	missense_variant	MODERATE	protein_coding		16.0	A/D
rs78596384					missense_variant	MNX1		ENST00000428439	missense_variant	MODERATE	protein_coding		16.0	A/D
rs78596384					missense_variant	MNX1-AS2		ENST00000429228	downstream_gene_variant	MODIFIER	antisense			
rs78596384					missense_variant	MNX1		ENST00000469500	missense_variant	MODERATE	protein_coding		16.0	A/D
rs78596384					missense_variant	MNX1		ENST00000474448	missense_variant,NMD_transcript_variant	MODERATE	nonsense_mediated_decay		16.0	A/D
rs78596384					missense_variant	MNX1		ENST00000479817	intron_variant	MODIFIER	protein_coding			
rs78596384					missense_variant	MNX1-AS1		ENST00000480284	upstream_gene_variant	MODIFIER	antisense			
rs78596384					missense_variant	MNX1		ENST00000543409	missense_variant	MODERATE	protein_coding		16.0	A/D
rs78596384					missense_variant	MNX1		ENST00000605400	non_coding_transcript_exon_variant	MODIFIER	retained_intron			
rs6956046					intron_variant	UBE3C		ENST00000348165	intron_variant	MODIFIER	protein_coding			
rs6956046					intron_variant	UBE3C		ENST00000389103	intron_variant	MODIFIER	protein_coding			
rs6956046					intron_variant	UBE3C		ENST00000430750	intron_variant,NMD_transcript_variant	MODIFIER	nonsense_mediated_decay			
rs9987289					intron_variant	RP11-115J16.1		ENST00000518619	upstream_gene_variant	MODIFIER	lincRNA			
rs9987289					intron_variant	RP11-115J16.1		ENST00000520255	intron_variant,non_coding_transcript_variant	MODIFIER	lincRNA			
rs9987289					intron_variant	RP11-115J16.1		ENST00000520390	intron_variant,non_coding_transcript_variant	MODIFIER	lincRNA			
rs9987289					intron_variant	RP11-115J16.1		ENST00000523246	intron_variant,non_coding_transcript_variant	MODIFIER	lincRNA			
rs62496161					intron_variant	RP11-115J16.2		ENST00000522129	intron_variant,non_coding_transcript_variant	MODIFIER	lincRNA			
rs17708276					intron_variant	MSRA		ENST00000317173	intron_variant	MODIFIER	protein_coding			
rs17708276					intron_variant	MSRA		ENST00000382490	intron_variant	MODIFIER	protein_coding			
rs17708276					intron_variant	MSRA		ENST00000441698	intron_variant	MODIFIER	protein_coding			
rs17708276					intron_variant	RP11-212F11.1		ENST00000513168	upstream_gene_variant	MODIFIER	processed_pseudogene			
rs17708276					intron_variant	MSRA		ENST00000517594	intron_variant,non_coding_transcript_variant	MODIFIER	processed_transcript			
rs17708276					intron_variant	MSRA		ENST00000518255	downstream_gene_variant	MODIFIER	protein_coding			
rs17708276					intron_variant	MSRA		ENST00000521686	intron_variant	MODIFIER	protein_coding			
rs17708276					intron_variant	MSRA		ENST00000528246	intron_variant	MODIFIER	protein_coding			
rs10086521					intron_variant	XKR6		ENST00000304437	intron_variant	MODIFIER	protein_coding			
rs10086521					intron_variant	XKR6		ENST00000382461	intron_variant	MODIFIER	protein_coding			
rs10086521					intron_variant	XKR6		ENST00000416569	intron_variant	MODIFIER	protein_coding			
rs12680692					upstream_gene_variant	LONRF1		ENST00000530693	upstream_gene_variant	MODIFIER	processed_transcript			
rs10087481					intergenic_variant				intergenic_variant					
rs13262285					intron_variant	SGCZ		ENST00000382080	intron_variant	MODIFIER	protein_coding			
rs13262285					intron_variant	SGCZ		ENST00000421524	intron_variant	MODIFIER	protein_coding			
rs1978054					intron_variant	PCM1		ENST00000325083	intron_variant	MODIFIER	protein_coding			
rs1978054					intron_variant	PCM1		ENST00000327578	intron_variant	MODIFIER	protein_coding			
rs1978054					intron_variant	PCM1		ENST00000518877	upstream_gene_variant	MODIFIER	retained_intron			
rs1978054					intron_variant	PCM1		ENST00000519253	intron_variant	MODIFIER	protein_coding			
rs1978054					intron_variant	PCM1		ENST00000519802	upstream_gene_variant	MODIFIER	retained_intron			
rs1978054					intron_variant	PCM1		ENST00000521338	downstream_gene_variant	MODIFIER	retained_intron			
rs1978054					intron_variant	PCM1		ENST00000522275	intron_variant	MODIFIER	protein_coding			
rs1978054					intron_variant	PCM1		ENST00000524203	upstream_gene_variant	MODIFIER	processed_transcript			
rs1978054					intron_variant	PCM1		ENST00000524226	intron_variant	MODIFIER	protein_coding			
rs80073370					intergenic_variant				intergenic_variant					
rs4872527					intron_variant	BIN3		ENST00000276416	intron_variant	MODIFIER	protein_coding			
rs4872527					intron_variant	BIN3		ENST00000399977	intron_variant	MODIFIER	protein_coding			
rs4872527					intron_variant	BIN3		ENST00000518366	intron_variant,non_coding_transcript_variant	MODIFIER	retained_intron			
rs4872527					intron_variant	BIN3		ENST00000519335	intron_variant,non_coding_transcript_variant	MODIFIER	processed_transcript			
rs4872527					intron_variant	BIN3		ENST00000519513	intron_variant	MODIFIER	protein_coding			
rs4872527					intron_variant	BIN3		ENST00000519863	intron_variant,non_coding_transcript_variant	MODIFIER	processed_transcript			
rs4872527					intron_variant	BIN3		ENST00000520292	intron_variant	MODIFIER	protein_coding			
rs4872527					intron_variant	BIN3		ENST00000521140	intron_variant,non_coding_transcript_variant	MODIFIER	retained_intron			
rs4872527					intron_variant	BIN3		ENST00000522687	intron_variant,NMD_transcript_variant	MODIFIER	nonsense_mediated_decay			
rs17089546					intron_variant	RP11-175E9.1		ENST00000523874	intron_variant,non_coding_transcript_variant	MODIFIER	antisense			
rs73221948					intergenic_variant				intergenic_variant					
rs17818197					intron_variant	EBF2		ENST00000408929	intron_variant	MODIFIER	protein_coding			
rs17818197					intron_variant	EBF2		ENST00000520164	intron_variant	MODIFIER	protein_coding			
rs13250825					intron_variant	RP11-380I10.4		ENST00000521731	intron_variant,non_coding_transcript_variant	MODIFIER	antisense			
rs2042073					intergenic_variant				intergenic_variant					
rs7844647					intergenic_variant				intergenic_variant					
rs10092900					intergenic_variant				intergenic_variant					
rs12680217					intron_variant	RP11-150O12.1		ENST00000517363	intron_variant,non_coding_transcript_variant	MODIFIER	lincRNA			
rs12680217					intron_variant	RP11-150O12.1		ENST00000519738	intron_variant,non_coding_transcript_variant	MODIFIER	lincRNA			
rs60128210					intergenic_variant				intergenic_variant					
rs78623944					intergenic_variant				intergenic_variant					
rs7012759					intergenic_variant				intergenic_variant					
rs75445792					downstream_gene_variant	NKX6-3		ENST00000518699	downstream_gene_variant	MODIFIER	protein_coding			
rs75445792					downstream_gene_variant	NKX6-3		ENST00000524115	downstream_gene_variant	MODIFIER	protein_coding			
rs11996576					3_prime_UTR_variant	NKX6-3		ENST00000518699	downstream_gene_variant	MODIFIER	protein_coding			
rs11996576					3_prime_UTR_variant	NKX6-3		ENST00000524115	3_prime_UTR_variant	MODIFIER	protein_coding			
rs150015181					upstream_gene_variant	ANK1		ENST00000265709	downstream_gene_variant	MODIFIER	protein_coding			
rs150015181					upstream_gene_variant	ANK1		ENST00000289734	downstream_gene_variant	MODIFIER	protein_coding			
rs150015181					upstream_gene_variant	ANK1		ENST00000314214	downstream_gene_variant	MODIFIER	protein_coding			
rs150015181					upstream_gene_variant	ANK1		ENST00000347528	downstream_gene_variant	MODIFIER	protein_coding			
rs150015181					upstream_gene_variant	ANK1		ENST00000348036	downstream_gene_variant	MODIFIER	protein_coding			
rs150015181					upstream_gene_variant	ANK1		ENST00000352337	downstream_gene_variant	MODIFIER	protein_coding			
rs150015181					upstream_gene_variant	ANK1		ENST00000379758	downstream_gene_variant	MODIFIER	protein_coding			
rs150015181					upstream_gene_variant	ANK1		ENST00000396942	downstream_gene_variant	MODIFIER	protein_coding			
rs150015181					upstream_gene_variant	ANK1		ENST00000396945	downstream_gene_variant	MODIFIER	protein_coding			
rs150015181					upstream_gene_variant	ANK1		ENST00000457297	downstream_gene_variant	MODIFIER	protein_coding			
rs150015181					upstream_gene_variant	NKX6-3		ENST00000518699	upstream_gene_variant	MODIFIER	protein_coding			
rs150015181					upstream_gene_variant	ANK1		ENST00000520299	downstream_gene_variant	MODIFIER	protein_coding			
rs150015181					upstream_gene_variant	ANK1		ENST00000522231	downstream_gene_variant	MODIFIER	protein_coding			
rs150015181					upstream_gene_variant	ANK1		ENST00000522543	downstream_gene_variant	MODIFIER	protein_coding			
rs150015181					upstream_gene_variant	NKX6-3		ENST00000524115	upstream_gene_variant	MODIFIER	protein_coding			
rs508419					non_coding_transcript_exon_variant	ANK1		ENST00000265709	intron_variant	MODIFIER	protein_coding			
rs508419					non_coding_transcript_exon_variant	ANK1		ENST00000289734	intron_variant	MODIFIER	protein_coding			
rs508419					non_coding_transcript_exon_variant	ANK1		ENST00000314214	upstream_gene_variant	MODIFIER	protein_coding			
rs508419					non_coding_transcript_exon_variant	ANK1		ENST00000335651	upstream_gene_variant	MODIFIER	protein_coding			
rs508419					non_coding_transcript_exon_variant	ANK1		ENST00000347528	intron_variant	MODIFIER	protein_coding			
rs508419					non_coding_transcript_exon_variant	ANK1		ENST00000348036	upstream_gene_variant	MODIFIER	protein_coding			
rs508419					non_coding_transcript_exon_variant	ANK1		ENST00000352337	intron_variant	MODIFIER	protein_coding			
rs508419					non_coding_transcript_exon_variant	ANK1		ENST00000379758	intron_variant	MODIFIER	protein_coding			
rs508419					non_coding_transcript_exon_variant	ANK1		ENST00000396942	intron_variant	MODIFIER	protein_coding			
rs508419					non_coding_transcript_exon_variant	ANK1		ENST00000396945	intron_variant	MODIFIER	protein_coding			
rs508419					non_coding_transcript_exon_variant	MIR486		ENST00000408108	downstream_gene_variant	MODIFIER	miRNA			
rs508419					non_coding_transcript_exon_variant	ANK1		ENST00000457297	upstream_gene_variant	MODIFIER	protein_coding			
rs508419					non_coding_transcript_exon_variant	ANK1		ENST00000518061	downstream_gene_variant	MODIFIER	nonsense_mediated_decay			
rs508419					non_coding_transcript_exon_variant	ANK1		ENST00000518715	intron_variant,non_coding_transcript_variant	MODIFIER	retained_intron			
rs508419					non_coding_transcript_exon_variant	ANK1		ENST00000520299	intron_variant	MODIFIER	protein_coding			
rs508419					non_coding_transcript_exon_variant	RP11-930P14.1		ENST00000520418	downstream_gene_variant	MODIFIER	antisense			
rs508419					non_coding_transcript_exon_variant	ANK1		ENST00000522231	upstream_gene_variant	MODIFIER	protein_coding			
rs508419					non_coding_transcript_exon_variant	RP11-930P14.1		ENST00000522388	non_coding_transcript_exon_variant	MODIFIER	antisense			
rs508419					non_coding_transcript_exon_variant	ANK1		ENST00000522543	upstream_gene_variant	MODIFIER	protein_coding			
rs508419					non_coding_transcript_exon_variant	ANK1		ENST00000524227	intron_variant,non_coding_transcript_variant	MODIFIER	retained_intron			
rs508419					non_coding_transcript_exon_variant	RP11-930P14.1		ENST00000585088	downstream_gene_variant	MODIFIER	antisense			
rs117271404					intron_variant	ANK1		ENST00000265709	intron_variant	MODIFIER	protein_coding			
rs117271404					intron_variant	ANK1		ENST00000289734	intron_variant	MODIFIER	protein_coding			
rs117271404					intron_variant	ANK1		ENST00000347528	intron_variant	MODIFIER	protein_coding			
rs117271404					intron_variant	ANK1		ENST00000352337	intron_variant	MODIFIER	protein_coding			
rs117271404					intron_variant	ANK1		ENST00000379758	intron_variant	MODIFIER	protein_coding			
rs117271404					intron_variant	ANK1		ENST00000396942	intron_variant	MODIFIER	protein_coding			
rs117271404					intron_variant	ANK1		ENST00000396945	intron_variant	MODIFIER	protein_coding			
rs117271404					intron_variant	ANK1		ENST00000518061	intron_variant,NMD_transcript_variant	MODIFIER	nonsense_mediated_decay			
rs117271404					intron_variant	ANK1		ENST00000520299	intron_variant	MODIFIER	protein_coding			
rs117271404					intron_variant	ANK1		ENST00000524227	intron_variant,non_coding_transcript_variant	MODIFIER	retained_intron			
rs4454259					intron_variant	KAT6A		ENST00000265713	intron_variant	MODIFIER	protein_coding			
rs4454259					intron_variant	KAT6A		ENST00000396930	intron_variant	MODIFIER	protein_coding			
rs4454259					intron_variant	KAT6A		ENST00000406337	intron_variant	MODIFIER	protein_coding			
rs4454259					intron_variant	KAT6A		ENST00000426524	downstream_gene_variant	MODIFIER	protein_coding			
rs4454259					intron_variant	SNORD112		ENST00000459551	upstream_gene_variant	MODIFIER	snoRNA			
rs4454259					intron_variant	KAT6A		ENST00000485568	intron_variant	MODIFIER	protein_coding			
rs74942620					upstream_gene_variant	RP11-17A4.1		ENST00000460682	upstream_gene_variant	MODIFIER	transcribed_processed_pseudogene			
rs74942620					upstream_gene_variant	RP11-17A4.1		ENST00000464216	upstream_gene_variant	MODIFIER	processed_transcript			
rs10096191					intron_variant	RP11-1102P16.1		ENST00000523987	intron_variant	MODIFIER	protein_coding			
rs7845090					5_prime_UTR_variant	KCNB2		ENST00000523207	5_prime_UTR_variant	MODIFIER	protein_coding			
rs140727097					intergenic_variant				intergenic_variant					
rs7813042					intron_variant	JPH1		ENST00000342232	intron_variant	MODIFIER	protein_coding			
rs7813042					intron_variant	JPH1		ENST00000519947	intron_variant,NMD_transcript_variant	MODIFIER	nonsense_mediated_decay			
rs2920928					intergenic_variant				intergenic_variant					
rs16907751					intergenic_variant				intergenic_variant					
rs13266372					intron_variant	RALYL		ENST00000517638	intron_variant	MODIFIER	protein_coding			
rs13266372					intron_variant	RALYL		ENST00000517988	intron_variant	MODIFIER	protein_coding			
rs13266372					intron_variant	RALYL		ENST00000518566	intron_variant	MODIFIER	protein_coding			
rs13266372					intron_variant	RALYL		ENST00000521268	intron_variant	MODIFIER	protein_coding			
rs13266372					intron_variant	RALYL		ENST00000521376	intron_variant	MODIFIER	protein_coding			
rs13266372					intron_variant	RALYL		ENST00000521695	intron_variant	MODIFIER	protein_coding			
rs13266372					intron_variant	RALYL		ENST00000522455	intron_variant	MODIFIER	protein_coding			
rs13266372					intron_variant	RALYL		ENST00000523850	intron_variant	MODIFIER	protein_coding			
rs2336987					intron_variant	CNBD1		ENST00000518476	intron_variant	MODIFIER	protein_coding			
rs2336987					intron_variant	CNBD1		ENST00000522427	downstream_gene_variant	MODIFIER	processed_transcript			
rs2336987					intron_variant	CNBD1		ENST00000523299	intron_variant	MODIFIER	protein_coding			
rs2722885					intron_variant	ESRP1		ENST00000358397	intron_variant	MODIFIER	protein_coding			
rs2722885					intron_variant	ESRP1		ENST00000423620	intron_variant	MODIFIER	protein_coding			
rs2722885					intron_variant	ESRP1		ENST00000433389	intron_variant	MODIFIER	protein_coding			
rs2722885					intron_variant	ESRP1		ENST00000454170	intron_variant	MODIFIER	protein_coding			
rs2722885					intron_variant	RP11-22C11.1		ENST00000484521	upstream_gene_variant	MODIFIER	processed_pseudogene			
rs2722885					intron_variant	ESRP1		ENST00000517610	intron_variant	MODIFIER	protein_coding			
rs2722885					intron_variant	ESRP1		ENST00000519505	intron_variant	MODIFIER	protein_coding			
rs2879813					intron_variant	TP53INP1		ENST00000342697	intron_variant	MODIFIER	protein_coding			
rs2879813					intron_variant	NDUFAF6		ENST00000396113	intron_variant	MODIFIER	protein_coding			
rs2879813					intron_variant	TP53INP1		ENST00000448464	intron_variant	MODIFIER	protein_coding			
rs2879813					intron_variant	RP11-347C18.3		ENST00000519034	upstream_gene_variant	MODIFIER	sense_intronic			
rs2879813					intron_variant	NDUFAF6		ENST00000519136	intron_variant	MODIFIER	protein_coding			
rs2879813					intron_variant	NDUFAF6		ENST00000523378	intron_variant	MODIFIER	protein_coding			
rs2879813					intron_variant	RP11-347C18.3		ENST00000523905	upstream_gene_variant	MODIFIER	sense_intronic			
rs117440460					intron_variant	NDUFAF6		ENST00000396111	intron_variant	MODIFIER	protein_coding			
rs117440460					intron_variant	NDUFAF6		ENST00000396113	intron_variant	MODIFIER	protein_coding			
rs117440460					intron_variant	NDUFAF6		ENST00000519136	intron_variant	MODIFIER	protein_coding			
rs117440460					intron_variant	NDUFAF6		ENST00000521840	downstream_gene_variant	MODIFIER	processed_transcript			
rs117440460					intron_variant	NDUFAF6		ENST00000523378	intron_variant	MODIFIER	protein_coding			
rs117440460					intron_variant	NDUFAF6		ENST00000542894	intron_variant	MODIFIER	protein_coding			
rs2514530					upstream_gene_variant	GDF6		ENST00000287020	upstream_gene_variant	MODIFIER	protein_coding			
rs2679745					5_prime_UTR_variant	AZIN1		ENST00000337198	5_prime_UTR_variant	MODIFIER	protein_coding			
rs2679745					5_prime_UTR_variant	AZIN1		ENST00000347770	5_prime_UTR_variant	MODIFIER	protein_coding			
rs2679745					5_prime_UTR_variant	AZIN1		ENST00000517581	intron_variant,non_coding_transcript_variant	MODIFIER	processed_transcript			
rs2679745					5_prime_UTR_variant	AZIN1		ENST00000518353	5_prime_UTR_variant	MODIFIER	protein_coding			
rs2679745					5_prime_UTR_variant	AZIN1		ENST00000518940	upstream_gene_variant	MODIFIER	retained_intron			
rs2679745					5_prime_UTR_variant	KB-1507C5.2		ENST00000518978	upstream_gene_variant	MODIFIER	processed_transcript			
rs2679745					5_prime_UTR_variant	AZIN1		ENST00000520402	intron_variant	MODIFIER	protein_coding			
rs2679745					5_prime_UTR_variant	KB-1507C5.2		ENST00000520538	upstream_gene_variant	MODIFIER	processed_transcript			
rs2679745					5_prime_UTR_variant	KB-1507C5.2		ENST00000520750	upstream_gene_variant	MODIFIER	processed_transcript			
rs2679745					5_prime_UTR_variant	KB-1507C5.2		ENST00000522850	upstream_gene_variant	MODIFIER	processed_transcript			
rs2679745					5_prime_UTR_variant	KB-1507C5.2		ENST00000522939	upstream_gene_variant	MODIFIER	protein_coding			
rs2679745					5_prime_UTR_variant	KB-1507C5.2		ENST00000524007	upstream_gene_variant	MODIFIER	protein_coding			
rs28627996					intron_variant	LRP12		ENST00000276654	intron_variant	MODIFIER	protein_coding			
rs28627996					intron_variant	LRP12		ENST00000424843	intron_variant	MODIFIER	protein_coding			
rs28627996					intron_variant	LRP12		ENST00000519675	intron_variant,non_coding_transcript_variant	MODIFIER	retained_intron			
rs28627996					intron_variant	LRP12		ENST00000520770	intron_variant,non_coding_transcript_variant	MODIFIER	processed_transcript			
rs112515915					intron_variant	RP11-127H5.1		ENST00000521923	intron_variant	MODIFIER	protein_coding			
rs3779767					intron_variant	ZFPM2		ENST00000407775	intron_variant	MODIFIER	protein_coding			
rs3779767					intron_variant	ZFPM2		ENST00000511341	intron_variant,non_coding_transcript_variant	MODIFIER	processed_transcript			
rs3779767					intron_variant	RP11-127H5.1		ENST00000518180	downstream_gene_variant	MODIFIER	nonsense_mediated_decay			
rs3779767					intron_variant	ZFPM2		ENST00000520027	intron_variant	MODIFIER	protein_coding			
rs3779767					intron_variant	ZFPM2		ENST00000520492	intron_variant	MODIFIER	protein_coding			
rs3779767					intron_variant	ZFPM2		ENST00000522160	intron_variant,non_coding_transcript_variant	MODIFIER	processed_transcript			
rs3779767					intron_variant	ZFPM2		ENST00000524235	intron_variant,non_coding_transcript_variant	MODIFIER	processed_transcript			
rs2999170					intergenic_variant				intergenic_variant					
rs187201965					intergenic_variant				intergenic_variant					
rs177045					intergenic_variant				intergenic_variant					
rs41277236					missense_variant	NEUROG3		ENST00000242462	missense_variant	MODERATE	protein_coding		167.0	G/R
rs41277236					missense_variant	RP11-343J3.2		ENST00000428753	upstream_gene_variant	MODIFIER	antisense			
rs190597808					non_coding_transcript_exon_variant	RP11-343J3.5		ENST00000415223	upstream_gene_variant	MODIFIER	processed_pseudogene			
rs190597808					non_coding_transcript_exon_variant	MTND2P15		ENST00000418575	upstream_gene_variant	MODIFIER	processed_pseudogene			
rs190597808					non_coding_transcript_exon_variant	RP11-343J3.6		ENST00000425216	upstream_gene_variant	MODIFIER	processed_pseudogene			
rs190597808					non_coding_transcript_exon_variant	MTND1P20		ENST00000430341	non_coding_transcript_exon_variant	MODIFIER	processed_pseudogene			
rs34673046					intron_variant	RP11-242G20.1		ENST00000434931	intron_variant	MODIFIER	protein_coding			
rs2395023					downstream_gene_variant	RP11-242G20.1		ENST00000434931	downstream_gene_variant	MODIFIER	protein_coding			
rs2812539					intergenic_variant				intergenic_variant					
rs1683935					intron_variant	SGPL1		ENST00000373202	intron_variant	MODIFIER	protein_coding			
rs7080579					upstream_gene_variant	SEC24C		ENST00000339365	upstream_gene_variant	MODIFIER	protein_coding			
rs7080579					upstream_gene_variant	SEC24C		ENST00000345254	upstream_gene_variant	MODIFIER	protein_coding			
rs7080579					upstream_gene_variant	SEC24C		ENST00000411652	upstream_gene_variant	MODIFIER	protein_coding			
rs7080579					upstream_gene_variant	SEC24C		ENST00000465076	upstream_gene_variant	MODIFIER	nonsense_mediated_decay			
rs7080579					upstream_gene_variant	SEC24C		ENST00000477008	upstream_gene_variant	MODIFIER	processed_transcript			
rs7080579					upstream_gene_variant	SEC24C		ENST00000535742	upstream_gene_variant	MODIFIER	protein_coding			
rs7080579					upstream_gene_variant	SEC24C		ENST00000540668	upstream_gene_variant	MODIFIER	protein_coding			
rs7080579					upstream_gene_variant	SEC24C		ENST00000546025	upstream_gene_variant	MODIFIER	protein_coding			
rs7080579					upstream_gene_variant	RP11-574K11.27		ENST00000604613	upstream_gene_variant	MODIFIER	processed_pseudogene			
rs3012060					intergenic_variant				intergenic_variant					
rs7099048					intron_variant	C10orf11		ENST00000372499	intron_variant	MODIFIER	protein_coding			
rs7099048					intron_variant	C10orf11		ENST00000593699	intron_variant,non_coding_transcript_variant	MODIFIER	processed_transcript			
rs7099048					intron_variant	C10orf11		ENST00000593817	intron_variant,non_coding_transcript_variant	MODIFIER	processed_transcript			
rs3844124					regulatory_region_variant				regulatory_region_variant					
rs77969702					intron_variant	ZMIZ1		ENST00000334512	intron_variant	MODIFIER	protein_coding			
rs697239					intron_variant	ZMIZ1		ENST00000334512	intron_variant	MODIFIER	protein_coding			
rs11002892					intron_variant	ZMIZ1		ENST00000334512	intron_variant	MODIFIER	protein_coding			
rs11002892					intron_variant	ZMIZ1		ENST00000472035	intron_variant,non_coding_transcript_variant	MODIFIER	processed_transcript			
rs1250551					intron_variant	ZMIZ1		ENST00000334512	intron_variant	MODIFIER	protein_coding			
rs1250551					intron_variant	ZMIZ1		ENST00000478357	downstream_gene_variant	MODIFIER	processed_transcript			
rs10788495					intron_variant	GRID1		ENST00000327946	intron_variant	MODIFIER	protein_coding			
rs10788495					intron_variant	GRID1		ENST00000464741	intron_variant,NMD_transcript_variant	MODIFIER	nonsense_mediated_decay			
rs926091					intron_variant	PTEN		ENST00000371953	intron_variant	MODIFIER	protein_coding			
rs926091					intron_variant	PTEN		ENST00000472832	downstream_gene_variant	MODIFIER	processed_transcript			
rs34379399					intron_variant	RP11-80H5.9		ENST00000449882	intron_variant,non_coding_transcript_variant	MODIFIER	lincRNA			
rs61876142					intergenic_variant				intergenic_variant					
rs2259049					intergenic_variant				intergenic_variant					
rs146668074					downstream_gene_variant	IDE		ENST00000265986	downstream_gene_variant	MODIFIER	protein_coding			
rs146668074					downstream_gene_variant	IDE		ENST00000371581	downstream_gene_variant	MODIFIER	protein_coding			
rs145222716					intron_variant	IDE		ENST00000265986	intron_variant	MODIFIER	protein_coding			
rs145222716					intron_variant	IDE		ENST00000436178	intron_variant	MODIFIER	protein_coding			
rs145222716					intron_variant	IDE		ENST00000478361	intron_variant,NMD_transcript_variant	MODIFIER	nonsense_mediated_decay			
rs140778879					upstream_gene_variant	IDE		ENST00000265986	upstream_gene_variant	MODIFIER	protein_coding			
rs140778879					upstream_gene_variant	IDE		ENST00000478361	upstream_gene_variant	MODIFIER	nonsense_mediated_decay			
rs145532103					intergenic_variant				intergenic_variant					
rs1977833					intergenic_variant				intergenic_variant					
rs143135397					intergenic_variant				intergenic_variant					
rs117526461					intergenic_variant				intergenic_variant					
rs11187151					intergenic_variant				intergenic_variant					
rs7896332					intergenic_variant				intergenic_variant					
rs10748694					upstream_gene_variant	ARHGAP19-SLIT1		ENST00000316676	upstream_gene_variant	MODIFIER	protein_coding			
rs10748694					upstream_gene_variant	ARHGAP19-SLIT1		ENST00000358308	upstream_gene_variant	MODIFIER	protein_coding			
rs10748694					upstream_gene_variant	ARHGAP19		ENST00000358531	upstream_gene_variant	MODIFIER	protein_coding			
rs10748694					upstream_gene_variant	ARHGAP19-SLIT1		ENST00000453547	upstream_gene_variant	MODIFIER	protein_coding			
rs10748694					upstream_gene_variant	ARHGAP19		ENST00000466484	upstream_gene_variant	MODIFIER	protein_coding			
rs10748694					upstream_gene_variant	ARHGAP19		ENST00000492211	upstream_gene_variant	MODIFIER	nonsense_mediated_decay			
rs10748694					upstream_gene_variant	ARHGAP19		ENST00000493068	upstream_gene_variant	MODIFIER	retained_intron			
rs2862954					missense_variant	ERLIN1		ENST00000370408	downstream_gene_variant	MODIFIER	protein_coding			
rs2862954					missense_variant	ERLIN1		ENST00000407654	missense_variant	MODERATE	protein_coding		291.0	I/V
rs2862954					missense_variant	ERLIN1		ENST00000421367	missense_variant	MODERATE	protein_coding		291.0	I/V
rs61607357					intergenic_variant				intergenic_variant					
rs625039					intron_variant	LBX1		ENST00000370193	upstream_gene_variant	MODIFIER	protein_coding			
rs625039					intron_variant	LBX1-AS1		ENST00000430651	upstream_gene_variant	MODIFIER	antisense			
rs625039					intron_variant	LBX1-AS1		ENST00000434878	upstream_gene_variant	MODIFIER	antisense			
rs625039					intron_variant	LBX1-AS1		ENST00000454527	intron_variant,non_coding_transcript_variant	MODIFIER	antisense			
rs625039					intron_variant	LBX1-AS1		ENST00000456391	upstream_gene_variant	MODIFIER	antisense			
rs625039					intron_variant	LBX1-AS1		ENST00000546988	downstream_gene_variant	MODIFIER	antisense			
rs625039					intron_variant	LBX1-AS1		ENST00000547077	downstream_gene_variant	MODIFIER	antisense			
rs3123794					upstream_gene_variant	INA		ENST00000369849	upstream_gene_variant	MODIFIER	protein_coding			
rs7067540					intergenic_variant				intergenic_variant					
rs11195508					intergenic_variant				intergenic_variant					
rs11196122					intergenic_variant				intergenic_variant					
rs1327692					intergenic_variant				intergenic_variant					
rs149911199					intergenic_variant				intergenic_variant					
rs149106073					upstream_gene_variant	TCF7L2		ENST00000346198	upstream_gene_variant	MODIFIER	protein_coding			
rs149106073					upstream_gene_variant	TCF7L2		ENST00000349937	upstream_gene_variant	MODIFIER	protein_coding			
rs149106073					upstream_gene_variant	TCF7L2		ENST00000352065	upstream_gene_variant	MODIFIER	protein_coding			
rs149106073					upstream_gene_variant	TCF7L2		ENST00000355717	upstream_gene_variant	MODIFIER	protein_coding			
rs149106073					upstream_gene_variant	TCF7L2		ENST00000355995	upstream_gene_variant	MODIFIER	protein_coding			
rs149106073					upstream_gene_variant	RP11-57H14.2		ENST00000369391	downstream_gene_variant	MODIFIER	antisense			
rs149106073					upstream_gene_variant	TCF7L2		ENST00000369395	upstream_gene_variant	MODIFIER	protein_coding			
rs149106073					upstream_gene_variant	TCF7L2		ENST00000369397	upstream_gene_variant	MODIFIER	protein_coding			
rs149106073					upstream_gene_variant	TCF7L2		ENST00000534894	upstream_gene_variant	MODIFIER	protein_coding			
rs149106073					upstream_gene_variant	TCF7L2		ENST00000536810	upstream_gene_variant	MODIFIER	protein_coding			
rs149106073					upstream_gene_variant	TCF7L2		ENST00000538897	upstream_gene_variant	MODIFIER	protein_coding			
rs149106073					upstream_gene_variant	TCF7L2		ENST00000542695	upstream_gene_variant	MODIFIER	protein_coding			
rs149106073					upstream_gene_variant	TCF7L2		ENST00000543371	upstream_gene_variant	MODIFIER	protein_coding			
rs149106073					upstream_gene_variant	TCF7L2		ENST00000545257	upstream_gene_variant	MODIFIER	protein_coding			
rs78277257					intron_variant	TCF7L2		ENST00000346198	intron_variant	MODIFIER	protein_coding			
rs78277257					intron_variant	TCF7L2		ENST00000349937	intron_variant	MODIFIER	protein_coding			
rs78277257					intron_variant	TCF7L2		ENST00000352065	intron_variant	MODIFIER	protein_coding			
rs78277257					intron_variant	TCF7L2		ENST00000355717	intron_variant	MODIFIER	protein_coding			
rs78277257					intron_variant	TCF7L2		ENST00000355995	intron_variant	MODIFIER	protein_coding			
rs78277257					intron_variant	RP11-57H14.2		ENST00000369391	intron_variant,non_coding_transcript_variant	MODIFIER	antisense			
rs78277257					intron_variant	TCF7L2		ENST00000369395	intron_variant	MODIFIER	protein_coding			
rs78277257					intron_variant	TCF7L2		ENST00000369397	intron_variant	MODIFIER	protein_coding			
rs78277257					intron_variant	TCF7L2		ENST00000534894	intron_variant	MODIFIER	protein_coding			
rs78277257					intron_variant	TCF7L2		ENST00000536810	intron_variant	MODIFIER	protein_coding			
rs78277257					intron_variant	TCF7L2		ENST00000538897	intron_variant	MODIFIER	protein_coding			
rs78277257					intron_variant	TCF7L2		ENST00000542695	intron_variant	MODIFIER	protein_coding			
rs78277257					intron_variant	TCF7L2		ENST00000543371	intron_variant	MODIFIER	protein_coding			
rs78277257					intron_variant	TCF7L2		ENST00000545257	intron_variant	MODIFIER	protein_coding			
rs116313472					intron_variant	TCF7L2		ENST00000346198	intron_variant	MODIFIER	protein_coding			
rs116313472					intron_variant	TCF7L2		ENST00000349937	intron_variant	MODIFIER	protein_coding			
rs116313472					intron_variant	TCF7L2		ENST00000352065	intron_variant	MODIFIER	protein_coding			
rs116313472					intron_variant	TCF7L2		ENST00000355717	intron_variant	MODIFIER	protein_coding			
rs116313472					intron_variant	TCF7L2		ENST00000355995	intron_variant	MODIFIER	protein_coding			
rs116313472					intron_variant	TCF7L2		ENST00000369395	intron_variant	MODIFIER	protein_coding			
rs116313472					intron_variant	TCF7L2		ENST00000369397	intron_variant	MODIFIER	protein_coding			
rs116313472					intron_variant	TCF7L2		ENST00000534894	intron_variant	MODIFIER	protein_coding			
rs116313472					intron_variant	TCF7L2		ENST00000536810	intron_variant	MODIFIER	protein_coding			
rs116313472					intron_variant	TCF7L2		ENST00000538897	intron_variant	MODIFIER	protein_coding			
rs116313472					intron_variant	TCF7L2		ENST00000542695	intron_variant	MODIFIER	protein_coding			
rs116313472					intron_variant	TCF7L2		ENST00000543371	intron_variant	MODIFIER	protein_coding			
rs116313472					intron_variant	TCF7L2		ENST00000545257	intron_variant	MODIFIER	protein_coding			
rs190373810					intron_variant	TCF7L2		ENST00000346198	intron_variant	MODIFIER	protein_coding			
rs190373810					intron_variant	TCF7L2		ENST00000349937	intron_variant	MODIFIER	protein_coding			
rs190373810					intron_variant	TCF7L2		ENST00000352065	intron_variant	MODIFIER	protein_coding			
rs190373810					intron_variant	TCF7L2		ENST00000355717	intron_variant	MODIFIER	protein_coding			
rs190373810					intron_variant	TCF7L2		ENST00000355995	intron_variant	MODIFIER	protein_coding			
rs190373810					intron_variant	TCF7L2		ENST00000369395	intron_variant	MODIFIER	protein_coding			
rs190373810					intron_variant	TCF7L2		ENST00000369397	intron_variant	MODIFIER	protein_coding			
rs190373810					intron_variant	TCF7L2		ENST00000534894	intron_variant	MODIFIER	protein_coding			
rs190373810					intron_variant	TCF7L2		ENST00000536810	intron_variant	MODIFIER	protein_coding			
rs190373810					intron_variant	TCF7L2		ENST00000538897	intron_variant	MODIFIER	protein_coding			
rs190373810					intron_variant	TCF7L2		ENST00000542695	intron_variant	MODIFIER	protein_coding			
rs190373810					intron_variant	TCF7L2		ENST00000543371	intron_variant	MODIFIER	protein_coding			
rs190373810					intron_variant	TCF7L2		ENST00000545257	intron_variant	MODIFIER	protein_coding			
rs114322470					intron_variant	TCF7L2		ENST00000346198	intron_variant	MODIFIER	protein_coding			
rs114322470					intron_variant	TCF7L2		ENST00000349937	intron_variant	MODIFIER	protein_coding			
rs114322470					intron_variant	TCF7L2		ENST00000352065	intron_variant	MODIFIER	protein_coding			
rs114322470					intron_variant	TCF7L2		ENST00000355717	intron_variant	MODIFIER	protein_coding			
rs114322470					intron_variant	TCF7L2		ENST00000355995	intron_variant	MODIFIER	protein_coding			
rs114322470					intron_variant	TCF7L2		ENST00000369395	intron_variant	MODIFIER	protein_coding			
rs114322470					intron_variant	TCF7L2		ENST00000369397	intron_variant	MODIFIER	protein_coding			
rs114322470					intron_variant	TCF7L2		ENST00000534894	intron_variant	MODIFIER	protein_coding			
rs114322470					intron_variant	TCF7L2		ENST00000536810	intron_variant	MODIFIER	protein_coding			
rs114322470					intron_variant	TCF7L2		ENST00000538897	intron_variant	MODIFIER	protein_coding			
rs114322470					intron_variant	TCF7L2		ENST00000542695	intron_variant	MODIFIER	protein_coding			
rs114322470					intron_variant	TCF7L2		ENST00000543371	intron_variant	MODIFIER	protein_coding			
rs114322470					intron_variant	TCF7L2		ENST00000545257	intron_variant	MODIFIER	protein_coding			
rs181345902					non_coding_transcript_exon_variant	TCF7L2		ENST00000346198	intron_variant	MODIFIER	protein_coding			
rs181345902					non_coding_transcript_exon_variant	TCF7L2		ENST00000349937	intron_variant	MODIFIER	protein_coding			
rs181345902					non_coding_transcript_exon_variant	TCF7L2		ENST00000352065	intron_variant	MODIFIER	protein_coding			
rs181345902					non_coding_transcript_exon_variant	TCF7L2		ENST00000355717	intron_variant	MODIFIER	protein_coding			
rs181345902					non_coding_transcript_exon_variant	TCF7L2		ENST00000355995	intron_variant	MODIFIER	protein_coding			
rs181345902					non_coding_transcript_exon_variant	TCF7L2		ENST00000369395	intron_variant	MODIFIER	protein_coding			
rs181345902					non_coding_transcript_exon_variant	TCF7L2		ENST00000369397	intron_variant	MODIFIER	protein_coding			
rs181345902					non_coding_transcript_exon_variant	RP11-139K1.2		ENST00000420976	non_coding_transcript_exon_variant	MODIFIER	processed_pseudogene			
rs181345902					non_coding_transcript_exon_variant	TCF7L2		ENST00000534894	intron_variant	MODIFIER	protein_coding			
rs181345902					non_coding_transcript_exon_variant	TCF7L2		ENST00000536810	intron_variant	MODIFIER	protein_coding			
rs181345902					non_coding_transcript_exon_variant	TCF7L2		ENST00000538897	intron_variant	MODIFIER	protein_coding			
rs181345902					non_coding_transcript_exon_variant	TCF7L2		ENST00000542695	intron_variant	MODIFIER	protein_coding			
rs181345902					non_coding_transcript_exon_variant	TCF7L2		ENST00000543371	intron_variant	MODIFIER	protein_coding			
rs181345902					non_coding_transcript_exon_variant	TCF7L2		ENST00000545257	intron_variant	MODIFIER	protein_coding			
rs117987174					intron_variant	TCF7L2		ENST00000346198	intron_variant	MODIFIER	protein_coding			
rs117987174					intron_variant	TCF7L2		ENST00000349937	intron_variant	MODIFIER	protein_coding			
rs117987174					intron_variant	TCF7L2		ENST00000352065	intron_variant	MODIFIER	protein_coding			
rs117987174					intron_variant	TCF7L2		ENST00000355717	intron_variant	MODIFIER	protein_coding			
rs117987174					intron_variant	TCF7L2		ENST00000355995	intron_variant	MODIFIER	protein_coding			
rs117987174					intron_variant	TCF7L2		ENST00000369395	intron_variant	MODIFIER	protein_coding			
rs117987174					intron_variant	TCF7L2		ENST00000369397	intron_variant	MODIFIER	protein_coding			
rs117987174					intron_variant	TCF7L2		ENST00000534894	intron_variant	MODIFIER	protein_coding			
rs117987174					intron_variant	TCF7L2		ENST00000536810	intron_variant	MODIFIER	protein_coding			
rs117987174					intron_variant	TCF7L2		ENST00000538897	intron_variant	MODIFIER	protein_coding			
rs117987174					intron_variant	TCF7L2		ENST00000542695	intron_variant	MODIFIER	protein_coding			
rs117987174					intron_variant	TCF7L2		ENST00000543371	intron_variant	MODIFIER	protein_coding			
rs117987174					intron_variant	TCF7L2		ENST00000545257	intron_variant	MODIFIER	protein_coding			
rs7903146					intron_variant	TCF7L2		ENST00000346198	intron_variant	MODIFIER	protein_coding			
rs7903146					intron_variant	TCF7L2		ENST00000349937	intron_variant	MODIFIER	protein_coding			
rs7903146					intron_variant	TCF7L2		ENST00000352065	intron_variant	MODIFIER	protein_coding			
rs7903146					intron_variant	TCF7L2		ENST00000355717	intron_variant	MODIFIER	protein_coding			
rs7903146					intron_variant	TCF7L2		ENST00000355995	intron_variant	MODIFIER	protein_coding			
rs7903146					intron_variant	TCF7L2		ENST00000369395	intron_variant	MODIFIER	protein_coding			
rs7903146					intron_variant	TCF7L2		ENST00000369397	intron_variant	MODIFIER	protein_coding			
rs7903146					intron_variant	TCF7L2		ENST00000534894	intron_variant	MODIFIER	protein_coding			
rs7903146					intron_variant	TCF7L2		ENST00000536810	intron_variant	MODIFIER	protein_coding			
rs7903146					intron_variant	TCF7L2		ENST00000538897	intron_variant	MODIFIER	protein_coding			
rs7903146					intron_variant	TCF7L2		ENST00000542695	intron_variant	MODIFIER	protein_coding			
rs7903146					intron_variant	TCF7L2		ENST00000543371	intron_variant	MODIFIER	protein_coding			
rs7903146					intron_variant	TCF7L2		ENST00000545257	intron_variant	MODIFIER	protein_coding			
rs61872774					intron_variant	TCF7L2		ENST00000346198	intron_variant	MODIFIER	protein_coding			
rs61872774					intron_variant	TCF7L2		ENST00000349937	intron_variant	MODIFIER	protein_coding			
rs61872774					intron_variant	TCF7L2		ENST00000352065	intron_variant	MODIFIER	protein_coding			
rs61872774					intron_variant	TCF7L2		ENST00000355717	intron_variant	MODIFIER	protein_coding			
rs61872774					intron_variant	TCF7L2		ENST00000355995	intron_variant	MODIFIER	protein_coding			
rs61872774					intron_variant	TCF7L2		ENST00000369395	intron_variant	MODIFIER	protein_coding			
rs61872774					intron_variant	TCF7L2		ENST00000369397	intron_variant	MODIFIER	protein_coding			
rs61872774					intron_variant	TCF7L2		ENST00000534894	intron_variant	MODIFIER	protein_coding			
rs61872774					intron_variant	TCF7L2		ENST00000536810	intron_variant	MODIFIER	protein_coding			
rs61872774					intron_variant	TCF7L2		ENST00000538897	intron_variant	MODIFIER	protein_coding			
rs61872774					intron_variant	TCF7L2		ENST00000542695	intron_variant	MODIFIER	protein_coding			
rs61872774					intron_variant	TCF7L2		ENST00000543371	intron_variant	MODIFIER	protein_coding			
rs61872774					intron_variant	TCF7L2		ENST00000545257	intron_variant	MODIFIER	protein_coding			
rs79369780					intron_variant	TCF7L2		ENST00000346198	intron_variant	MODIFIER	protein_coding			
rs79369780					intron_variant	TCF7L2		ENST00000349937	intron_variant	MODIFIER	protein_coding			
rs79369780					intron_variant	TCF7L2		ENST00000352065	intron_variant	MODIFIER	protein_coding			
rs79369780					intron_variant	TCF7L2		ENST00000355717	intron_variant	MODIFIER	protein_coding			
rs79369780					intron_variant	TCF7L2		ENST00000355995	intron_variant	MODIFIER	protein_coding			
rs79369780					intron_variant	TCF7L2		ENST00000369395	intron_variant	MODIFIER	protein_coding			
rs79369780					intron_variant	TCF7L2		ENST00000369397	intron_variant	MODIFIER	protein_coding			
rs79369780					intron_variant	TCF7L2		ENST00000534894	intron_variant	MODIFIER	protein_coding			
rs79369780					intron_variant	TCF7L2		ENST00000536810	intron_variant	MODIFIER	protein_coding			
rs79369780					intron_variant	TCF7L2		ENST00000538897	intron_variant	MODIFIER	protein_coding			
rs79369780					intron_variant	TCF7L2		ENST00000542695	intron_variant	MODIFIER	protein_coding			
rs79369780					intron_variant	TCF7L2		ENST00000543371	intron_variant	MODIFIER	protein_coding			
rs79369780					intron_variant	TCF7L2		ENST00000545257	intron_variant	MODIFIER	protein_coding			
rs140908036					intron_variant	TCF7L2		ENST00000346198	intron_variant	MODIFIER	protein_coding			
rs140908036					intron_variant	TCF7L2		ENST00000349937	intron_variant	MODIFIER	protein_coding			
rs140908036					intron_variant	TCF7L2		ENST00000352065	intron_variant	MODIFIER	protein_coding			
rs140908036					intron_variant	TCF7L2		ENST00000355717	intron_variant	MODIFIER	protein_coding			
rs140908036					intron_variant	TCF7L2		ENST00000355995	intron_variant	MODIFIER	protein_coding			
rs140908036					intron_variant	TCF7L2		ENST00000369395	intron_variant	MODIFIER	protein_coding			
rs140908036					intron_variant	TCF7L2		ENST00000369397	intron_variant	MODIFIER	protein_coding			
rs140908036					intron_variant	TCF7L2		ENST00000534894	intron_variant	MODIFIER	protein_coding			
rs140908036					intron_variant	TCF7L2		ENST00000536810	intron_variant	MODIFIER	protein_coding			
rs140908036					intron_variant	TCF7L2		ENST00000538897	intron_variant	MODIFIER	protein_coding			
rs140908036					intron_variant	TCF7L2		ENST00000542695	intron_variant	MODIFIER	protein_coding			
rs140908036					intron_variant	TCF7L2		ENST00000543371	intron_variant	MODIFIER	protein_coding			
rs140908036					intron_variant	TCF7L2		ENST00000545257	intron_variant	MODIFIER	protein_coding			
rs180726800					intron_variant	TCF7L2		ENST00000346198	intron_variant	MODIFIER	protein_coding			
rs180726800					intron_variant	TCF7L2		ENST00000349937	intron_variant	MODIFIER	protein_coding			
rs180726800					intron_variant	TCF7L2		ENST00000352065	intron_variant	MODIFIER	protein_coding			
rs180726800					intron_variant	TCF7L2		ENST00000355717	intron_variant	MODIFIER	protein_coding			
rs180726800					intron_variant	TCF7L2		ENST00000355995	intron_variant	MODIFIER	protein_coding			
rs180726800					intron_variant	TCF7L2		ENST00000369395	intron_variant	MODIFIER	protein_coding			
rs180726800					intron_variant	TCF7L2		ENST00000369397	intron_variant	MODIFIER	protein_coding			
rs180726800					intron_variant	TCF7L2		ENST00000534894	intron_variant	MODIFIER	protein_coding			
rs180726800					intron_variant	TCF7L2		ENST00000536810	intron_variant	MODIFIER	protein_coding			
rs180726800					intron_variant	TCF7L2		ENST00000538897	intron_variant	MODIFIER	protein_coding			
rs180726800					intron_variant	TCF7L2		ENST00000542695	intron_variant	MODIFIER	protein_coding			
rs180726800					intron_variant	TCF7L2		ENST00000543371	intron_variant	MODIFIER	protein_coding			
rs180726800					intron_variant	TCF7L2		ENST00000545257	intron_variant	MODIFIER	protein_coding			
rs118046020					intron_variant	TCF7L2		ENST00000346198	intron_variant	MODIFIER	protein_coding			
rs118046020					intron_variant	TCF7L2		ENST00000349937	intron_variant	MODIFIER	protein_coding			
rs118046020					intron_variant	TCF7L2		ENST00000352065	intron_variant	MODIFIER	protein_coding			
rs118046020					intron_variant	TCF7L2		ENST00000355717	intron_variant	MODIFIER	protein_coding			
rs118046020					intron_variant	TCF7L2		ENST00000355995	intron_variant	MODIFIER	protein_coding			
rs118046020					intron_variant	TCF7L2		ENST00000369395	intron_variant	MODIFIER	protein_coding			
rs118046020					intron_variant	TCF7L2		ENST00000369397	intron_variant	MODIFIER	protein_coding			
rs118046020					intron_variant	TCF7L2		ENST00000534894	intron_variant	MODIFIER	protein_coding			
rs118046020					intron_variant	TCF7L2		ENST00000536810	intron_variant	MODIFIER	protein_coding			
rs118046020					intron_variant	TCF7L2		ENST00000538897	intron_variant	MODIFIER	protein_coding			
rs118046020					intron_variant	TCF7L2		ENST00000542695	intron_variant	MODIFIER	protein_coding			
rs118046020					intron_variant	TCF7L2		ENST00000543371	intron_variant	MODIFIER	protein_coding			
rs118046020					intron_variant	TCF7L2		ENST00000545257	intron_variant	MODIFIER	protein_coding			
rs72826093					intron_variant	TCF7L2		ENST00000346198	intron_variant	MODIFIER	protein_coding			
rs72826093					intron_variant	TCF7L2		ENST00000349937	intron_variant	MODIFIER	protein_coding			
rs72826093					intron_variant	TCF7L2		ENST00000352065	intron_variant	MODIFIER	protein_coding			
rs72826093					intron_variant	TCF7L2		ENST00000355717	intron_variant	MODIFIER	protein_coding			
rs72826093					intron_variant	TCF7L2		ENST00000355995	intron_variant	MODIFIER	protein_coding			
rs72826093					intron_variant	TCF7L2		ENST00000369395	intron_variant	MODIFIER	protein_coding			
rs72826093					intron_variant	TCF7L2		ENST00000369397	intron_variant	MODIFIER	protein_coding			
rs72826093					intron_variant	TCF7L2		ENST00000534894	intron_variant	MODIFIER	protein_coding			
rs72826093					intron_variant	TCF7L2		ENST00000536810	intron_variant	MODIFIER	protein_coding			
rs72826093					intron_variant	TCF7L2		ENST00000538897	intron_variant	MODIFIER	protein_coding			
rs72826093					intron_variant	TCF7L2		ENST00000542695	intron_variant	MODIFIER	protein_coding			
rs72826093					intron_variant	TCF7L2		ENST00000543371	intron_variant	MODIFIER	protein_coding			
rs72826093					intron_variant	TCF7L2		ENST00000545257	intron_variant	MODIFIER	protein_coding			
rs140658764					intron_variant	TCF7L2		ENST00000346198	intron_variant	MODIFIER	protein_coding			
rs140658764					intron_variant	TCF7L2		ENST00000349937	intron_variant	MODIFIER	protein_coding			
rs140658764					intron_variant	TCF7L2		ENST00000352065	intron_variant	MODIFIER	protein_coding			
rs140658764					intron_variant	TCF7L2		ENST00000355717	intron_variant	MODIFIER	protein_coding			
rs140658764					intron_variant	TCF7L2		ENST00000355995	intron_variant	MODIFIER	protein_coding			
rs140658764					intron_variant	TCF7L2		ENST00000369395	intron_variant	MODIFIER	protein_coding			
rs140658764					intron_variant	TCF7L2		ENST00000369397	intron_variant	MODIFIER	protein_coding			
rs140658764					intron_variant	TCF7L2		ENST00000534894	intron_variant	MODIFIER	protein_coding			
rs140658764					intron_variant	TCF7L2		ENST00000536810	intron_variant	MODIFIER	protein_coding			
rs140658764					intron_variant	TCF7L2		ENST00000538897	intron_variant	MODIFIER	protein_coding			
rs140658764					intron_variant	TCF7L2		ENST00000542695	intron_variant	MODIFIER	protein_coding			
rs140658764					intron_variant	TCF7L2		ENST00000543371	intron_variant	MODIFIER	protein_coding			
rs140658764					intron_variant	TCF7L2		ENST00000545257	intron_variant	MODIFIER	protein_coding			
rs17685538					intron_variant	TCF7L2		ENST00000346198	intron_variant	MODIFIER	protein_coding			
rs17685538					intron_variant	TCF7L2		ENST00000349937	intron_variant	MODIFIER	protein_coding			
rs17685538					intron_variant	TCF7L2		ENST00000352065	intron_variant	MODIFIER	protein_coding			
rs17685538					intron_variant	TCF7L2		ENST00000355717	intron_variant	MODIFIER	protein_coding			
rs17685538					intron_variant	TCF7L2		ENST00000355995	intron_variant	MODIFIER	protein_coding			
rs17685538					intron_variant	TCF7L2		ENST00000369395	intron_variant	MODIFIER	protein_coding			
rs17685538					intron_variant	TCF7L2		ENST00000369397	intron_variant	MODIFIER	protein_coding			
rs17685538					intron_variant	TCF7L2		ENST00000534894	intron_variant	MODIFIER	protein_coding			
rs17685538					intron_variant	TCF7L2		ENST00000536810	intron_variant	MODIFIER	protein_coding			
rs17685538					intron_variant	TCF7L2		ENST00000538897	intron_variant	MODIFIER	protein_coding			
rs17685538					intron_variant	TCF7L2		ENST00000542695	intron_variant	MODIFIER	protein_coding			
rs17685538					intron_variant	TCF7L2		ENST00000543371	intron_variant	MODIFIER	protein_coding			
rs17685538					intron_variant	TCF7L2		ENST00000545257	intron_variant	MODIFIER	protein_coding			
rs149092094					intron_variant	TCF7L2		ENST00000346198	intron_variant	MODIFIER	protein_coding			
rs149092094					intron_variant	TCF7L2		ENST00000349937	intron_variant	MODIFIER	protein_coding			
rs149092094					intron_variant	TCF7L2		ENST00000352065	intron_variant	MODIFIER	protein_coding			
rs149092094					intron_variant	TCF7L2		ENST00000355717	intron_variant	MODIFIER	protein_coding			
rs149092094					intron_variant	TCF7L2		ENST00000355995	intron_variant	MODIFIER	protein_coding			
rs149092094					intron_variant	TCF7L2		ENST00000369395	intron_variant	MODIFIER	protein_coding			
rs149092094					intron_variant	TCF7L2		ENST00000369397	intron_variant	MODIFIER	protein_coding			
rs149092094					intron_variant	TCF7L2		ENST00000534894	intron_variant	MODIFIER	protein_coding			
rs149092094					intron_variant	TCF7L2		ENST00000536810	intron_variant	MODIFIER	protein_coding			
rs149092094					intron_variant	TCF7L2		ENST00000538897	intron_variant	MODIFIER	protein_coding			
rs149092094					intron_variant	TCF7L2		ENST00000542695	intron_variant	MODIFIER	protein_coding			
rs149092094					intron_variant	TCF7L2		ENST00000543371	intron_variant	MODIFIER	protein_coding			
rs149092094					intron_variant	TCF7L2		ENST00000545257	intron_variant	MODIFIER	protein_coding			
rs7070182					intron_variant	TCF7L2		ENST00000346198	intron_variant	MODIFIER	protein_coding			
rs7070182					intron_variant	TCF7L2		ENST00000349937	intron_variant	MODIFIER	protein_coding			
rs7070182					intron_variant	TCF7L2		ENST00000352065	intron_variant	MODIFIER	protein_coding			
rs7070182					intron_variant	TCF7L2		ENST00000355717	intron_variant	MODIFIER	protein_coding			
rs7070182					intron_variant	TCF7L2		ENST00000355995	intron_variant	MODIFIER	protein_coding			
rs7070182					intron_variant	TCF7L2		ENST00000369395	intron_variant	MODIFIER	protein_coding			
rs7070182					intron_variant	TCF7L2		ENST00000369397	intron_variant	MODIFIER	protein_coding			
rs7070182					intron_variant	TCF7L2		ENST00000534894	intron_variant	MODIFIER	protein_coding			
rs7070182					intron_variant	TCF7L2		ENST00000536810	intron_variant	MODIFIER	protein_coding			
rs7070182					intron_variant	TCF7L2		ENST00000538897	intron_variant	MODIFIER	protein_coding			
rs7070182					intron_variant	TCF7L2		ENST00000542695	intron_variant	MODIFIER	protein_coding			
rs7070182					intron_variant	TCF7L2		ENST00000543371	intron_variant	MODIFIER	protein_coding			
rs7070182					intron_variant	TCF7L2		ENST00000545257	intron_variant	MODIFIER	protein_coding			
rs112694314					intron_variant	TCF7L2		ENST00000346198	intron_variant	MODIFIER	protein_coding			
rs112694314					intron_variant	TCF7L2		ENST00000349937	intron_variant	MODIFIER	protein_coding			
rs112694314					intron_variant	TCF7L2		ENST00000352065	intron_variant	MODIFIER	protein_coding			
rs112694314					intron_variant	TCF7L2		ENST00000355717	intron_variant	MODIFIER	protein_coding			
rs112694314					intron_variant	TCF7L2		ENST00000355995	intron_variant	MODIFIER	protein_coding			
rs112694314					intron_variant	TCF7L2		ENST00000369395	intron_variant	MODIFIER	protein_coding			
rs112694314					intron_variant	TCF7L2		ENST00000369397	intron_variant	MODIFIER	protein_coding			
rs112694314					intron_variant	TCF7L2		ENST00000534894	intron_variant	MODIFIER	protein_coding			
rs112694314					intron_variant	TCF7L2		ENST00000536810	intron_variant	MODIFIER	protein_coding			
rs112694314					intron_variant	TCF7L2		ENST00000538897	intron_variant	MODIFIER	protein_coding			
rs112694314					intron_variant	TCF7L2		ENST00000542695	intron_variant	MODIFIER	protein_coding			
rs112694314					intron_variant	TCF7L2		ENST00000543371	intron_variant	MODIFIER	protein_coding			
rs112694314					intron_variant	TCF7L2		ENST00000545257	intron_variant	MODIFIER	protein_coding			
rs11196216					intron_variant	TCF7L2		ENST00000346198	intron_variant	MODIFIER	protein_coding			
rs11196216					intron_variant	TCF7L2		ENST00000349937	intron_variant	MODIFIER	protein_coding			
rs11196216					intron_variant	TCF7L2		ENST00000352065	intron_variant	MODIFIER	protein_coding			
rs11196216					intron_variant	TCF7L2		ENST00000355717	intron_variant	MODIFIER	protein_coding			
rs11196216					intron_variant	TCF7L2		ENST00000355995	intron_variant	MODIFIER	protein_coding			
rs11196216					intron_variant	TCF7L2		ENST00000369395	intron_variant	MODIFIER	protein_coding			
rs11196216					intron_variant	TCF7L2		ENST00000369397	intron_variant	MODIFIER	protein_coding			
rs11196216					intron_variant	TCF7L2		ENST00000534894	intron_variant	MODIFIER	protein_coding			
rs11196216					intron_variant	TCF7L2		ENST00000536810	intron_variant	MODIFIER	protein_coding			
rs11196216					intron_variant	TCF7L2		ENST00000538897	intron_variant	MODIFIER	protein_coding			
rs11196216					intron_variant	TCF7L2		ENST00000542695	intron_variant	MODIFIER	protein_coding			
rs11196216					intron_variant	TCF7L2		ENST00000543371	intron_variant	MODIFIER	protein_coding			
rs11196216					intron_variant	TCF7L2		ENST00000545257	intron_variant	MODIFIER	protein_coding			
rs145003494					intron_variant	TCF7L2		ENST00000346198	intron_variant	MODIFIER	protein_coding			
rs145003494					intron_variant	TCF7L2		ENST00000349937	intron_variant	MODIFIER	protein_coding			
rs145003494					intron_variant	TCF7L2		ENST00000352065	intron_variant	MODIFIER	protein_coding			
rs145003494					intron_variant	TCF7L2		ENST00000355717	intron_variant	MODIFIER	protein_coding			
rs145003494					intron_variant	TCF7L2		ENST00000355995	intron_variant	MODIFIER	protein_coding			
rs145003494					intron_variant	TCF7L2		ENST00000369395	intron_variant	MODIFIER	protein_coding			
rs145003494					intron_variant	TCF7L2		ENST00000369397	intron_variant	MODIFIER	protein_coding			
rs145003494					intron_variant	TCF7L2		ENST00000534894	intron_variant	MODIFIER	protein_coding			
rs145003494					intron_variant	TCF7L2		ENST00000536810	intron_variant	MODIFIER	protein_coding			
rs145003494					intron_variant	TCF7L2		ENST00000538897	intron_variant	MODIFIER	protein_coding			
rs145003494					intron_variant	TCF7L2		ENST00000542695	intron_variant	MODIFIER	protein_coding			
rs145003494					intron_variant	TCF7L2		ENST00000543371	intron_variant	MODIFIER	protein_coding			
rs145003494					intron_variant	TCF7L2		ENST00000545257	intron_variant	MODIFIER	protein_coding			
rs116929578					intron_variant	TCF7L2		ENST00000346198	intron_variant	MODIFIER	protein_coding			
rs116929578					intron_variant	TCF7L2		ENST00000349937	intron_variant	MODIFIER	protein_coding			
rs116929578					intron_variant	TCF7L2		ENST00000352065	intron_variant	MODIFIER	protein_coding			
rs116929578					intron_variant	TCF7L2		ENST00000355717	intron_variant	MODIFIER	protein_coding			
rs116929578					intron_variant	TCF7L2		ENST00000355995	intron_variant	MODIFIER	protein_coding			
rs116929578					intron_variant	TCF7L2		ENST00000369395	intron_variant	MODIFIER	protein_coding			
rs116929578					intron_variant	TCF7L2		ENST00000369397	intron_variant	MODIFIER	protein_coding			
rs116929578					intron_variant	TCF7L2		ENST00000534894	intron_variant	MODIFIER	protein_coding			
rs116929578					intron_variant	TCF7L2		ENST00000536810	intron_variant	MODIFIER	protein_coding			
rs116929578					intron_variant	TCF7L2		ENST00000538897	intron_variant	MODIFIER	protein_coding			
rs116929578					intron_variant	TCF7L2		ENST00000542695	intron_variant	MODIFIER	protein_coding			
rs116929578					intron_variant	TCF7L2		ENST00000543371	intron_variant	MODIFIER	protein_coding			
rs116929578					intron_variant	TCF7L2		ENST00000545257	intron_variant	MODIFIER	protein_coding			
rs7069881					intron_variant	TCF7L2		ENST00000346198	intron_variant	MODIFIER	protein_coding			
rs7069881					intron_variant	TCF7L2		ENST00000349937	intron_variant	MODIFIER	protein_coding			
rs7069881					intron_variant	TCF7L2		ENST00000352065	intron_variant	MODIFIER	protein_coding			
rs7069881					intron_variant	TCF7L2		ENST00000355717	intron_variant	MODIFIER	protein_coding			
rs7069881					intron_variant	TCF7L2		ENST00000355995	intron_variant	MODIFIER	protein_coding			
rs7069881					intron_variant	TCF7L2		ENST00000369395	intron_variant	MODIFIER	protein_coding			
rs7069881					intron_variant	TCF7L2		ENST00000369397	intron_variant	MODIFIER	protein_coding			
rs7069881					intron_variant	TCF7L2		ENST00000534894	intron_variant	MODIFIER	protein_coding			
rs7069881					intron_variant	TCF7L2		ENST00000536810	intron_variant	MODIFIER	protein_coding			
rs7069881					intron_variant	TCF7L2		ENST00000538897	intron_variant	MODIFIER	protein_coding			
rs7069881					intron_variant	TCF7L2		ENST00000542695	intron_variant	MODIFIER	protein_coding			
rs7069881					intron_variant	TCF7L2		ENST00000543371	intron_variant	MODIFIER	protein_coding			
rs7069881					intron_variant	TCF7L2		ENST00000545257	intron_variant	MODIFIER	protein_coding			
rs137986049					intron_variant	TCF7L2		ENST00000346198	intron_variant	MODIFIER	protein_coding			
rs137986049					intron_variant	TCF7L2		ENST00000349937	intron_variant	MODIFIER	protein_coding			
rs137986049					intron_variant	TCF7L2		ENST00000352065	intron_variant	MODIFIER	protein_coding			
rs137986049					intron_variant	TCF7L2		ENST00000355717	intron_variant	MODIFIER	protein_coding			
rs137986049					intron_variant	TCF7L2		ENST00000355995	intron_variant	MODIFIER	protein_coding			
rs137986049					intron_variant	TCF7L2		ENST00000369395	intron_variant	MODIFIER	protein_coding			
rs137986049					intron_variant	TCF7L2		ENST00000369397	intron_variant	MODIFIER	protein_coding			
rs137986049					intron_variant	TCF7L2		ENST00000534894	intron_variant	MODIFIER	protein_coding			
rs137986049					intron_variant	TCF7L2		ENST00000536810	intron_variant	MODIFIER	protein_coding			
rs137986049					intron_variant	TCF7L2		ENST00000538897	intron_variant	MODIFIER	protein_coding			
rs137986049					intron_variant	TCF7L2		ENST00000542695	intron_variant	MODIFIER	protein_coding			
rs137986049					intron_variant	TCF7L2		ENST00000543371	intron_variant	MODIFIER	protein_coding			
rs137986049					intron_variant	TCF7L2		ENST00000545257	intron_variant	MODIFIER	protein_coding			
rs193023456					intron_variant	TCF7L2		ENST00000346198	intron_variant	MODIFIER	protein_coding			
rs193023456					intron_variant	TCF7L2		ENST00000349937	intron_variant	MODIFIER	protein_coding			
rs193023456					intron_variant	TCF7L2		ENST00000352065	intron_variant	MODIFIER	protein_coding			
rs193023456					intron_variant	TCF7L2		ENST00000355717	intron_variant	MODIFIER	protein_coding			
rs193023456					intron_variant	TCF7L2		ENST00000355995	intron_variant	MODIFIER	protein_coding			
rs193023456					intron_variant	TCF7L2		ENST00000369395	intron_variant	MODIFIER	protein_coding			
rs193023456					intron_variant	TCF7L2		ENST00000369397	intron_variant	MODIFIER	protein_coding			
rs193023456					intron_variant	TCF7L2		ENST00000534894	intron_variant	MODIFIER	protein_coding			
rs193023456					intron_variant	TCF7L2		ENST00000536810	intron_variant	MODIFIER	protein_coding			
rs193023456					intron_variant	TCF7L2		ENST00000538897	intron_variant	MODIFIER	protein_coding			
rs193023456					intron_variant	TCF7L2		ENST00000542695	intron_variant	MODIFIER	protein_coding			
rs193023456					intron_variant	TCF7L2		ENST00000543371	intron_variant	MODIFIER	protein_coding			
rs193023456					intron_variant	TCF7L2		ENST00000545257	intron_variant	MODIFIER	protein_coding			
rs290476					intron_variant	TCF7L2		ENST00000346198	intron_variant	MODIFIER	protein_coding			
rs290476					intron_variant	TCF7L2		ENST00000349937	intron_variant	MODIFIER	protein_coding			
rs290476					intron_variant	TCF7L2		ENST00000352065	intron_variant	MODIFIER	protein_coding			
rs290476					intron_variant	TCF7L2		ENST00000355717	intron_variant	MODIFIER	protein_coding			
rs290476					intron_variant	TCF7L2		ENST00000355995	intron_variant	MODIFIER	protein_coding			
rs290476					intron_variant	TCF7L2		ENST00000369395	intron_variant	MODIFIER	protein_coding			
rs290476					intron_variant	TCF7L2		ENST00000369397	intron_variant	MODIFIER	protein_coding			
rs290476					intron_variant	TCF7L2		ENST00000534894	intron_variant	MODIFIER	protein_coding			
rs290476					intron_variant	TCF7L2		ENST00000536810	intron_variant	MODIFIER	protein_coding			
rs290476					intron_variant	TCF7L2		ENST00000538897	intron_variant	MODIFIER	protein_coding			
rs290476					intron_variant	TCF7L2		ENST00000542695	intron_variant	MODIFIER	protein_coding			
rs290476					intron_variant	TCF7L2		ENST00000543371	intron_variant	MODIFIER	protein_coding			
rs290476					intron_variant	TCF7L2		ENST00000545257	intron_variant	MODIFIER	protein_coding			
rs143876660					intron_variant	TCF7L2		ENST00000346198	intron_variant	MODIFIER	protein_coding			
rs143876660					intron_variant	TCF7L2		ENST00000349937	intron_variant	MODIFIER	protein_coding			
rs143876660					intron_variant	TCF7L2		ENST00000352065	intron_variant	MODIFIER	protein_coding			
rs143876660					intron_variant	TCF7L2		ENST00000355717	intron_variant	MODIFIER	protein_coding			
rs143876660					intron_variant	TCF7L2		ENST00000355995	intron_variant	MODIFIER	protein_coding			
rs143876660					intron_variant	TCF7L2		ENST00000369395	intron_variant	MODIFIER	protein_coding			
rs143876660					intron_variant	TCF7L2		ENST00000369397	intron_variant	MODIFIER	protein_coding			
rs143876660					intron_variant	TCF7L2		ENST00000534894	intron_variant	MODIFIER	protein_coding			
rs143876660					intron_variant	TCF7L2		ENST00000536810	intron_variant	MODIFIER	protein_coding			
rs143876660					intron_variant	TCF7L2		ENST00000538897	intron_variant	MODIFIER	protein_coding			
rs143876660					intron_variant	TCF7L2		ENST00000542695	intron_variant	MODIFIER	protein_coding			
rs143876660					intron_variant	TCF7L2		ENST00000543371	intron_variant	MODIFIER	protein_coding			
rs143876660					intron_variant	TCF7L2		ENST00000545257	intron_variant	MODIFIER	protein_coding			
rs290490					intron_variant	TCF7L2		ENST00000277945	intron_variant	MODIFIER	protein_coding			
rs290490					intron_variant	TCF7L2		ENST00000349937	downstream_gene_variant	MODIFIER	protein_coding			
rs290490					intron_variant	TCF7L2		ENST00000352065	intron_variant	MODIFIER	protein_coding			
rs290490					intron_variant	TCF7L2		ENST00000355717	intron_variant	MODIFIER	protein_coding			
rs290490					intron_variant	TCF7L2		ENST00000355995	intron_variant	MODIFIER	protein_coding			
rs290490					intron_variant	TCF7L2		ENST00000369386	upstream_gene_variant	MODIFIER	protein_coding			
rs290490					intron_variant	TCF7L2		ENST00000369389	intron_variant	MODIFIER	protein_coding			
rs290490					intron_variant	TCF7L2		ENST00000369395	downstream_gene_variant	MODIFIER	protein_coding			
rs290490					intron_variant	TCF7L2		ENST00000369397	intron_variant	MODIFIER	protein_coding			
rs290490					intron_variant	TCF7L2		ENST00000466338	upstream_gene_variant	MODIFIER	processed_transcript			
rs290490					intron_variant	TCF7L2		ENST00000470254	upstream_gene_variant	MODIFIER	nonsense_mediated_decay			
rs290490					intron_variant	TCF7L2		ENST00000534894	intron_variant	MODIFIER	protein_coding			
rs290490					intron_variant	TCF7L2		ENST00000536810	intron_variant	MODIFIER	protein_coding			
rs290490					intron_variant	TCF7L2		ENST00000538897	intron_variant	MODIFIER	protein_coding			
rs290490					intron_variant	TCF7L2		ENST00000542695	intron_variant	MODIFIER	protein_coding			
rs290490					intron_variant	TCF7L2		ENST00000543371	intron_variant	MODIFIER	protein_coding			
rs290490					intron_variant	TCF7L2		ENST00000545257	intron_variant	MODIFIER	protein_coding			
rs740746					intergenic_variant				intergenic_variant					
rs10787798					downstream_gene_variant	RP11-355F22.1		ENST00000575236	downstream_gene_variant	MODIFIER	lincRNA			
rs12269193					intron_variant	INPP5F		ENST00000361976	intron_variant	MODIFIER	protein_coding			
rs12269193					intron_variant	INPP5F		ENST00000369080	upstream_gene_variant	MODIFIER	protein_coding			
rs12269193					intron_variant	INPP5F		ENST00000490818	upstream_gene_variant	MODIFIER	processed_transcript			
rs12269193					intron_variant	PHACTR2P1		ENST00000605639	downstream_gene_variant	MODIFIER	processed_pseudogene			
rs11199755					regulatory_region_variant				regulatory_region_variant					
rs10886863					intergenic_variant				intergenic_variant					
rs1907225					intergenic_variant				intergenic_variant					
rs2421021					intron_variant	PLEKHA1		ENST00000368988	intron_variant	MODIFIER	protein_coding			
rs2421021					intron_variant	PLEKHA1		ENST00000368989	intron_variant	MODIFIER	protein_coding			
rs2421021					intron_variant	PLEKHA1		ENST00000368990	intron_variant	MODIFIER	protein_coding			
rs2421021					intron_variant	PLEKHA1		ENST00000392799	intron_variant	MODIFIER	protein_coding			
rs2421021					intron_variant	PLEKHA1		ENST00000433307	intron_variant	MODIFIER	protein_coding			
rs2421021					intron_variant	PLEKHA1		ENST00000463663	intron_variant	MODIFIER	protein_coding			
rs2421021					intron_variant	PLEKHA1		ENST00000494222	intron_variant,non_coding_transcript_variant	MODIFIER	processed_transcript			
rs2421021					intron_variant	PLEKHA1		ENST00000538022	intron_variant	MODIFIER	protein_coding			
rs7914985					intron_variant	RP11-282I1.1		ENST00000448347	intron_variant,non_coding_transcript_variant	MODIFIER	lincRNA			
rs7914985					intron_variant	RP11-282I1.1		ENST00000448671	intron_variant,non_coding_transcript_variant	MODIFIER	lincRNA			
rs2334499					intergenic_variant				intergenic_variant					
rs76074250					intergenic_variant				intergenic_variant					
rs7933888					intergenic_variant				intergenic_variant					
rs1124699					intron_variant	IGF2		ENST00000300632	intron_variant	MODIFIER	protein_coding			
rs1124699					intron_variant	IGF2-AS		ENST00000381361	intron_variant,non_coding_transcript_variant	MODIFIER	antisense			
rs1124699					intron_variant	IGF2-AS		ENST00000381363	intron_variant,non_coding_transcript_variant	MODIFIER	antisense			
rs1124699					intron_variant	IGF2		ENST00000381389	upstream_gene_variant	MODIFIER	protein_coding			
rs1124699					intron_variant	IGF2		ENST00000381406	upstream_gene_variant	MODIFIER	protein_coding			
rs1124699					intron_variant	IGF2		ENST00000416167	upstream_gene_variant	MODIFIER	protein_coding			
rs1124699					intron_variant	IGF2		ENST00000434045	upstream_gene_variant	MODIFIER	protein_coding			
rs1124699					intron_variant	IGF2-AS		ENST00000445504	intron_variant,non_coding_transcript_variant	MODIFIER	antisense			
rs1124699					intron_variant	INS-IGF2		ENST00000481781	downstream_gene_variant	MODIFIER	processed_transcript			
rs3842726					upstream_gene_variant	INS		ENST00000250971	upstream_gene_variant	MODIFIER	protein_coding			
rs3842726					upstream_gene_variant	TH		ENST00000324155	downstream_gene_variant	MODIFIER	nonsense_mediated_decay			
rs3842726					upstream_gene_variant	TH		ENST00000333684	downstream_gene_variant	MODIFIER	protein_coding			
rs3842726					upstream_gene_variant	TH		ENST00000352909	downstream_gene_variant	MODIFIER	protein_coding			
rs3842726					upstream_gene_variant	TH		ENST00000381168	downstream_gene_variant	MODIFIER	nonsense_mediated_decay			
rs3842726					upstream_gene_variant	TH		ENST00000381175	downstream_gene_variant	MODIFIER	protein_coding			
rs3842726					upstream_gene_variant	TH		ENST00000381178	downstream_gene_variant	MODIFIER	protein_coding			
rs3842726					upstream_gene_variant	INS		ENST00000381330	upstream_gene_variant	MODIFIER	protein_coding			
rs3842726					upstream_gene_variant	INS		ENST00000397262	upstream_gene_variant	MODIFIER	protein_coding			
rs3842726					upstream_gene_variant	TH		ENST00000412076	downstream_gene_variant	MODIFIER	protein_coding			
rs3842726					upstream_gene_variant	TH		ENST00000416223	downstream_gene_variant	MODIFIER	nonsense_mediated_decay			
rs3842726					upstream_gene_variant	INS		ENST00000421783	upstream_gene_variant	MODIFIER	protein_coding			
rs3842726					upstream_gene_variant	TH		ENST00000461172	downstream_gene_variant	MODIFIER	retained_intron			
rs3842726					upstream_gene_variant	TH		ENST00000469226	downstream_gene_variant	MODIFIER	retained_intron			
rs3842726					upstream_gene_variant	TH		ENST00000479437	downstream_gene_variant	MODIFIER	retained_intron			
rs3842726					upstream_gene_variant	INS		ENST00000512523	upstream_gene_variant	MODIFIER	protein_coding			
rs4929965					upstream_gene_variant	TH		ENST00000324155	upstream_gene_variant	MODIFIER	nonsense_mediated_decay			
rs4929965					upstream_gene_variant	TH		ENST00000333684	upstream_gene_variant	MODIFIER	protein_coding			
rs4929965					upstream_gene_variant	TH		ENST00000352909	upstream_gene_variant	MODIFIER	protein_coding			
rs4929965					upstream_gene_variant	TH		ENST00000381168	upstream_gene_variant	MODIFIER	nonsense_mediated_decay			
rs4929965					upstream_gene_variant	TH		ENST00000381175	upstream_gene_variant	MODIFIER	protein_coding			
rs4929965					upstream_gene_variant	TH		ENST00000381178	upstream_gene_variant	MODIFIER	protein_coding			
rs4929965					upstream_gene_variant	MIR4686		ENST00000584128	downstream_gene_variant	MODIFIER	miRNA			
rs143000786					intergenic_variant				intergenic_variant					
rs181911080					intergenic_variant				intergenic_variant					
rs79696944					intergenic_variant				intergenic_variant					
rs718579					intron_variant	KCNQ1		ENST00000155840	intron_variant	MODIFIER	protein_coding			
rs718579					intron_variant	KCNQ1		ENST00000335475	intron_variant	MODIFIER	protein_coding			
rs718579					intron_variant	KCNQ1		ENST00000345015	intron_variant,non_coding_transcript_variant	MODIFIER	processed_transcript			
rs718579					intron_variant	KCNQ1		ENST00000380776	intron_variant	MODIFIER	protein_coding			
rs718579					intron_variant	KCNQ1		ENST00000496887	intron_variant	MODIFIER	protein_coding			
rs2283164					intron_variant	KCNQ1		ENST00000155840	intron_variant	MODIFIER	protein_coding			
rs2283164					intron_variant	KCNQ1		ENST00000335475	intron_variant	MODIFIER	protein_coding			
rs2283164					intron_variant	KCNQ1		ENST00000496887	intron_variant	MODIFIER	protein_coding			
rs2283167					intron_variant	KCNQ1		ENST00000155840	intron_variant	MODIFIER	protein_coding			
rs2283167					intron_variant	KCNQ1		ENST00000335475	intron_variant	MODIFIER	protein_coding			
rs2283167					intron_variant	KCNQ1		ENST00000496887	intron_variant	MODIFIER	protein_coding			
rs4930141					non_coding_transcript_exon_variant	KCNQ1		ENST00000155840	intron_variant	MODIFIER	protein_coding			
rs4930141					non_coding_transcript_exon_variant	KCNQ1		ENST00000335475	intron_variant	MODIFIER	protein_coding			
rs4930141					non_coding_transcript_exon_variant	KCNQ1OT1		ENST00000597346	non_coding_transcript_exon_variant	MODIFIER	antisense			
rs2073957					non_coding_transcript_exon_variant	KCNQ1		ENST00000155840	intron_variant	MODIFIER	protein_coding			
rs2073957					non_coding_transcript_exon_variant	KCNQ1		ENST00000335475	intron_variant	MODIFIER	protein_coding			
rs2073957					non_coding_transcript_exon_variant	KCNQ1OT1		ENST00000597346	non_coding_transcript_exon_variant	MODIFIER	antisense			
rs231362					non_coding_transcript_exon_variant	KCNQ1		ENST00000155840	intron_variant	MODIFIER	protein_coding			
rs231362					non_coding_transcript_exon_variant	KCNQ1		ENST00000335475	intron_variant	MODIFIER	protein_coding			
rs231362					non_coding_transcript_exon_variant	KCNQ1OT1		ENST00000597346	non_coding_transcript_exon_variant	MODIFIER	antisense			
rs35889184					non_coding_transcript_exon_variant	KCNQ1		ENST00000155840	intron_variant	MODIFIER	protein_coding			
rs35889184					non_coding_transcript_exon_variant	KCNQ1		ENST00000335475	intron_variant	MODIFIER	protein_coding			
rs35889184					non_coding_transcript_exon_variant	KCNQ1OT1		ENST00000597346	non_coding_transcript_exon_variant	MODIFIER	antisense			
rs2283205					intron_variant	KCNQ1		ENST00000155840	intron_variant	MODIFIER	protein_coding			
rs2283205					intron_variant	KCNQ1		ENST00000335475	intron_variant	MODIFIER	protein_coding			
rs11023938					intron_variant	KCNQ1		ENST00000155840	intron_variant	MODIFIER	protein_coding			
rs11023938					intron_variant	KCNQ1		ENST00000335475	intron_variant	MODIFIER	protein_coding			
rs2237884					intron_variant	KCNQ1		ENST00000155840	intron_variant	MODIFIER	protein_coding			
rs2237884					intron_variant	KCNQ1		ENST00000335475	intron_variant	MODIFIER	protein_coding			
rs2237884					intron_variant	KCNQ1		ENST00000526095	intron_variant,non_coding_transcript_variant	MODIFIER	processed_transcript			
rs57274815					intron_variant	KCNQ1		ENST00000155840	intron_variant	MODIFIER	protein_coding			
rs57274815					intron_variant	KCNQ1		ENST00000335475	intron_variant	MODIFIER	protein_coding			
rs57274815					intron_variant	KCNQ1		ENST00000526095	intron_variant,non_coding_transcript_variant	MODIFIER	processed_transcript			
rs140400323					intron_variant	KCNQ1		ENST00000155840	intron_variant	MODIFIER	protein_coding			
rs140400323					intron_variant	KCNQ1		ENST00000335475	intron_variant	MODIFIER	protein_coding			
rs140400323					intron_variant	KCNQ1		ENST00000526095	intron_variant,non_coding_transcript_variant	MODIFIER	processed_transcript			
rs234860					intron_variant	KCNQ1		ENST00000155840	intron_variant	MODIFIER	protein_coding			
rs234860					intron_variant	KCNQ1		ENST00000335475	intron_variant	MODIFIER	protein_coding			
rs234860					intron_variant	KCNQ1		ENST00000526095	intron_variant,non_coding_transcript_variant	MODIFIER	processed_transcript			
rs61869847					intron_variant	KCNQ1		ENST00000155840	intron_variant	MODIFIER	protein_coding			
rs61869847					intron_variant	KCNQ1		ENST00000335475	intron_variant	MODIFIER	protein_coding			
rs61869847					intron_variant	KCNQ1-AS1		ENST00000440887	downstream_gene_variant	MODIFIER	antisense			
rs61869847					intron_variant	KCNQ1		ENST00000526095	intron_variant,non_coding_transcript_variant	MODIFIER	processed_transcript			
rs76868685					intron_variant	KCNQ1		ENST00000155840	intron_variant	MODIFIER	protein_coding			
rs76868685					intron_variant	KCNQ1		ENST00000335475	intron_variant	MODIFIER	protein_coding			
rs76868685					intron_variant	KCNQ1-AS1		ENST00000440887	downstream_gene_variant	MODIFIER	antisense			
rs76868685					intron_variant	KCNQ1		ENST00000526095	intron_variant,non_coding_transcript_variant	MODIFIER	processed_transcript			
rs2237897					intron_variant	KCNQ1		ENST00000155840	intron_variant	MODIFIER	protein_coding			
rs2237897					intron_variant	KCNQ1		ENST00000335475	intron_variant	MODIFIER	protein_coding			
rs2237897					intron_variant	KCNQ1-AS1		ENST00000440887	downstream_gene_variant	MODIFIER	antisense			
rs2237897					intron_variant	KCNQ1		ENST00000526095	intron_variant,non_coding_transcript_variant	MODIFIER	processed_transcript			
rs4930013					intron_variant	KCNQ1		ENST00000155840	intron_variant	MODIFIER	protein_coding			
rs4930013					intron_variant	KCNQ1		ENST00000335475	intron_variant	MODIFIER	protein_coding			
rs4930013					intron_variant	KCNQ1-AS1		ENST00000440887	intron_variant,non_coding_transcript_variant	MODIFIER	antisense			
rs4930013					intron_variant	KCNQ1		ENST00000526095	intron_variant,non_coding_transcript_variant	MODIFIER	processed_transcript			
rs45477500					3_prime_UTR_variant	KCNQ1		ENST00000155840	3_prime_UTR_variant	MODIFIER	protein_coding			
rs45477500					3_prime_UTR_variant	KCNQ1		ENST00000335475	3_prime_UTR_variant	MODIFIER	protein_coding			
rs45477500					3_prime_UTR_variant	KCNQ1-AS1		ENST00000440887	intron_variant,non_coding_transcript_variant	MODIFIER	antisense			
rs45477500					3_prime_UTR_variant	KCNQ1		ENST00000526095	non_coding_transcript_exon_variant	MODIFIER	processed_transcript			
rs35723063					intron_variant	KCNQ1-AS1		ENST00000440887	intron_variant,non_coding_transcript_variant	MODIFIER	antisense			
rs116500286					upstream_gene_variant	KCNQ1-AS1		ENST00000440887	upstream_gene_variant	MODIFIER	antisense			
rs77355428					downstream_gene_variant	KCNQ1DN		ENST00000441418	downstream_gene_variant	MODIFIER	antisense			
rs76653898					intron_variant	CDKN1C		ENST00000313407	upstream_gene_variant	MODIFIER	protein_coding			
rs76653898					intron_variant	CDKN1C		ENST00000380725	upstream_gene_variant	MODIFIER	protein_coding			
rs76653898					intron_variant	CDKN1C		ENST00000414822	upstream_gene_variant	MODIFIER	protein_coding			
rs76653898					intron_variant	CDKN1C		ENST00000430149	upstream_gene_variant	MODIFIER	protein_coding			
rs76653898					intron_variant	CDKN1C		ENST00000440480	upstream_gene_variant	MODIFIER	protein_coding			
rs76653898					intron_variant	SLC22A18AS		ENST00000455942	intron_variant	MODIFIER	protein_coding			
rs76653898					intron_variant	SLC22A18AS		ENST00000526203	upstream_gene_variant	MODIFIER	protein_coding			
rs76653898					intron_variant	SLC22A18AS		ENST00000533594	intron_variant	MODIFIER	protein_coding			
rs2168101					intron_variant	LMO1		ENST00000335790	intron_variant	MODIFIER	protein_coding			
rs2168101					intron_variant	LMO1		ENST00000428101	intron_variant	MODIFIER	protein_coding			
rs2168101					intron_variant	LMO1		ENST00000524379	intron_variant,non_coding_transcript_variant	MODIFIER	retained_intron			
rs2168101					intron_variant	LMO1		ENST00000534484	intron_variant	MODIFIER	protein_coding			
rs7110529					intron_variant	TRIM66		ENST00000402157	intron_variant	MODIFIER	protein_coding			
rs7110529					intron_variant	TRIM66		ENST00000531498	intron_variant,non_coding_transcript_variant	MODIFIER	processed_transcript			
rs10743108					missense_variant	ZNF143		ENST00000299606	missense_variant	MODERATE	protein_coding		533.0	E/Q
rs10743108					missense_variant	ZNF143		ENST00000396597	missense_variant	MODERATE	protein_coding		530.0	E/Q
rs10743108					missense_variant	ZNF143		ENST00000396602	missense_variant	MODERATE	protein_coding		561.0	E/Q
rs10743108					missense_variant	ZNF143		ENST00000396604	missense_variant	MODERATE	protein_coding		560.0	E/Q
rs10743108					missense_variant	ZNF143		ENST00000447186	missense_variant	MODERATE	protein_coding		87.0	E/Q
rs10743108					missense_variant	ZNF143		ENST00000530463	missense_variant	MODERATE	protein_coding		560.0	E/Q
rs3910384					non_coding_transcript_exon_variant	WEE1		ENST00000299613	intron_variant	MODIFIER	protein_coding			
rs3910384					non_coding_transcript_exon_variant	WEE1		ENST00000450114	intron_variant	MODIFIER	protein_coding			
rs3910384					non_coding_transcript_exon_variant	snoU13		ENST00000458785	downstream_gene_variant	MODIFIER	snoRNA			
rs3910384					non_coding_transcript_exon_variant	RN7SL56P		ENST00000470034	upstream_gene_variant	MODIFIER	misc_RNA			
rs3910384					non_coding_transcript_exon_variant	WEE1		ENST00000524549	non_coding_transcript_exon_variant	MODIFIER	retained_intron			
rs3910384					non_coding_transcript_exon_variant	WEE1		ENST00000524612	intron_variant	MODIFIER	protein_coding			
rs3910384					non_coding_transcript_exon_variant	WEE1		ENST00000530175	upstream_gene_variant	MODIFIER	nonsense_mediated_decay			
rs3910384					non_coding_transcript_exon_variant	WEE1		ENST00000530712	upstream_gene_variant	MODIFIER	protein_coding			
rs76789970					intron_variant	SBF2		ENST00000256190	intron_variant	MODIFIER	protein_coding			
rs76789970					intron_variant	SBF2		ENST00000530741	intron_variant	MODIFIER	protein_coding			
rs76789970					intron_variant	SBF2		ENST00000533584	upstream_gene_variant	MODIFIER	retained_intron			
rs76789970					intron_variant	RP11-1H15.2		ENST00000533659	upstream_gene_variant	MODIFIER	antisense			
rs76789970					intron_variant	SBF2		ENST00000533770	downstream_gene_variant	MODIFIER	retained_intron			
rs7122422					intron_variant	SBF2		ENST00000256190	intron_variant	MODIFIER	protein_coding			
rs7122422					intron_variant	SBF2		ENST00000527019	upstream_gene_variant	MODIFIER	processed_transcript			
rs7122422					intron_variant	SBF2		ENST00000533661	upstream_gene_variant	MODIFIER	retained_intron			
rs7122422					intron_variant	SBF2		ENST00000533770	intron_variant,non_coding_transcript_variant	MODIFIER	retained_intron			
rs7949336					intron_variant	ARNTL		ENST00000361003	intron_variant	MODIFIER	protein_coding			
rs7949336					intron_variant	ARNTL		ENST00000389707	intron_variant	MODIFIER	protein_coding			
rs7949336					intron_variant	ARNTL		ENST00000389708	intron_variant	MODIFIER	protein_coding			
rs7949336					intron_variant	ARNTL		ENST00000396441	intron_variant	MODIFIER	protein_coding			
rs7949336					intron_variant	ARNTL		ENST00000401424	intron_variant	MODIFIER	protein_coding			
rs7949336					intron_variant	ARNTL		ENST00000403290	intron_variant	MODIFIER	protein_coding			
rs7949336					intron_variant	ARNTL		ENST00000403510	intron_variant	MODIFIER	protein_coding			
rs7949336					intron_variant	ARNTL		ENST00000480685	intron_variant,non_coding_transcript_variant	MODIFIER	retained_intron			
rs7949336					intron_variant	ARNTL		ENST00000482049	intron_variant	MODIFIER	protein_coding			
rs7949336					intron_variant	ARNTL		ENST00000527998	intron_variant	MODIFIER	protein_coding			
rs7949336					intron_variant	ARNTL		ENST00000529050	intron_variant	MODIFIER	protein_coding			
rs7949336					intron_variant	ARNTL		ENST00000529388	intron_variant	MODIFIER	protein_coding			
rs7949336					intron_variant	ARNTL		ENST00000529825	intron_variant	MODIFIER	protein_coding			
rs7949336					intron_variant	ARNTL		ENST00000530357	intron_variant	MODIFIER	protein_coding			
rs7949336					intron_variant	ARNTL		ENST00000533520	intron_variant	MODIFIER	protein_coding			
rs7949336					intron_variant	ARNTL		ENST00000534544	intron_variant	MODIFIER	protein_coding			
rs118115876					intron_variant	PDE3B		ENST00000282096	intron_variant	MODIFIER	protein_coding			
rs118115876					intron_variant	PDE3B		ENST00000455098	intron_variant	MODIFIER	protein_coding			
rs118115876					intron_variant	PDE3B		ENST00000534317	intron_variant,non_coding_transcript_variant	MODIFIER	processed_transcript			
rs5215					missense_variant	KCNJ11		ENST00000339994	missense_variant	MODERATE	protein_coding		337.0	V/I
rs5215					missense_variant	KCNJ11		ENST00000526747	upstream_gene_variant	MODIFIER	processed_transcript			
rs5215					missense_variant	KCNJ11		ENST00000526912	downstream_gene_variant	MODIFIER	protein_coding			
rs5215					missense_variant	KCNJ11		ENST00000528731	missense_variant	MODERATE	protein_coding		250.0	V/I
rs5215					missense_variant	KCNJ11		ENST00000528992	downstream_gene_variant	MODIFIER	protein_coding			
rs5215					missense_variant	RP1-239B22.5		ENST00000568280	downstream_gene_variant	MODIFIER	antisense			
rs16907058					intron_variant	NELL1		ENST00000298925	intron_variant	MODIFIER	protein_coding			
rs16907058					intron_variant	NELL1		ENST00000325319	intron_variant	MODIFIER	protein_coding			
rs16907058					intron_variant	NELL1		ENST00000357134	intron_variant	MODIFIER	protein_coding			
rs16907058					intron_variant	NELL1		ENST00000528495	downstream_gene_variant	MODIFIER	retained_intron			
rs16907058					intron_variant	NELL1		ENST00000532434	intron_variant	MODIFIER	protein_coding			
rs112220894					intron_variant	BDNF		ENST00000314915	intron_variant	MODIFIER	protein_coding			
rs112220894					intron_variant	BDNF		ENST00000356660	intron_variant	MODIFIER	protein_coding			
rs112220894					intron_variant	BDNF		ENST00000395978	intron_variant	MODIFIER	protein_coding			
rs112220894					intron_variant	BDNF		ENST00000395980	intron_variant	MODIFIER	protein_coding			
rs112220894					intron_variant	BDNF		ENST00000395981	intron_variant	MODIFIER	protein_coding			
rs112220894					intron_variant	BDNF		ENST00000395983	intron_variant	MODIFIER	protein_coding			
rs112220894					intron_variant	BDNF		ENST00000395986	intron_variant	MODIFIER	protein_coding			
rs112220894					intron_variant	BDNF		ENST00000418212	intron_variant	MODIFIER	protein_coding			
rs112220894					intron_variant	BDNF		ENST00000420794	intron_variant	MODIFIER	protein_coding			
rs112220894					intron_variant	BDNF		ENST00000438929	intron_variant	MODIFIER	protein_coding			
rs112220894					intron_variant	BDNF-AS		ENST00000499008	intron_variant,non_coding_transcript_variant	MODIFIER	antisense			
rs112220894					intron_variant	BDNF-AS		ENST00000499568	intron_variant,non_coding_transcript_variant	MODIFIER	antisense			
rs112220894					intron_variant	BDNF-AS		ENST00000500662	intron_variant,non_coding_transcript_variant	MODIFIER	antisense			
rs112220894					intron_variant	BDNF-AS		ENST00000501176	intron_variant,non_coding_transcript_variant	MODIFIER	antisense			
rs112220894					intron_variant	BDNF-AS		ENST00000501663	intron_variant,non_coding_transcript_variant	MODIFIER	antisense			
rs112220894					intron_variant	BDNF-AS		ENST00000502161	intron_variant,non_coding_transcript_variant	MODIFIER	antisense			
rs112220894					intron_variant	BDNF		ENST00000525950	intron_variant	MODIFIER	protein_coding			
rs112220894					intron_variant	BDNF-AS		ENST00000530686	intron_variant,non_coding_transcript_variant	MODIFIER	antisense			
rs112220894					intron_variant	BDNF		ENST00000530786	intron_variant,NMD_transcript_variant	MODIFIER	nonsense_mediated_decay			
rs112220894					intron_variant	BDNF		ENST00000530861	intron_variant	MODIFIER	protein_coding			
rs112220894					intron_variant	BDNF		ENST00000532997	intron_variant	MODIFIER	protein_coding			
rs112220894					intron_variant	BDNF		ENST00000533131	intron_variant	MODIFIER	protein_coding			
rs112220894					intron_variant	BDNF		ENST00000533246	intron_variant	MODIFIER	protein_coding			
rs112220894					intron_variant	BDNF		ENST00000584049	intron_variant,non_coding_transcript_variant	MODIFIER	processed_transcript			
rs4923542					intron_variant	RP11-22P4.1		ENST00000532947	intron_variant,non_coding_transcript_variant	MODIFIER	lincRNA			
rs486129					upstream_gene_variant	RP11-115J23.1		ENST00000513853	upstream_gene_variant	MODIFIER	lincRNA			
rs2786257					upstream_gene_variant	ARL14EP		ENST00000282032	upstream_gene_variant	MODIFIER	protein_coding			
rs2786257					upstream_gene_variant	ARL14EP		ENST00000532047	upstream_gene_variant	MODIFIER	retained_intron			
rs11031140					intron_variant	MPPED2		ENST00000448418	upstream_gene_variant	MODIFIER	protein_coding			
rs11031140					intron_variant	RP5-1024C24.1		ENST00000525871	downstream_gene_variant	MODIFIER	antisense			
rs11031140					intron_variant	MPPED2		ENST00000526437	upstream_gene_variant	MODIFIER	nonsense_mediated_decay			
rs11031140					intron_variant	MPPED2		ENST00000528686	intron_variant	MODIFIER	protein_coding			
rs11031140					intron_variant	RP5-1024C24.1		ENST00000531002	intron_variant,non_coding_transcript_variant	MODIFIER	antisense			
rs7115190					intron_variant	WT1		ENST00000332351	intron_variant	MODIFIER	protein_coding			
rs7115190					intron_variant	WT1		ENST00000379077	intron_variant,NMD_transcript_variant	MODIFIER	nonsense_mediated_decay			
rs7115190					intron_variant	WT1		ENST00000379079	intron_variant	MODIFIER	protein_coding			
rs7115190					intron_variant	WT1		ENST00000448076	intron_variant	MODIFIER	protein_coding			
rs7115190					intron_variant	WT1		ENST00000452863	intron_variant	MODIFIER	protein_coding			
rs7115190					intron_variant	WT1		ENST00000527775	intron_variant	MODIFIER	protein_coding			
rs7115190					intron_variant	WT1		ENST00000527882	upstream_gene_variant	MODIFIER	protein_coding			
rs7115190					intron_variant	WT1		ENST00000530998	intron_variant	MODIFIER	protein_coding			
rs145678014					intron_variant	QSER1		ENST00000399302	intron_variant	MODIFIER	protein_coding			
rs145678014					intron_variant	QSER1		ENST00000527250	intron_variant,non_coding_transcript_variant	MODIFIER	processed_transcript			
rs2956088					intron_variant	APIP		ENST00000278359	intron_variant	MODIFIER	protein_coding			
rs2956088					intron_variant	APIP		ENST00000395787	intron_variant	MODIFIER	protein_coding			
rs2956088					intron_variant	APIP		ENST00000527830	intron_variant,non_coding_transcript_variant	MODIFIER	processed_transcript			
rs2956088					intron_variant	APIP		ENST00000532428	intron_variant,NMD_transcript_variant	MODIFIER	nonsense_mediated_decay			
rs58090211					intron_variant	SLC1A2		ENST00000278379	intron_variant	MODIFIER	protein_coding			
rs58090211					intron_variant	SLC1A2		ENST00000395750	intron_variant	MODIFIER	protein_coding			
rs58090211					intron_variant	SLC1A2		ENST00000395753	intron_variant	MODIFIER	protein_coding			
rs58090211					intron_variant	SLC1A2		ENST00000449068	intron_variant	MODIFIER	protein_coding			
rs58090211					intron_variant	SLC1A2		ENST00000606205	intron_variant	MODIFIER	protein_coding			
rs3736505					intron_variant	HSD17B12		ENST00000278353	intron_variant	MODIFIER	protein_coding			
rs3736505					intron_variant	HSD17B12		ENST00000525736	intron_variant,non_coding_transcript_variant	MODIFIER	retained_intron			
rs3736505					intron_variant	RP11-613D13.5		ENST00000530450	intron_variant,non_coding_transcript_variant	MODIFIER	antisense			
rs3736505					intron_variant	HSD17B12		ENST00000533090	intron_variant,non_coding_transcript_variant	MODIFIER	retained_intron			
rs3736505					intron_variant	HSD17B12		ENST00000533802	intron_variant,non_coding_transcript_variant	MODIFIER	processed_transcript			
rs3736505					intron_variant	HSD17B12		ENST00000534053	downstream_gene_variant	MODIFIER	retained_intron			
rs7115013					intron_variant	ALKBH3		ENST00000302708	intron_variant	MODIFIER	protein_coding			
rs7115013					intron_variant	ALKBH3-AS1		ENST00000499194	intron_variant,non_coding_transcript_variant	MODIFIER	antisense			
rs7115013					intron_variant	ALKBH3-AS1		ENST00000527960	intron_variant,non_coding_transcript_variant	MODIFIER	antisense			
rs7115013					intron_variant	ALKBH3-AS1		ENST00000528285	intron_variant,non_coding_transcript_variant	MODIFIER	antisense			
rs7115013					intron_variant	ALKBH3		ENST00000529366	intron_variant	MODIFIER	protein_coding			
rs7115013					intron_variant	ALKBH3		ENST00000530803	intron_variant,NMD_transcript_variant	MODIFIER	nonsense_mediated_decay			
rs7115013					intron_variant	ALKBH3		ENST00000532129	intron_variant	MODIFIER	protein_coding			
rs7115013					intron_variant	ALKBH3		ENST00000532410	intron_variant,non_coding_transcript_variant	MODIFIER	processed_transcript			
rs7115013					intron_variant	ALKBH3		ENST00000532962	intron_variant,NMD_transcript_variant	MODIFIER	nonsense_mediated_decay			
rs7115013					intron_variant	ALKBH3-AS1		ENST00000534287	intron_variant,non_coding_transcript_variant	MODIFIER	antisense			
rs12419690					intergenic_variant				intergenic_variant					
rs71474196					intron_variant	C11orf49		ENST00000278460	intron_variant	MODIFIER	protein_coding			
rs71474196					intron_variant	C11orf49		ENST00000378615	intron_variant	MODIFIER	protein_coding			
rs71474196					intron_variant	C11orf49		ENST00000378618	intron_variant	MODIFIER	protein_coding			
rs71474196					intron_variant	C11orf49		ENST00000395460	intron_variant	MODIFIER	protein_coding			
rs71474196					intron_variant	C11orf49		ENST00000522712	intron_variant,non_coding_transcript_variant	MODIFIER	retained_intron			
rs71474196					intron_variant	C11orf49		ENST00000525279	intron_variant,NMD_transcript_variant	MODIFIER	nonsense_mediated_decay			
rs71474196					intron_variant	C11orf49		ENST00000525895	intron_variant,NMD_transcript_variant	MODIFIER	nonsense_mediated_decay			
rs71474196					intron_variant	C11orf49		ENST00000526424	intron_variant,NMD_transcript_variant	MODIFIER	nonsense_mediated_decay			
rs71474196					intron_variant	C11orf49		ENST00000527234	intron_variant,non_coding_transcript_variant	MODIFIER	processed_transcript			
rs71474196					intron_variant	C11orf49		ENST00000527667	intron_variant,NMD_transcript_variant	MODIFIER	nonsense_mediated_decay			
rs71474196					intron_variant	C11orf49		ENST00000527784	intron_variant,NMD_transcript_variant	MODIFIER	nonsense_mediated_decay			
rs71474196					intron_variant	C11orf49		ENST00000528488	intron_variant,NMD_transcript_variant	MODIFIER	nonsense_mediated_decay			
rs71474196					intron_variant	C11orf49		ENST00000531648	intron_variant,non_coding_transcript_variant	MODIFIER	retained_intron			
rs71474196					intron_variant	C11orf49		ENST00000532633	intron_variant,NMD_transcript_variant	MODIFIER	nonsense_mediated_decay			
rs71474196					intron_variant	C11orf49		ENST00000532840	intron_variant,non_coding_transcript_variant	MODIFIER	retained_intron			
rs71474196					intron_variant	C11orf49		ENST00000533124	intron_variant,non_coding_transcript_variant	MODIFIER	processed_transcript			
rs71474196					intron_variant	C11orf49		ENST00000536126	intron_variant	MODIFIER	protein_coding			
rs71474196					intron_variant	C11orf49		ENST00000543718	intron_variant	MODIFIER	protein_coding			
rs2125838					intron_variant	NUP160		ENST00000378460	intron_variant	MODIFIER	protein_coding			
rs2125838					intron_variant	NUP160		ENST00000528071	downstream_gene_variant	MODIFIER	protein_coding			
rs2125838					intron_variant	NUP160		ENST00000530326	intron_variant	MODIFIER	protein_coding			
rs2125838					intron_variant	NUP160		ENST00000532773	upstream_gene_variant	MODIFIER	processed_transcript			
rs6485981					intergenic_variant				intergenic_variant					
rs11230823					intergenic_variant				intergenic_variant					
rs12418866					intron_variant	OR9Q1		ENST00000335397	intron_variant	MODIFIER	protein_coding			
rs12418866					intron_variant	VN2R9P		ENST00000431428	upstream_gene_variant	MODIFIER	unitary_pseudogene			
rs12418866					intron_variant	RP11-659P15.1		ENST00000526131	downstream_gene_variant	MODIFIER	lincRNA			
rs17489568					upstream_gene_variant	ZFP91		ENST00000316059	downstream_gene_variant	MODIFIER	protein_coding			
rs17489568					upstream_gene_variant	CNTF		ENST00000361987	upstream_gene_variant	MODIFIER	protein_coding			
rs2943800					upstream_gene_variant	PPP1R32		ENST00000338608	upstream_gene_variant	MODIFIER	protein_coding			
rs2943800					upstream_gene_variant	PPP1R32		ENST00000432063	upstream_gene_variant	MODIFIER	protein_coding			
rs174541					intron_variant	FEN1		ENST00000305885	downstream_gene_variant	MODIFIER	protein_coding			
rs174541					intron_variant	FADS1		ENST00000350997	downstream_gene_variant	MODIFIER	protein_coding			
rs174541					intron_variant	FADS1		ENST00000433932	downstream_gene_variant	MODIFIER	protein_coding			
rs174541					intron_variant	FADS1		ENST00000460649	downstream_gene_variant	MODIFIER	protein_coding			
rs174541					intron_variant	FADS1		ENST00000496123	downstream_gene_variant	MODIFIER	processed_transcript			
rs174541					intron_variant	FEN1		ENST00000535307	downstream_gene_variant	MODIFIER	protein_coding			
rs174541					intron_variant	FEN1		ENST00000535723	downstream_gene_variant	MODIFIER	protein_coding			
rs174541					intron_variant	FADS1		ENST00000536991	downstream_gene_variant	MODIFIER	protein_coding			
rs174541					intron_variant	FADS1		ENST00000539999	downstream_gene_variant	MODIFIER	protein_coding			
rs174541					intron_variant	FADS1		ENST00000542506	downstream_gene_variant	MODIFIER	protein_coding			
rs174541					intron_variant	FADS2		ENST00000574708	intron_variant	MODIFIER	protein_coding			
rs35169799					stop_gained	PLCB3		ENST00000279230	stop_gained	HIGH	protein_coding		845.0	S/*
rs35169799					stop_gained	PLCB3		ENST00000279230	missense_variant	MODERATE	protein_coding		845.0	S/W
rs35169799					stop_gained	PLCB3		ENST00000279230	missense_variant	MODERATE	protein_coding		845.0	S/L
rs35169799					stop_gained	PLCB3		ENST00000325234	stop_gained	HIGH	protein_coding		778.0	S/*
rs35169799					stop_gained	PLCB3		ENST00000325234	missense_variant	MODERATE	protein_coding		778.0	S/W
rs35169799					stop_gained	PLCB3		ENST00000325234	missense_variant	MODERATE	protein_coding		778.0	S/L
rs35169799					stop_gained	PLCB3		ENST00000536243	non_coding_transcript_exon_variant	MODIFIER	retained_intron			
rs35169799					stop_gained	PLCB3		ENST00000540288	stop_gained	HIGH	protein_coding		845.0	S/*
rs35169799					stop_gained	PLCB3		ENST00000540288	missense_variant	MODERATE	protein_coding		845.0	S/W
rs35169799					stop_gained	PLCB3		ENST00000540288	missense_variant	MODERATE	protein_coding		845.0	S/L
rs12789028					5_prime_UTR_variant	LTBP3		ENST00000301873	upstream_gene_variant	MODIFIER	protein_coding			
rs12789028					5_prime_UTR_variant	LTBP3		ENST00000322147	upstream_gene_variant	MODIFIER	protein_coding			
rs12789028					5_prime_UTR_variant	LTBP3		ENST00000524798	upstream_gene_variant	MODIFIER	retained_intron			
rs12789028					5_prime_UTR_variant	LTBP3		ENST00000526825	upstream_gene_variant	MODIFIER	nonsense_mediated_decay			
rs12789028					5_prime_UTR_variant	LTBP3		ENST00000526927	upstream_gene_variant	MODIFIER	protein_coding			
rs12789028					5_prime_UTR_variant	LTBP3		ENST00000528516	upstream_gene_variant	MODIFIER	nonsense_mediated_decay			
rs12789028					5_prime_UTR_variant	LTBP3		ENST00000530426	upstream_gene_variant	MODIFIER	protein_coding			
rs12789028					5_prime_UTR_variant	LTBP3		ENST00000530866	5_prime_UTR_variant	MODIFIER	protein_coding			
rs12789028					5_prime_UTR_variant	LTBP3		ENST00000536982	upstream_gene_variant	MODIFIER	protein_coding			
rs72924707					intergenic_variant				intergenic_variant					
rs3814738					intron_variant	TMEM151A		ENST00000327259	intron_variant	MODIFIER	protein_coding			
rs3814738					intron_variant	YIF1A		ENST00000359461	upstream_gene_variant	MODIFIER	protein_coding			
rs3814738					intron_variant	YIF1A		ENST00000376899	upstream_gene_variant	MODIFIER	retained_intron			
rs3814738					intron_variant	YIF1A		ENST00000376901	upstream_gene_variant	MODIFIER	protein_coding			
rs3814738					intron_variant	YIF1A		ENST00000431556	upstream_gene_variant	MODIFIER	protein_coding			
rs3814738					intron_variant	YIF1A		ENST00000471387	upstream_gene_variant	MODIFIER	protein_coding			
rs3814738					intron_variant	YIF1A		ENST00000474986	upstream_gene_variant	MODIFIER	retained_intron			
rs3814738					intron_variant	YIF1A		ENST00000484814	upstream_gene_variant	MODIFIER	nonsense_mediated_decay			
rs3814738					intron_variant	YIF1A		ENST00000528575	upstream_gene_variant	MODIFIER	protein_coding			
rs3814738					intron_variant	YIF1A		ENST00000534374	upstream_gene_variant	MODIFIER	retained_intron			
rs3750971					intron_variant	TPCN2		ENST00000294309	intron_variant	MODIFIER	protein_coding			
rs3750971					intron_variant	TPCN2		ENST00000442692	intron_variant,non_coding_transcript_variant	MODIFIER	processed_transcript			
rs3750971					intron_variant	TPCN2		ENST00000535009	intron_variant,non_coding_transcript_variant	MODIFIER	retained_intron			
rs3750971					intron_variant	TPCN2		ENST00000542467	intron_variant	MODIFIER	protein_coding			
rs28599796					intron_variant	MYEOV		ENST00000535660	intron_variant,non_coding_transcript_variant	MODIFIER	processed_transcript			
rs28599796					intron_variant	MYEOV		ENST00000544008	intron_variant,non_coding_transcript_variant	MODIFIER	processed_transcript			
rs28599796					intron_variant	MYEOV		ENST00000544781	intron_variant,non_coding_transcript_variant	MODIFIER	retained_intron			
rs3918292					intron_variant	CCND1		ENST00000227507	intron_variant	MODIFIER	protein_coding			
rs3918292					intron_variant	CCND1		ENST00000535993	intron_variant,non_coding_transcript_variant	MODIFIER	retained_intron			
rs3918292					intron_variant	CCND1		ENST00000536559	intron_variant	MODIFIER	protein_coding			
rs3918292					intron_variant	CCND1		ENST00000539241	intron_variant,non_coding_transcript_variant	MODIFIER	retained_intron			
rs3918292					intron_variant	CCND1		ENST00000545484	upstream_gene_variant	MODIFIER	retained_intron			
rs3918298					intron_variant	CCND1		ENST00000227507	intron_variant	MODIFIER	protein_coding			
rs3918298					intron_variant	CCND1		ENST00000536559	downstream_gene_variant	MODIFIER	protein_coding			
rs3918298					intron_variant	CCND1		ENST00000539241	downstream_gene_variant	MODIFIER	retained_intron			
rs3918298					intron_variant	CCND1		ENST00000542367	intron_variant,non_coding_transcript_variant	MODIFIER	retained_intron			
rs3918298					intron_variant	ORAOV1		ENST00000542515	downstream_gene_variant	MODIFIER	processed_transcript			
rs3918298					intron_variant	CCND1		ENST00000545484	downstream_gene_variant	MODIFIER	retained_intron			
rs3918298					intron_variant	ORAOV1		ENST00000569105	downstream_gene_variant	MODIFIER	processed_transcript			
rs12281701					intron_variant	ORAOV1		ENST00000279147	downstream_gene_variant	MODIFIER	protein_coding			
rs12281701					intron_variant	ORAOV1		ENST00000536870	downstream_gene_variant	MODIFIER	protein_coding			
rs12281701					intron_variant	ORAOV1		ENST00000537272	downstream_gene_variant	MODIFIER	protein_coding			
rs12281701					intron_variant	ORAOV1		ENST00000538554	intron_variant	MODIFIER	protein_coding			
rs12281701					intron_variant	ORAOV1		ENST00000542515	upstream_gene_variant	MODIFIER	processed_transcript			
rs12281701					intron_variant	ORAOV1		ENST00000544096	downstream_gene_variant	MODIFIER	retained_intron			
rs12281701					intron_variant	ORAOV1		ENST00000569105	intron_variant,non_coding_transcript_variant	MODIFIER	processed_transcript			
rs77464186					intron_variant	ARAP1		ENST00000359373	intron_variant	MODIFIER	protein_coding			
rs77464186					intron_variant	ARAP1		ENST00000393609	intron_variant	MODIFIER	protein_coding			
rs512780					intron_variant	RNF169		ENST00000299563	intron_variant	MODIFIER	protein_coding			
rs512780					intron_variant	RNF169		ENST00000527301	upstream_gene_variant	MODIFIER	protein_coding			
rs512780					intron_variant	XRRA1		ENST00000530562	intron_variant,NMD_transcript_variant	MODIFIER	nonsense_mediated_decay			
rs673335					upstream_gene_variant	RN7SL786P		ENST00000579130	upstream_gene_variant	MODIFIER	misc_RNA			
rs17749202					3_prime_UTR_variant	WNT11		ENST00000322563	3_prime_UTR_variant	MODIFIER	protein_coding			
rs17749202					3_prime_UTR_variant	RP11-619A14.2		ENST00000527314	upstream_gene_variant	MODIFIER	antisense			
rs61894507					intron_variant	C11orf30		ENST00000334736	intron_variant	MODIFIER	protein_coding			
rs61894507					intron_variant	C11orf30		ENST00000343878	intron_variant	MODIFIER	protein_coding			
rs61894507					intron_variant	C11orf30		ENST00000427574	intron_variant,non_coding_transcript_variant	MODIFIER	retained_intron			
rs61894507					intron_variant	C11orf30		ENST00000524490	intron_variant	MODIFIER	protein_coding			
rs61894507					intron_variant	C11orf30		ENST00000524767	upstream_gene_variant	MODIFIER	protein_coding			
rs61894507					intron_variant	C11orf30		ENST00000525038	upstream_gene_variant	MODIFIER	protein_coding			
rs61894507					intron_variant	C11orf30		ENST00000525919	upstream_gene_variant	MODIFIER	protein_coding			
rs61894507					intron_variant	C11orf30		ENST00000525959	intron_variant,non_coding_transcript_variant	MODIFIER	processed_transcript			
rs61894507					intron_variant	C11orf30		ENST00000528826	intron_variant,non_coding_transcript_variant	MODIFIER	retained_intron			
rs61894507					intron_variant	C11orf30		ENST00000529032	upstream_gene_variant	MODIFIER	protein_coding			
rs61894507					intron_variant	RP11-111M22.3		ENST00000530759	upstream_gene_variant	MODIFIER	lincRNA			
rs61894507					intron_variant	C11orf30		ENST00000533248	upstream_gene_variant	MODIFIER	protein_coding			
rs61894507					intron_variant	C11orf30		ENST00000533972	intron_variant	MODIFIER	protein_coding			
rs61894507					intron_variant	C11orf30		ENST00000533988	intron_variant	MODIFIER	protein_coding			
rs61894507					intron_variant	RP11-111M22.3		ENST00000572035	upstream_gene_variant	MODIFIER	lincRNA			
rs569296					intron_variant	TENM4		ENST00000278550	intron_variant	MODIFIER	protein_coding			
rs569296					intron_variant	TENM4		ENST00000528688	intron_variant,non_coding_transcript_variant	MODIFIER	processed_transcript			
rs569296					intron_variant	TENM4		ENST00000531583	intron_variant,non_coding_transcript_variant	MODIFIER	processed_transcript			
rs61901515					upstream_gene_variant	SNRPGP16		ENST00000533275	upstream_gene_variant	MODIFIER	processed_pseudogene			
rs10830963					intron_variant	MTNR1B		ENST00000257068	intron_variant	MODIFIER	protein_coding			
rs10830963					intron_variant	MTNR1B		ENST00000528076	intron_variant	MODIFIER	protein_coding			
rs10830963					intron_variant	MTNR1B		ENST00000532482	intron_variant,NMD_transcript_variant	MODIFIER	nonsense_mediated_decay			
rs11020132					intron_variant	MTNR1B		ENST00000257068	downstream_gene_variant	MODIFIER	protein_coding			
rs11020132					intron_variant	MTNR1B		ENST00000528076	intron_variant	MODIFIER	protein_coding			
rs11020132					intron_variant	MTNR1B		ENST00000532482	downstream_gene_variant	MODIFIER	nonsense_mediated_decay			
rs271035					intergenic_variant				intergenic_variant					
rs141307757					downstream_gene_variant	RP11-755E23.3		ENST00000531846	downstream_gene_variant	MODIFIER	lincRNA			
rs57235767					intergenic_variant				intergenic_variant					
rs634366					intron_variant	DYNC2H1		ENST00000334267	intron_variant	MODIFIER	protein_coding			
rs634366					intron_variant	DYNC2H1		ENST00000375735	intron_variant	MODIFIER	protein_coding			
rs634366					intron_variant	DYNC2H1		ENST00000398093	intron_variant	MODIFIER	protein_coding			
rs10891494					intron_variant	NCAM1		ENST00000576604	intron_variant	MODIFIER	protein_coding			
rs10891494					intron_variant	NCAM1		ENST00000586493	intron_variant	MODIFIER	protein_coding			
rs10891494					intron_variant	NCAM1		ENST00000587364	intron_variant	MODIFIER	protein_coding			
rs10891494					intron_variant	NCAM1		ENST00000587766	intron_variant,non_coding_transcript_variant	MODIFIER	processed_transcript			
rs10891494					intron_variant	NCAM1		ENST00000589067	intron_variant	MODIFIER	protein_coding			
rs10891494					intron_variant	NCAM1		ENST00000590031	intron_variant	MODIFIER	protein_coding			
rs10891494					intron_variant	NCAM1		ENST00000591218	intron_variant	MODIFIER	protein_coding			
rs10891494					intron_variant	NCAM1		ENST00000591845	intron_variant	MODIFIER	protein_coding			
rs10891494					intron_variant	NCAM1		ENST00000592855	intron_variant	MODIFIER	protein_coding			
rs10891494					intron_variant	NCAM1		ENST00000593059	intron_variant	MODIFIER	protein_coding			
rs10891494					intron_variant	NCAM1		ENST00000397957	intron_variant,non_coding_transcript_variant	MODIFIER	processed_transcript			
rs10891494					intron_variant	NCAM1		ENST00000524665	intron_variant	MODIFIER	protein_coding			
rs10891494					intron_variant	NCAM1		ENST00000526427	intron_variant,non_coding_transcript_variant	MODIFIER	processed_transcript			
rs10891494					intron_variant	NCAM1		ENST00000527506	intron_variant,non_coding_transcript_variant	MODIFIER	processed_transcript			
rs10891494					intron_variant	NCAM1		ENST00000528742	intron_variant,non_coding_transcript_variant	MODIFIER	processed_transcript			
rs10891494					intron_variant	NCAM1		ENST00000529420	intron_variant,non_coding_transcript_variant	MODIFIER	processed_transcript			
rs10891494					intron_variant	NCAM1		ENST00000531838	intron_variant,non_coding_transcript_variant	MODIFIER	processed_transcript			
rs10891494					intron_variant	NCAM1		ENST00000531915	intron_variant,non_coding_transcript_variant	MODIFIER	processed_transcript			
rs10891494					intron_variant	NCAM1		ENST00000533760	intron_variant	MODIFIER	protein_coding			
rs10891494					intron_variant	NCAM1		ENST00000534015	intron_variant	MODIFIER	protein_coding			
rs10891494					intron_variant	NCAM1		ENST00000534618	downstream_gene_variant	MODIFIER	processed_transcript			
rs6589571					downstream_gene_variant	AP006216.5		ENST00000457746	downstream_gene_variant	MODIFIER	antisense			
rs529623					non_coding_transcript_exon_variant	FXYD2		ENST00000260287	intron_variant	MODIFIER	protein_coding			
rs529623					non_coding_transcript_exon_variant	FXYD2		ENST00000292079	intron_variant	MODIFIER	protein_coding			
rs529623					non_coding_transcript_exon_variant	FXYD2		ENST00000317594	non_coding_transcript_exon_variant	MODIFIER	retained_intron			
rs529623					non_coding_transcript_exon_variant	FXYD2		ENST00000514385	upstream_gene_variant	MODIFIER	processed_transcript			
rs529623					non_coding_transcript_exon_variant	FXYD2		ENST00000528014	intron_variant	MODIFIER	protein_coding			
rs529623					non_coding_transcript_exon_variant	RP11-728F11.3		ENST00000531850	downstream_gene_variant	MODIFIER	antisense			
rs529623					non_coding_transcript_exon_variant	FXYD2		ENST00000532119	intron_variant	MODIFIER	protein_coding			
rs529623					non_coding_transcript_exon_variant	FXYD2		ENST00000533281	intron_variant,non_coding_transcript_variant	MODIFIER	retained_intron			
rs529623					non_coding_transcript_exon_variant	FXYD2		ENST00000534383	intron_variant,non_coding_transcript_variant	MODIFIER	retained_intron			
rs529623					non_coding_transcript_exon_variant	RP11-728F11.3		ENST00000596805	downstream_gene_variant	MODIFIER	antisense			
rs1614264					intron_variant	VPS11		ENST00000570436	downstream_gene_variant	MODIFIER	retained_intron			
rs1614264					intron_variant	VPS11		ENST00000571749	intron_variant,non_coding_transcript_variant	MODIFIER	processed_transcript			
rs1614264					intron_variant	VPS11		ENST00000572081	upstream_gene_variant	MODIFIER	processed_transcript			
rs1614264					intron_variant	VPS11		ENST00000574669	upstream_gene_variant	MODIFIER	retained_intron			
rs1614264					intron_variant	VPS11		ENST00000576000	intron_variant,non_coding_transcript_variant	MODIFIER	processed_transcript			
rs1614264					intron_variant	VPS11		ENST00000576186	intron_variant,non_coding_transcript_variant	MODIFIER	retained_intron			
rs1614264					intron_variant	RP11-110I1.13		ENST00000607627	upstream_gene_variant	MODIFIER	antisense			
rs1614264					intron_variant	VPS11		ENST00000300793	intron_variant	MODIFIER	protein_coding			
rs1614264					intron_variant	VPS11		ENST00000526829	upstream_gene_variant	MODIFIER	retained_intron			
rs1614264					intron_variant	VPS11		ENST00000527798	intron_variant,non_coding_transcript_variant	MODIFIER	processed_transcript			
rs1614264					intron_variant	VPS11		ENST00000529545	downstream_gene_variant	MODIFIER	retained_intron			
rs1614264					intron_variant	VPS11		ENST00000529838	intron_variant,non_coding_transcript_variant	MODIFIER	retained_intron			
rs1614264					intron_variant	VPS11		ENST00000530809	upstream_gene_variant	MODIFIER	processed_transcript			
rs1614264					intron_variant	VPS11		ENST00000531528	intron_variant,non_coding_transcript_variant	MODIFIER	processed_transcript			
rs1614264					intron_variant	RP11-110I1.13		ENST00000607709	upstream_gene_variant	MODIFIER	antisense			
rs10893829					regulatory_region_variant				regulatory_region_variant					
rs34086018					intergenic_variant				intergenic_variant					
rs7104712					regulatory_region_variant				regulatory_region_variant					
rs11819995					intron_variant	ETS1		ENST00000319397	intron_variant	MODIFIER	protein_coding			
rs11819995					intron_variant	ETS1		ENST00000345075	intron_variant	MODIFIER	protein_coding			
rs11819995					intron_variant	ETS1		ENST00000392668	intron_variant	MODIFIER	protein_coding			
rs11819995					intron_variant	ETS1		ENST00000526145	intron_variant	MODIFIER	protein_coding			
rs11819995					intron_variant	ETS1		ENST00000531611	intron_variant	MODIFIER	protein_coding			
rs11819995					intron_variant	ETS1		ENST00000535549	intron_variant	MODIFIER	protein_coding			
rs3935795					intron_variant	ETS1		ENST00000319397	intron_variant	MODIFIER	protein_coding			
rs3935795					intron_variant	ETS1		ENST00000345075	intron_variant	MODIFIER	protein_coding			
rs3935795					intron_variant	ETS1		ENST00000392668	intron_variant	MODIFIER	protein_coding			
rs3935795					intron_variant	ETS1		ENST00000526145	intron_variant	MODIFIER	protein_coding			
rs3935795					intron_variant	ETS1		ENST00000531611	intron_variant	MODIFIER	protein_coding			
rs3935795					intron_variant	ETS1		ENST00000535549	intron_variant	MODIFIER	protein_coding			
rs2007537					intron_variant	CCDC77		ENST00000422000	intron_variant	MODIFIER	protein_coding			
rs2007537					intron_variant	CCDC77		ENST00000535052	intron_variant	MODIFIER	protein_coding			
rs2007537					intron_variant	CCDC77		ENST00000540180	intron_variant	MODIFIER	protein_coding			
rs2007537					intron_variant	CCDC77		ENST00000540344	intron_variant,non_coding_transcript_variant	MODIFIER	processed_transcript			
rs2007537					intron_variant	CCDC77		ENST00000543504	intron_variant	MODIFIER	protein_coding			
rs10848958					intergenic_variant				intergenic_variant					
rs75640507					intergenic_variant				intergenic_variant					
rs11063029					intergenic_variant				intergenic_variant					
rs4140660					intergenic_variant				intergenic_variant					
rs10219589					intergenic_variant				intergenic_variant					
rs117380042					intron_variant	CCND2-AS2		ENST00000537370	intron_variant,non_coding_transcript_variant	MODIFIER	antisense			
rs117380042					intron_variant	CCND2-AS1		ENST00000539135	intron_variant,non_coding_transcript_variant	MODIFIER	antisense			
rs4238013					intron_variant	CCND2-AS2		ENST00000537370	intron_variant,non_coding_transcript_variant	MODIFIER	antisense			
rs4238013					intron_variant	CCND2-AS1		ENST00000539135	intron_variant,non_coding_transcript_variant	MODIFIER	antisense			
rs7304270					intron_variant	CCND2		ENST00000261254	upstream_gene_variant	MODIFIER	protein_coding			
rs7304270					intron_variant	CCND2		ENST00000536537	upstream_gene_variant	MODIFIER	protein_coding			
rs7304270					intron_variant	CCND2-AS2		ENST00000537370	intron_variant,non_coding_transcript_variant	MODIFIER	antisense			
rs7304270					intron_variant	CCND2-AS1		ENST00000539135	intron_variant,non_coding_transcript_variant	MODIFIER	antisense			
rs76895963					intron_variant	CCND2		ENST00000261254	intron_variant	MODIFIER	protein_coding			
rs76895963					intron_variant	CCND2		ENST00000536537	upstream_gene_variant	MODIFIER	protein_coding			
rs76895963					intron_variant	CCND2		ENST00000536795	upstream_gene_variant	MODIFIER	retained_intron			
rs76895963					intron_variant	CCND2-AS2		ENST00000537370	upstream_gene_variant	MODIFIER	antisense			
rs76895963					intron_variant	CCND2-AS1		ENST00000539135	intron_variant,non_coding_transcript_variant	MODIFIER	antisense			
rs76895963					intron_variant	CCND2		ENST00000541542	upstream_gene_variant	MODIFIER	processed_transcript			
rs3217860					intron_variant	CCND2		ENST00000261254	intron_variant	MODIFIER	protein_coding			
rs3217860					intron_variant	CCND2		ENST00000536537	intron_variant	MODIFIER	protein_coding			
rs3217860					intron_variant	CCND2		ENST00000536795	downstream_gene_variant	MODIFIER	retained_intron			
rs3217860					intron_variant	CCND2		ENST00000541542	downstream_gene_variant	MODIFIER	processed_transcript			
rs3217893					intron_variant	CCND2		ENST00000261254	intron_variant	MODIFIER	protein_coding			
rs3217893					intron_variant	CCND2		ENST00000536537	intron_variant	MODIFIER	protein_coding			
rs3217907					intron_variant	CCND2		ENST00000261254	intron_variant	MODIFIER	protein_coding			
rs3217907					intron_variant	CCND2		ENST00000536537	intron_variant	MODIFIER	protein_coding			
rs142409867					intergenic_variant				intergenic_variant					
rs75291436					intergenic_variant				intergenic_variant					
rs10849094					intron_variant	DYRK4		ENST00000537719	intron_variant,NMD_transcript_variant	MODIFIER	nonsense_mediated_decay			
rs10849094					intron_variant	DYRK4		ENST00000538520	intron_variant,non_coding_transcript_variant	MODIFIER	retained_intron			
rs10849094					intron_variant	DYRK4		ENST00000539309	intron_variant,NMD_transcript_variant	MODIFIER	nonsense_mediated_decay			
rs10849094					intron_variant	DYRK4		ENST00000539490	upstream_gene_variant	MODIFIER	processed_transcript			
rs10849094					intron_variant	DYRK4		ENST00000539701	intron_variant,NMD_transcript_variant	MODIFIER	nonsense_mediated_decay			
rs10849094					intron_variant	DYRK4		ENST00000542744	intron_variant	MODIFIER	protein_coding			
rs7969177					intron_variant	CHD4		ENST00000309577	intron_variant	MODIFIER	protein_coding			
rs7969177					intron_variant	CHD4		ENST00000357008	intron_variant	MODIFIER	protein_coding			
rs7969177					intron_variant	CHD4		ENST00000430771	upstream_gene_variant	MODIFIER	retained_intron			
rs7969177					intron_variant	CHD4		ENST00000535810	upstream_gene_variant	MODIFIER	processed_transcript			
rs7969177					intron_variant	CHD4		ENST00000544040	intron_variant	MODIFIER	protein_coding			
rs7969177					intron_variant	CHD4		ENST00000544484	intron_variant	MODIFIER	protein_coding			
rs7969177					intron_variant	CHD4		ENST00000545584	intron_variant	MODIFIER	protein_coding			
rs7969177					intron_variant	CHD4		ENST00000545942	intron_variant	MODIFIER	protein_coding			
rs77100210					upstream_gene_variant	YBX3		ENST00000228251	upstream_gene_variant	MODIFIER	protein_coding			
rs77100210					upstream_gene_variant	YBX3		ENST00000279550	upstream_gene_variant	MODIFIER	protein_coding			
rs77100210					upstream_gene_variant	YBX3		ENST00000536107	upstream_gene_variant	MODIFIER	retained_intron			
rs77100210					upstream_gene_variant	YBX3		ENST00000539204	upstream_gene_variant	MODIFIER	processed_transcript			
rs77100210					upstream_gene_variant	YBX3		ENST00000540447	upstream_gene_variant	MODIFIER	retained_intron			
rs77100210					upstream_gene_variant	YBX3		ENST00000540747	upstream_gene_variant	MODIFIER	processed_transcript			
rs77100210					upstream_gene_variant	YBX3		ENST00000546298	upstream_gene_variant	MODIFIER	processed_transcript			
rs2066827					missense_variant	CDKN1B		ENST00000228872	missense_variant	MODERATE	protein_coding		109.0	V/D
rs2066827					missense_variant	CDKN1B		ENST00000228872	missense_variant	MODERATE	protein_coding		109.0	V/A
rs2066827					missense_variant	CDKN1B		ENST00000228872	missense_variant	MODERATE	protein_coding		109.0	V/G
rs2066827					missense_variant	CDKN1B		ENST00000396340	missense_variant	MODERATE	protein_coding		109.0	V/D
rs2066827					missense_variant	CDKN1B		ENST00000396340	missense_variant	MODERATE	protein_coding		109.0	V/A
rs2066827					missense_variant	CDKN1B		ENST00000396340	missense_variant	MODERATE	protein_coding		109.0	V/G
rs2066827					missense_variant	CDKN1B		ENST00000442489	intron_variant	MODIFIER	protein_coding			
rs2066827					missense_variant	CDKN1B		ENST00000477087	intron_variant,non_coding_transcript_variant	MODIFIER	processed_transcript			
rs7303887					intron_variant	RP11-377D9.3		ENST00000543321	intron_variant,non_coding_transcript_variant	MODIFIER	lincRNA			
rs10744146					intergenic_variant				intergenic_variant					
rs75149408					intergenic_variant				intergenic_variant					
rs7488780					intron_variant	PDE3A		ENST00000359062	intron_variant	MODIFIER	protein_coding			
rs7488780					intron_variant	PDE3A		ENST00000542675	intron_variant,non_coding_transcript_variant	MODIFIER	retained_intron			
rs11045247					intron_variant	PDE3A		ENST00000359062	intron_variant	MODIFIER	protein_coding			
rs11045247					intron_variant	PDE3A		ENST00000542675	intron_variant,non_coding_transcript_variant	MODIFIER	retained_intron			
rs34084105					intron_variant	LDHB		ENST00000535112	intron_variant,non_coding_transcript_variant	MODIFIER	processed_transcript			
rs34084105					intron_variant	LDHB		ENST00000539782	intron_variant	MODIFIER	protein_coding			
rs34084105					intron_variant	RP11-59N23.3		ENST00000541860	intron_variant,non_coding_transcript_variant	MODIFIER	antisense			
rs1048155					3_prime_UTR_variant	BHLHE41		ENST00000242728	3_prime_UTR_variant	MODIFIER	protein_coding			
rs1048155					3_prime_UTR_variant	BHLHE41		ENST00000394326	downstream_gene_variant	MODIFIER	retained_intron			
rs1048155					3_prime_UTR_variant	SSPN		ENST00000534829	upstream_gene_variant	MODIFIER	processed_transcript			
rs1048155					3_prime_UTR_variant	RP11-283G6.3		ENST00000535914	downstream_gene_variant	MODIFIER	antisense			
rs1048155					3_prime_UTR_variant	SSPN		ENST00000538142	upstream_gene_variant	MODIFIER	protein_coding			
rs1048155					3_prime_UTR_variant	BHLHE41		ENST00000541271	downstream_gene_variant	MODIFIER	retained_intron			
rs10842708					intron_variant	RP11-513G19.1		ENST00000535324	intron_variant,non_coding_transcript_variant	MODIFIER	antisense			
rs10842708					intron_variant	RP11-612B6.1		ENST00000539552	downstream_gene_variant	MODIFIER	lincRNA			
rs10842708					intron_variant	RP11-283G6.4		ENST00000540392	intron_variant,non_coding_transcript_variant	MODIFIER	antisense			
rs10842708					intron_variant	RP11-283G6.5		ENST00000540625	upstream_gene_variant	MODIFIER	antisense			
rs61917473					intron_variant	PPFIBP1		ENST00000228425	intron_variant	MODIFIER	protein_coding			
rs61917473					intron_variant	PPFIBP1		ENST00000318304	intron_variant	MODIFIER	protein_coding			
rs61917473					intron_variant	PPFIBP1		ENST00000534917	downstream_gene_variant	MODIFIER	retained_intron			
rs61917473					intron_variant	PPFIBP1		ENST00000537261	upstream_gene_variant	MODIFIER	protein_coding			
rs61917473					intron_variant	PPFIBP1		ENST00000537927	intron_variant	MODIFIER	protein_coding			
rs61917473					intron_variant	PPFIBP1		ENST00000540114	intron_variant	MODIFIER	protein_coding			
rs61917473					intron_variant	PPFIBP1		ENST00000542629	intron_variant	MODIFIER	protein_coding			
rs61917473					intron_variant	PPFIBP1		ENST00000545381	downstream_gene_variant	MODIFIER	non_stop_decay			
rs11049114					intron_variant	MRPS35		ENST00000081029	intron_variant	MODIFIER	protein_coding			
rs11049114					intron_variant	MRPS35		ENST00000536569	downstream_gene_variant	MODIFIER	nonsense_mediated_decay			
rs11049114					intron_variant	MRPS35		ENST00000538315	intron_variant	MODIFIER	protein_coding			
rs11049114					intron_variant	MRPS35		ENST00000542199	downstream_gene_variant	MODIFIER	nonsense_mediated_decay			
rs11049114					intron_variant	MRPS35		ENST00000542791	intron_variant	MODIFIER	protein_coding			
rs10842991					upstream_gene_variant	RN7SKP15		ENST00000364742	upstream_gene_variant	MODIFIER	misc_RNA			
rs146295182					intergenic_variant				intergenic_variant					
rs4931467					intergenic_variant				intergenic_variant					
rs11051394					regulatory_region_variant				regulatory_region_variant					
rs6488140					intergenic_variant				intergenic_variant					
rs11514133					intergenic_variant				intergenic_variant					
rs2730827					intron_variant	PDZRN4		ENST00000298919	intron_variant	MODIFIER	protein_coding			
rs2730827					intron_variant	PDZRN4		ENST00000402685	intron_variant	MODIFIER	protein_coding			
rs2730827					intron_variant	PDZRN4		ENST00000539469	intron_variant	MODIFIER	protein_coding			
rs2730827					intron_variant	RP11-413B19.2		ENST00000547168	intron_variant,non_coding_transcript_variant	MODIFIER	antisense			
rs1650007					intron_variant	ARID2		ENST00000334344	intron_variant	MODIFIER	protein_coding			
rs1650007					intron_variant	ARID2		ENST00000444670	intron_variant	MODIFIER	protein_coding			
rs1650007					intron_variant	ARID2		ENST00000457135	intron_variant	MODIFIER	protein_coding			
rs1650007					intron_variant	ARID2		ENST00000479608	intron_variant,non_coding_transcript_variant	MODIFIER	processed_transcript			
rs2732469					intergenic_variant				intergenic_variant					
rs7132908					3_prime_UTR_variant	FAIM2		ENST00000320634	3_prime_UTR_variant	MODIFIER	protein_coding			
rs7132908					3_prime_UTR_variant	RP11-70F11.7		ENST00000547902	downstream_gene_variant	MODIFIER	lincRNA			
rs7132908					3_prime_UTR_variant	FAIM2		ENST00000550195	downstream_gene_variant	MODIFIER	nonsense_mediated_decay			
rs7132908					3_prime_UTR_variant	FAIM2		ENST00000550890	downstream_gene_variant	MODIFIER	protein_coding			
rs7132908					3_prime_UTR_variant	FAIM2		ENST00000552669	downstream_gene_variant	MODIFIER	protein_coding			
rs7132908					3_prime_UTR_variant	FAIM2		ENST00000552863	downstream_gene_variant	MODIFIER	protein_coding			
rs2683506					upstream_gene_variant	SPRYD3		ENST00000301463	upstream_gene_variant	MODIFIER	protein_coding			
rs2683506					upstream_gene_variant	SPRYD3		ENST00000537540	upstream_gene_variant	MODIFIER	nonsense_mediated_decay			
rs2683506					upstream_gene_variant	SPRYD3		ENST00000547837	upstream_gene_variant	MODIFIER	protein_coding			
rs2683506					upstream_gene_variant	SPRYD3		ENST00000550564	upstream_gene_variant	MODIFIER	retained_intron			
rs2277339					missense_variant	PRIM1		ENST00000338193	missense_variant	MODERATE	protein_coding		5.0	D/V
rs2277339					missense_variant	PRIM1		ENST00000338193	missense_variant	MODERATE	protein_coding		5.0	D/A
rs2277339					missense_variant	PRIM1		ENST00000546761	upstream_gene_variant	MODIFIER	processed_transcript			
rs2277339					missense_variant	PRIM1		ENST00000548173	non_coding_transcript_exon_variant	MODIFIER	retained_intron			
rs2277339					missense_variant	PRIM1		ENST00000550224	non_coding_transcript_exon_variant	MODIFIER	retained_intron			
rs2277339					missense_variant	PRIM1		ENST00000550770	missense_variant	MODERATE	protein_coding		5.0	D/V
rs2277339					missense_variant	PRIM1		ENST00000550770	missense_variant	MODERATE	protein_coding		5.0	D/A
rs2277339					missense_variant	PRIM1		ENST00000552408	upstream_gene_variant	MODIFIER	processed_transcript			
rs2277339					missense_variant	PRIM1		ENST00000552590	missense_variant,NMD_transcript_variant	MODERATE	nonsense_mediated_decay		5.0	D/V
rs2277339					missense_variant	PRIM1		ENST00000552590	missense_variant,NMD_transcript_variant	MODERATE	nonsense_mediated_decay		5.0	D/A
rs2277339					missense_variant	HSD17B6		ENST00000554150	upstream_gene_variant	MODIFIER	protein_coding			
rs2277339					missense_variant	HSD17B6		ENST00000554155	upstream_gene_variant	MODIFIER	protein_coding			
rs2277339					missense_variant	HSD17B6		ENST00000554643	upstream_gene_variant	MODIFIER	protein_coding			
rs2277339					missense_variant	HSD17B6		ENST00000555159	5_prime_UTR_variant	MODIFIER	protein_coding			
rs2277339					missense_variant	HSD17B6		ENST00000555805	5_prime_UTR_variant	MODIFIER	protein_coding			
rs2277339					missense_variant	HSD17B6		ENST00000556481	upstream_gene_variant	MODIFIER	processed_transcript			
rs2277339					missense_variant	HSD17B6		ENST00000556650	upstream_gene_variant	MODIFIER	protein_coding			
rs2167306					intergenic_variant				intergenic_variant					
rs3809113					5_prime_UTR_variant	INHBE		ENST00000266646	upstream_gene_variant	MODIFIER	protein_coding			
rs3809113					5_prime_UTR_variant	INHBC		ENST00000309668	downstream_gene_variant	MODIFIER	protein_coding			
rs3809113					5_prime_UTR_variant	INHBE		ENST00000547970	5_prime_UTR_variant	MODIFIER	protein_coding			
rs3809113					5_prime_UTR_variant	INHBE		ENST00000551553	intron_variant,non_coding_transcript_variant	MODIFIER	processed_transcript			
rs3809113					5_prime_UTR_variant	INHBE		ENST00000553033	upstream_gene_variant	MODIFIER	processed_transcript			
rs10784067					intergenic_variant				intergenic_variant					
rs10877892					downstream_gene_variant	RP11-631N16.2		ENST00000550290	downstream_gene_variant	MODIFIER	antisense			
rs2257883					intron_variant	HMGA2		ENST00000354636	upstream_gene_variant	MODIFIER	protein_coding			
rs2257883					intron_variant	HMGA2		ENST00000393577	upstream_gene_variant	MODIFIER	protein_coding			
rs2257883					intron_variant	HMGA2		ENST00000393578	upstream_gene_variant	MODIFIER	protein_coding			
rs2257883					intron_variant	HMGA2		ENST00000403681	upstream_gene_variant	MODIFIER	protein_coding			
rs2257883					intron_variant	HMGA2		ENST00000425208	upstream_gene_variant	MODIFIER	protein_coding			
rs2257883					intron_variant	RPSAP52		ENST00000489520	intron_variant,non_coding_transcript_variant	MODIFIER	processed_transcript			
rs2257883					intron_variant	HMGA2		ENST00000536545	upstream_gene_variant	MODIFIER	protein_coding			
rs2257883					intron_variant	HMGA2		ENST00000537275	upstream_gene_variant	MODIFIER	nonsense_mediated_decay			
rs2257883					intron_variant	HMGA2		ENST00000537429	upstream_gene_variant	MODIFIER	nonsense_mediated_decay			
rs2257883					intron_variant	HMGA2		ENST00000541363	upstream_gene_variant	MODIFIER	protein_coding			
rs2257883					intron_variant	HMGA2		ENST00000545998	upstream_gene_variant	MODIFIER	retained_intron			
rs116257126					intron_variant	HMGA2		ENST00000354636	intron_variant	MODIFIER	protein_coding			
rs116257126					intron_variant	RP11-366L20.2		ENST00000356215	downstream_gene_variant	MODIFIER	protein_coding			
rs116257126					intron_variant	HMGA2		ENST00000393577	intron_variant	MODIFIER	protein_coding			
rs116257126					intron_variant	HMGA2		ENST00000403681	intron_variant	MODIFIER	protein_coding			
rs116257126					intron_variant	HMGA2		ENST00000425208	intron_variant	MODIFIER	protein_coding			
rs116257126					intron_variant	RP11-366L20.2		ENST00000439236	downstream_gene_variant	MODIFIER	protein_coding			
rs116257126					intron_variant	HMGA2		ENST00000536545	intron_variant	MODIFIER	protein_coding			
rs116257126					intron_variant	HMGA2		ENST00000537429	intron_variant,NMD_transcript_variant	MODIFIER	nonsense_mediated_decay			
rs116257126					intron_variant	HMGA2		ENST00000539662	intron_variant,NMD_transcript_variant	MODIFIER	nonsense_mediated_decay			
rs116257126					intron_variant	HMGA2		ENST00000541363	intron_variant	MODIFIER	protein_coding			
rs116979298					intron_variant	HMGA2		ENST00000393577	intron_variant	MODIFIER	protein_coding			
rs116979298					intron_variant	HMGA2		ENST00000403681	intron_variant	MODIFIER	protein_coding			
rs116979298					intron_variant	HMGA2		ENST00000539662	intron_variant,NMD_transcript_variant	MODIFIER	nonsense_mediated_decay			
rs116979298					intron_variant	HMGA2		ENST00000541363	intron_variant	MODIFIER	protein_coding			
rs116979298					intron_variant	RP11-366L20.3		ENST00000544279	intron_variant,non_coding_transcript_variant	MODIFIER	antisense			
rs8756					3_prime_UTR_variant	HMGA2		ENST00000403681	3_prime_UTR_variant	MODIFIER	protein_coding			
rs8756					3_prime_UTR_variant	HMGA2		ENST00000539662	downstream_gene_variant	MODIFIER	nonsense_mediated_decay			
rs7397918					upstream_gene_variant	RP11-118B13.1		ENST00000469899	upstream_gene_variant	MODIFIER	processed_pseudogene			
rs7397918					upstream_gene_variant	RP11-366L20.4		ENST00000536217	upstream_gene_variant	MODIFIER	lincRNA			
rs3201					3_prime_UTR_variant	FRS2		ENST00000299293	3_prime_UTR_variant	MODIFIER	protein_coding			
rs3201					3_prime_UTR_variant	FRS2		ENST00000397997	3_prime_UTR_variant	MODIFIER	protein_coding			
rs3201					3_prime_UTR_variant	FRS2		ENST00000549921	downstream_gene_variant	MODIFIER	protein_coding			
rs3201					3_prime_UTR_variant	FRS2		ENST00000550389	3_prime_UTR_variant	MODIFIER	protein_coding			
rs10879248					splice_region_variant	CTD-2021H9.2		ENST00000548497	splice_region_variant,splice_polypyrimidine_tract_variant,intron_variant,non_coding_transcript_variant	LOW	sense_intronic			
rs10879248					splice_region_variant	CTD-2021H9.3		ENST00000549357	intron_variant	MODIFIER	protein_coding			
rs1533104					intron_variant	TSPAN8		ENST00000393330	intron_variant	MODIFIER	protein_coding			
rs1533104					intron_variant	TSPAN8		ENST00000549421	intron_variant,non_coding_transcript_variant	MODIFIER	processed_transcript			
rs11114650					intron_variant	LIN7A		ENST00000261203	intron_variant,NMD_transcript_variant	MODIFIER	nonsense_mediated_decay			
rs11114650					intron_variant	LIN7A		ENST00000549417	intron_variant	MODIFIER	protein_coding			
rs11114650					intron_variant	LIN7A		ENST00000552864	intron_variant	MODIFIER	protein_coding			
rs999976					intergenic_variant				intergenic_variant					
rs4842471					intron_variant	RPS4XP15		ENST00000489210	intron_variant,non_coding_transcript_variant	MODIFIER	processed_pseudogene			
rs10858821					intron_variant	RP11-13A1.3		ENST00000549278	intron_variant,non_coding_transcript_variant	MODIFIER	lincRNA			
rs17250160					intergenic_variant				intergenic_variant					
rs1316739					3_prime_UTR_variant	SOCS2		ENST00000340600	intron_variant	MODIFIER	protein_coding			
rs1316739					3_prime_UTR_variant	SOCS2-AS1		ENST00000499137	upstream_gene_variant	MODIFIER	antisense			
rs1316739					3_prime_UTR_variant	SOCS2-AS1		ENST00000500986	upstream_gene_variant	MODIFIER	antisense			
rs1316739					3_prime_UTR_variant	SOCS2		ENST00000536696	intron_variant	MODIFIER	protein_coding			
rs1316739					3_prime_UTR_variant	SOCS2		ENST00000547229	downstream_gene_variant	MODIFIER	protein_coding			
rs1316739					3_prime_UTR_variant	SOCS2		ENST00000548091	intron_variant	MODIFIER	protein_coding			
rs1316739					3_prime_UTR_variant	SOCS2		ENST00000548537	3_prime_UTR_variant	MODIFIER	protein_coding			
rs1316739					3_prime_UTR_variant	SOCS2		ENST00000549122	intron_variant	MODIFIER	protein_coding			
rs1316739					3_prime_UTR_variant	SOCS2		ENST00000549206	intron_variant	MODIFIER	protein_coding			
rs1316739					3_prime_UTR_variant	SOCS2		ENST00000549510	upstream_gene_variant	MODIFIER	protein_coding			
rs1316739					3_prime_UTR_variant	SOCS2		ENST00000549887	intron_variant	MODIFIER	protein_coding			
rs1316739					3_prime_UTR_variant	SOCS2		ENST00000551556	intron_variant	MODIFIER	protein_coding			
rs1316739					3_prime_UTR_variant	SOCS2-AS1		ENST00000551626	upstream_gene_variant	MODIFIER	antisense			
rs1316739					3_prime_UTR_variant	SOCS2		ENST00000551883	upstream_gene_variant	MODIFIER	protein_coding			
rs61939481					intron_variant	USP44		ENST00000258499	intron_variant	MODIFIER	protein_coding			
rs61939481					intron_variant	USP44		ENST00000393091	intron_variant	MODIFIER	protein_coding			
rs61939481					intron_variant	USP44		ENST00000537435	intron_variant	MODIFIER	protein_coding			
rs61939481					intron_variant	USP44		ENST00000552237	intron_variant,non_coding_transcript_variant	MODIFIER	retained_intron			
rs61939481					intron_variant	USP44		ENST00000552440	intron_variant	MODIFIER	protein_coding			
rs6538804					intron_variant	RMST		ENST00000538559	intron_variant,non_coding_transcript_variant	MODIFIER	lincRNA			
rs1520191					intron_variant	C12orf42		ENST00000546526	intron_variant,non_coding_transcript_variant	MODIFIER	processed_transcript			
rs1520191					intron_variant	C12orf42		ENST00000547347	intron_variant,NMD_transcript_variant	MODIFIER	nonsense_mediated_decay			
rs1520191					intron_variant	C12orf42		ENST00000547470	upstream_gene_variant	MODIFIER	processed_transcript			
rs1520191					intron_variant	C12orf42		ENST00000549927	intron_variant,non_coding_transcript_variant	MODIFIER	processed_transcript			
rs1520191					intron_variant	C12orf42		ENST00000550650	intron_variant,non_coding_transcript_variant	MODIFIER	processed_transcript			
rs1520191					intron_variant	C12orf42		ENST00000551303	upstream_gene_variant	MODIFIER	processed_transcript			
rs1520191					intron_variant	C12orf42		ENST00000552977	downstream_gene_variant	MODIFIER	processed_transcript			
rs1426371					intron_variant	WSCD2		ENST00000261400	intron_variant	MODIFIER	protein_coding			
rs1426371					intron_variant	WSCD2		ENST00000332082	intron_variant	MODIFIER	protein_coding			
rs1426371					intron_variant	WSCD2		ENST00000546629	downstream_gene_variant	MODIFIER	retained_intron			
rs1426371					intron_variant	WSCD2		ENST00000547525	intron_variant	MODIFIER	protein_coding			
rs1426371					intron_variant	WSCD2		ENST00000549903	intron_variant	MODIFIER	protein_coding			
rs671					missense_variant	ALDH2		ENST00000261733	missense_variant	MODERATE	protein_coding		504.0	E/K
rs671					missense_variant	ALDH2		ENST00000416293	missense_variant	MODERATE	protein_coding		457.0	E/K
rs671					missense_variant	ALDH2		ENST00000548536	3_prime_UTR_variant,NMD_transcript_variant	MODIFIER	nonsense_mediated_decay			
rs671					missense_variant	ALDH2		ENST00000549106	3_prime_UTR_variant,NMD_transcript_variant	MODIFIER	nonsense_mediated_decay			
rs7307263					intron_variant	RP11-438N16.1		ENST00000550905	intron_variant,non_coding_transcript_variant	MODIFIER	lincRNA			
rs34965774					intergenic_variant				intergenic_variant					
rs77045000					upstream_gene_variant	ACADS		ENST00000242592	upstream_gene_variant	MODIFIER	protein_coding			
rs77045000					upstream_gene_variant	UNC119B		ENST00000344651	downstream_gene_variant	MODIFIER	protein_coding			
rs77045000					upstream_gene_variant	ACADS		ENST00000411593	upstream_gene_variant	MODIFIER	protein_coding			
rs77045000					upstream_gene_variant	ACADS		ENST00000539690	upstream_gene_variant	MODIFIER	retained_intron			
rs77045000					upstream_gene_variant	RP11-173P15.5		ENST00000544939	upstream_gene_variant	MODIFIER	antisense			
rs77045000					upstream_gene_variant	MIR4700		ENST00000578311	downstream_gene_variant	MODIFIER	miRNA			
rs142775453					intron_variant	RP11-173P15.7		ENST00000542620	intron_variant,non_coding_transcript_variant	MODIFIER	antisense			
rs73229142					intron_variant	SPPL3		ENST00000353487	intron_variant	MODIFIER	protein_coding			
rs73229142					intron_variant	SPPL3		ENST00000536996	intron_variant	MODIFIER	protein_coding			
rs73229142					intron_variant	SPPL3		ENST00000543181	intron_variant	MODIFIER	protein_coding			
rs73229142					intron_variant	SPPL3		ENST00000543608	intron_variant	MODIFIER	protein_coding			
rs73229142					intron_variant	SPPL3		ENST00000543854	intron_variant	MODIFIER	protein_coding			
rs572016					intron_variant	SPPL3		ENST00000353487	intron_variant	MODIFIER	protein_coding			
rs572016					intron_variant	ARF1P2		ENST00000392493	downstream_gene_variant	MODIFIER	processed_pseudogene			
rs572016					intron_variant	SPPL3		ENST00000536996	intron_variant	MODIFIER	protein_coding			
rs572016					intron_variant	SPPL3		ENST00000543608	intron_variant	MODIFIER	protein_coding			
rs572016					intron_variant	SPPL3		ENST00000543854	intron_variant	MODIFIER	protein_coding			
rs118074491					regulatory_region_variant				regulatory_region_variant					
rs1800574					missense_variant	HNF1A		ENST00000257555	missense_variant	MODERATE	protein_coding		98.0	A/D
rs1800574					missense_variant	HNF1A		ENST00000257555	missense_variant	MODERATE	protein_coding		98.0	A/G
rs1800574					missense_variant	HNF1A		ENST00000257555	missense_variant	MODERATE	protein_coding		98.0	A/V
rs1800574					missense_variant	HNF1A		ENST00000400024	missense_variant	MODERATE	protein_coding		98.0	A/D
rs1800574					missense_variant	HNF1A		ENST00000400024	missense_variant	MODERATE	protein_coding		98.0	A/G
rs1800574					missense_variant	HNF1A		ENST00000400024	missense_variant	MODERATE	protein_coding		98.0	A/V
rs1800574					missense_variant	HNF1A		ENST00000402929	missense_variant	MODERATE	protein_coding		98.0	A/D
rs1800574					missense_variant	HNF1A		ENST00000402929	missense_variant	MODERATE	protein_coding		98.0	A/G
rs1800574					missense_variant	HNF1A		ENST00000402929	missense_variant	MODERATE	protein_coding		98.0	A/V
rs1800574					missense_variant	HNF1A-AS1		ENST00000433033	intron_variant,non_coding_transcript_variant	MODIFIER	antisense			
rs1800574					missense_variant	HNF1A-AS1		ENST00000535301	intron_variant,non_coding_transcript_variant	MODIFIER	antisense			
rs1800574					missense_variant	HNF1A		ENST00000535955	intron_variant	MODIFIER	protein_coding			
rs1800574					missense_variant	HNF1A-AS1		ENST00000537361	intron_variant,non_coding_transcript_variant	MODIFIER	antisense			
rs1800574					missense_variant	HNF1A		ENST00000538626	intron_variant	MODIFIER	protein_coding			
rs1800574					missense_variant	HNF1A		ENST00000538646	missense_variant,NMD_transcript_variant	MODERATE	nonsense_mediated_decay		98.0	A/D
rs1800574					missense_variant	HNF1A		ENST00000538646	missense_variant,NMD_transcript_variant	MODERATE	nonsense_mediated_decay		98.0	A/G
rs1800574					missense_variant	HNF1A		ENST00000538646	missense_variant,NMD_transcript_variant	MODERATE	nonsense_mediated_decay		98.0	A/V
rs1800574					missense_variant	HNF1A		ENST00000540108	missense_variant,NMD_transcript_variant	MODERATE	nonsense_mediated_decay		98.0	A/D
rs1800574					missense_variant	HNF1A		ENST00000540108	missense_variant,NMD_transcript_variant	MODERATE	nonsense_mediated_decay		98.0	A/G
rs1800574					missense_variant	HNF1A		ENST00000540108	missense_variant,NMD_transcript_variant	MODERATE	nonsense_mediated_decay		98.0	A/V
rs1800574					missense_variant	HNF1A		ENST00000541395	missense_variant	MODERATE	protein_coding		98.0	A/D
rs1800574					missense_variant	HNF1A		ENST00000541395	missense_variant	MODERATE	protein_coding		98.0	A/G
rs1800574					missense_variant	HNF1A		ENST00000541395	missense_variant	MODERATE	protein_coding		98.0	A/V
rs1800574					missense_variant	HNF1A		ENST00000541924	missense_variant,NMD_transcript_variant	MODERATE	nonsense_mediated_decay		98.0	A/D
rs1800574					missense_variant	HNF1A		ENST00000541924	missense_variant,NMD_transcript_variant	MODERATE	nonsense_mediated_decay		98.0	A/G
rs1800574					missense_variant	HNF1A		ENST00000541924	missense_variant,NMD_transcript_variant	MODERATE	nonsense_mediated_decay		98.0	A/V
rs1800574					missense_variant	HNF1A		ENST00000543427	splice_region_variant,splice_polypyrimidine_tract_variant,intron_variant	LOW	protein_coding			
rs1800574					missense_variant	HNF1A		ENST00000544413	missense_variant	MODERATE	protein_coding		98.0	A/D
rs1800574					missense_variant	HNF1A		ENST00000544413	missense_variant	MODERATE	protein_coding		98.0	A/G
rs1800574					missense_variant	HNF1A		ENST00000544413	missense_variant	MODERATE	protein_coding		98.0	A/V
rs1800574					missense_variant	HNF1A		ENST00000544574	intron_variant,NMD_transcript_variant	MODIFIER	nonsense_mediated_decay			
rs1800574					missense_variant	HNF1A		ENST00000560968	missense_variant,NMD_transcript_variant	MODERATE	nonsense_mediated_decay		146.0	A/D
rs1800574					missense_variant	HNF1A		ENST00000560968	missense_variant,NMD_transcript_variant	MODERATE	nonsense_mediated_decay		146.0	A/G
rs1800574					missense_variant	HNF1A		ENST00000560968	missense_variant,NMD_transcript_variant	MODERATE	nonsense_mediated_decay		146.0	A/V
rs1169299					intron_variant	HNF1A		ENST00000257555	intron_variant	MODIFIER	protein_coding			
rs1169299					intron_variant	HNF1A		ENST00000400024	intron_variant	MODIFIER	protein_coding			
rs1169299					intron_variant	HNF1A		ENST00000402929	intron_variant	MODIFIER	protein_coding			
rs1169299					intron_variant	HNF1A		ENST00000535955	intron_variant	MODIFIER	protein_coding			
rs1169299					intron_variant	HNF1A		ENST00000538626	intron_variant	MODIFIER	protein_coding			
rs1169299					intron_variant	HNF1A		ENST00000538646	intron_variant,NMD_transcript_variant	MODIFIER	nonsense_mediated_decay			
rs1169299					intron_variant	HNF1A		ENST00000540108	intron_variant,NMD_transcript_variant	MODIFIER	nonsense_mediated_decay			
rs1169299					intron_variant	HNF1A		ENST00000541395	intron_variant	MODIFIER	protein_coding			
rs1169299					intron_variant	HNF1A		ENST00000541924	intron_variant,NMD_transcript_variant	MODIFIER	nonsense_mediated_decay			
rs1169299					intron_variant	HNF1A		ENST00000543255	upstream_gene_variant	MODIFIER	retained_intron			
rs1169299					intron_variant	HNF1A		ENST00000543427	intron_variant	MODIFIER	protein_coding			
rs1169299					intron_variant	HNF1A		ENST00000544413	intron_variant	MODIFIER	protein_coding			
rs1169299					intron_variant	HNF1A		ENST00000544574	intron_variant,NMD_transcript_variant	MODIFIER	nonsense_mediated_decay			
rs1169299					intron_variant	HNF1A		ENST00000560968	intron_variant,NMD_transcript_variant	MODIFIER	nonsense_mediated_decay			
rs149282777					intron_variant	HNF1A		ENST00000257555	intron_variant	MODIFIER	protein_coding			
rs149282777					intron_variant	C12orf43		ENST00000288757	downstream_gene_variant	MODIFIER	protein_coding			
rs149282777					intron_variant	HNF1A		ENST00000400024	downstream_gene_variant	MODIFIER	protein_coding			
rs149282777					intron_variant	HNF1A		ENST00000402929	downstream_gene_variant	MODIFIER	protein_coding			
rs149282777					intron_variant	C12orf43		ENST00000445832	downstream_gene_variant	MODIFIER	protein_coding			
rs149282777					intron_variant	HNF1A		ENST00000535955	downstream_gene_variant	MODIFIER	protein_coding			
rs149282777					intron_variant	HNF1A		ENST00000538626	downstream_gene_variant	MODIFIER	protein_coding			
rs149282777					intron_variant	HNF1A		ENST00000538646	downstream_gene_variant	MODIFIER	nonsense_mediated_decay			
rs149282777					intron_variant	HNF1A		ENST00000540108	intron_variant,NMD_transcript_variant	MODIFIER	nonsense_mediated_decay			
rs149282777					intron_variant	HNF1A		ENST00000541395	intron_variant	MODIFIER	protein_coding			
rs149282777					intron_variant	HNF1A		ENST00000541924	downstream_gene_variant	MODIFIER	nonsense_mediated_decay			
rs149282777					intron_variant	HNF1A		ENST00000543255	downstream_gene_variant	MODIFIER	retained_intron			
rs149282777					intron_variant	HNF1A		ENST00000543427	downstream_gene_variant	MODIFIER	protein_coding			
rs149282777					intron_variant	HNF1A		ENST00000544413	intron_variant	MODIFIER	protein_coding			
rs149282777					intron_variant	HNF1A		ENST00000544574	downstream_gene_variant	MODIFIER	nonsense_mediated_decay			
rs149282777					intron_variant	HNF1A		ENST00000560968	intron_variant,NMD_transcript_variant	MODIFIER	nonsense_mediated_decay			
rs149282777					intron_variant	RP11-216P16.2		ENST00000606238	downstream_gene_variant	MODIFIER	antisense			
rs74627567					upstream_gene_variant	RP11-216P16.4		ENST00000538389	upstream_gene_variant	MODIFIER	processed_pseudogene			
rs208311					intron_variant	P2RX7		ENST00000261826	intron_variant,NMD_transcript_variant	MODIFIER	nonsense_mediated_decay			
rs208311					intron_variant	P2RX7		ENST00000328963	intron_variant	MODIFIER	protein_coding			
rs208311					intron_variant	P2RX7		ENST00000377162	intron_variant	MODIFIER	protein_coding			
rs208311					intron_variant	P2RX7		ENST00000443520	intron_variant,non_coding_transcript_variant	MODIFIER	processed_transcript			
rs208311					intron_variant	P2RX7		ENST00000535250	intron_variant	MODIFIER	protein_coding			
rs208311					intron_variant	P2RX7		ENST00000535600	intron_variant,NMD_transcript_variant	MODIFIER	nonsense_mediated_decay			
rs208311					intron_variant	P2RX7		ENST00000535928	downstream_gene_variant	MODIFIER	nonsense_mediated_decay			
rs208311					intron_variant	P2RX7		ENST00000537312	intron_variant,NMD_transcript_variant	MODIFIER	nonsense_mediated_decay			
rs208311					intron_variant	P2RX7		ENST00000538011	intron_variant,NMD_transcript_variant	MODIFIER	nonsense_mediated_decay			
rs208311					intron_variant	P2RX7		ENST00000539606	intron_variant,NMD_transcript_variant	MODIFIER	nonsense_mediated_decay			
rs208311					intron_variant	P2RX7		ENST00000539695	intron_variant,non_coding_transcript_variant	MODIFIER	retained_intron			
rs208311					intron_variant	P2RX7		ENST00000541022	intron_variant,NMD_transcript_variant	MODIFIER	nonsense_mediated_decay			
rs208311					intron_variant	P2RX7		ENST00000541446	intron_variant	MODIFIER	protein_coding			
rs208311					intron_variant	P2RX7		ENST00000541564	intron_variant,NMD_transcript_variant	MODIFIER	nonsense_mediated_decay			
rs208311					intron_variant	P2RX7		ENST00000541716	intron_variant,NMD_transcript_variant	MODIFIER	nonsense_mediated_decay			
rs208311					intron_variant	P2RX7		ENST00000545434	downstream_gene_variant	MODIFIER	nonsense_mediated_decay			
rs208311					intron_variant	P2RX7		ENST00000546057	intron_variant	MODIFIER	protein_coding			
rs141555626					downstream_gene_variant	RP11-340F14.5		ENST00000569999	downstream_gene_variant	MODIFIER	sense_overlapping			
rs78628688					intron_variant	KDM2B		ENST00000605998	intron_variant,NMD_transcript_variant	MODIFIER	nonsense_mediated_decay			
rs78628688					intron_variant	KDM2B		ENST00000606143	intron_variant	MODIFIER	protein_coding			
rs78628688					intron_variant	KDM2B		ENST00000606409	intron_variant	MODIFIER	protein_coding			
rs78628688					intron_variant	KDM2B		ENST00000606758	downstream_gene_variant	MODIFIER	protein_coding			
rs78628688					intron_variant	KDM2B		ENST00000606773	intron_variant	MODIFIER	protein_coding			
rs78628688					intron_variant	KDM2B		ENST00000607235	intron_variant,non_coding_transcript_variant	MODIFIER	retained_intron			
rs78628688					intron_variant	KDM2B		ENST00000607408	intron_variant	MODIFIER	protein_coding			
rs78628688					intron_variant	KDM2B		ENST00000377069	intron_variant	MODIFIER	protein_coding			
rs78628688					intron_variant	KDM2B		ENST00000377071	intron_variant	MODIFIER	protein_coding			
rs78628688					intron_variant	KDM2B		ENST00000536437	intron_variant	MODIFIER	protein_coding			
rs78628688					intron_variant	KDM2B		ENST00000538046	downstream_gene_variant	MODIFIER	protein_coding			
rs78628688					intron_variant	KDM2B		ENST00000538503	intron_variant,non_coding_transcript_variant	MODIFIER	retained_intron			
rs78628688					intron_variant	KDM2B		ENST00000542973	intron_variant	MODIFIER	protein_coding			
rs78628688					intron_variant	KDM2B		ENST00000543025	intron_variant,NMD_transcript_variant	MODIFIER	nonsense_mediated_decay			
rs10849893					intron_variant	KDM2B		ENST00000605998	intron_variant,NMD_transcript_variant	MODIFIER	nonsense_mediated_decay			
rs10849893					intron_variant	KDM2B		ENST00000606143	intron_variant	MODIFIER	protein_coding			
rs10849893					intron_variant	KDM2B		ENST00000606409	intron_variant	MODIFIER	protein_coding			
rs10849893					intron_variant	KDM2B		ENST00000606758	intron_variant	MODIFIER	protein_coding			
rs10849893					intron_variant	KDM2B		ENST00000606773	intron_variant	MODIFIER	protein_coding			
rs10849893					intron_variant	KDM2B		ENST00000607235	intron_variant,non_coding_transcript_variant	MODIFIER	retained_intron			
rs10849893					intron_variant	KDM2B		ENST00000607408	intron_variant	MODIFIER	protein_coding			
rs10849893					intron_variant	KDM2B		ENST00000377069	intron_variant	MODIFIER	protein_coding			
rs10849893					intron_variant	KDM2B		ENST00000377071	intron_variant	MODIFIER	protein_coding			
rs10849893					intron_variant	KDM2B		ENST00000536437	intron_variant	MODIFIER	protein_coding			
rs10849893					intron_variant	KDM2B		ENST00000538046	intron_variant	MODIFIER	protein_coding			
rs10849893					intron_variant	KDM2B		ENST00000538503	intron_variant,non_coding_transcript_variant	MODIFIER	retained_intron			
rs10849893					intron_variant	KDM2B		ENST00000542973	intron_variant	MODIFIER	protein_coding			
rs10849893					intron_variant	KDM2B		ENST00000543025	intron_variant,NMD_transcript_variant	MODIFIER	nonsense_mediated_decay			
rs4148856					intron_variant	ABCB9		ENST00000280560	intron_variant	MODIFIER	protein_coding			
rs4148856					intron_variant	ABCB9		ENST00000344275	intron_variant	MODIFIER	protein_coding			
rs4148856					intron_variant	ABCB9		ENST00000346530	intron_variant	MODIFIER	protein_coding			
rs4148856					intron_variant	ABCB9		ENST00000392439	intron_variant	MODIFIER	protein_coding			
rs4148856					intron_variant	ABCB9		ENST00000442028	intron_variant	MODIFIER	protein_coding			
rs4148856					intron_variant	ABCB9		ENST00000442833	intron_variant	MODIFIER	protein_coding			
rs4148856					intron_variant	ABCB9		ENST00000537276	intron_variant,NMD_transcript_variant	MODIFIER	nonsense_mediated_decay			
rs4148856					intron_variant	ABCB9		ENST00000540285	intron_variant	MODIFIER	protein_coding			
rs4148856					intron_variant	ABCB9		ENST00000542678	intron_variant	MODIFIER	protein_coding			
rs4148856					intron_variant	ABCB9		ENST00000543935	intron_variant	MODIFIER	protein_coding			
rs11057418					intron_variant	FAM101A		ENST00000540762	intron_variant	MODIFIER	protein_coding			
rs11057418					intron_variant	FAM101A		ENST00000545615	intron_variant,non_coding_transcript_variant	MODIFIER	processed_transcript			
rs34680764					intron_variant	FAM101A		ENST00000540762	intron_variant	MODIFIER	protein_coding			
rs34680764					intron_variant	FAM101A		ENST00000545615	intron_variant,non_coding_transcript_variant	MODIFIER	processed_transcript			
rs2229840					missense_variant	NCOR2		ENST00000356219	missense_variant	MODERATE	protein_coding		1706.0	A/P
rs2229840					missense_variant	NCOR2		ENST00000356219	missense_variant	MODERATE	protein_coding		1706.0	A/T
rs2229840					missense_variant	NCOR2		ENST00000397355	missense_variant	MODERATE	protein_coding		1690.0	A/P
rs2229840					missense_variant	NCOR2		ENST00000397355	missense_variant	MODERATE	protein_coding		1690.0	A/T
rs2229840					missense_variant	NCOR2		ENST00000404121	missense_variant	MODERATE	protein_coding		1260.0	A/P
rs2229840					missense_variant	NCOR2		ENST00000404121	missense_variant	MODERATE	protein_coding		1260.0	A/T
rs2229840					missense_variant	NCOR2		ENST00000404621	missense_variant	MODERATE	protein_coding		1689.0	A/P
rs2229840					missense_variant	NCOR2		ENST00000404621	missense_variant	MODERATE	protein_coding		1689.0	A/T
rs2229840					missense_variant	NCOR2		ENST00000405201	missense_variant	MODERATE	protein_coding		1699.0	A/P
rs2229840					missense_variant	NCOR2		ENST00000405201	missense_variant	MODERATE	protein_coding		1699.0	A/T
rs2229840					missense_variant	NCOR2		ENST00000429285	missense_variant	MODERATE	protein_coding		1689.0	A/P
rs2229840					missense_variant	NCOR2		ENST00000429285	missense_variant	MODERATE	protein_coding		1689.0	A/T
rs2229840					missense_variant	NCOR2		ENST00000440187	upstream_gene_variant	MODIFIER	protein_coding			
rs2229840					missense_variant	NCOR2		ENST00000453428	missense_variant	MODERATE	protein_coding		48.0	A/P
rs2229840					missense_variant	NCOR2		ENST00000453428	missense_variant	MODERATE	protein_coding		48.0	A/T
rs2229840					missense_variant	NCOR2		ENST00000458234	downstream_gene_variant	MODIFIER	protein_coding			
rs7302504					intron_variant	EP400		ENST00000330386	intron_variant	MODIFIER	protein_coding			
rs7302504					intron_variant	EP400		ENST00000332482	intron_variant	MODIFIER	protein_coding			
rs7302504					intron_variant	EP400		ENST00000333577	intron_variant	MODIFIER	protein_coding			
rs7302504					intron_variant	EP400		ENST00000389561	intron_variant	MODIFIER	protein_coding			
rs7302504					intron_variant	EP400		ENST00000389562	intron_variant	MODIFIER	protein_coding			
rs7302504					intron_variant	AC137590.1		ENST00000607851	downstream_gene_variant	MODIFIER	miRNA			
rs12811407					intron_variant	FBRSL1		ENST00000261673	intron_variant	MODIFIER	protein_coding			
rs12811407					intron_variant	FBRSL1		ENST00000434748	intron_variant	MODIFIER	protein_coding			
rs1009321					intron_variant	GOLGA3		ENST00000204726	intron_variant	MODIFIER	protein_coding			
rs1009321					intron_variant	GOLGA3		ENST00000450791	intron_variant	MODIFIER	protein_coding			
rs1009321					intron_variant	GOLGA3		ENST00000456883	intron_variant	MODIFIER	protein_coding			
rs1009321					intron_variant	GOLGA3		ENST00000537452	intron_variant	MODIFIER	protein_coding			
rs1009321					intron_variant	GOLGA3		ENST00000545875	intron_variant	MODIFIER	protein_coding			
rs9316706					intergenic_variant				intergenic_variant					
rs314879					intergenic_variant				intergenic_variant					
rs34584161					intron_variant	RNF6		ENST00000468480	intron_variant,non_coding_transcript_variant	MODIFIER	processed_transcript			
rs512306					downstream_gene_variant	RP11-380N8.6		ENST00000603212	downstream_gene_variant	MODIFIER	processed_pseudogene			
rs9512696					intron_variant	AL137059.1		ENST00000366409	upstream_gene_variant	MODIFIER	pseudogene			
rs9512696					intron_variant	MTIF3		ENST00000381116	intron_variant	MODIFIER	protein_coding			
rs9512696					intron_variant	MTIF3		ENST00000381120	intron_variant	MODIFIER	protein_coding			
rs9512696					intron_variant	GTF3A		ENST00000381140	downstream_gene_variant	MODIFIER	protein_coding			
rs9512696					intron_variant	MTIF3		ENST00000405591	intron_variant	MODIFIER	protein_coding			
rs9512696					intron_variant	GTF3A		ENST00000419181	downstream_gene_variant	MODIFIER	nonsense_mediated_decay			
rs9512696					intron_variant	MTIF3		ENST00000431572	intron_variant	MODIFIER	protein_coding			
rs9512696					intron_variant	GTF3A		ENST00000435781	downstream_gene_variant	MODIFIER	nonsense_mediated_decay			
rs9512696					intron_variant	GTF3A		ENST00000439403	downstream_gene_variant	MODIFIER	protein_coding			
rs9512696					intron_variant	MTIF3		ENST00000460973	intron_variant,non_coding_transcript_variant	MODIFIER	processed_transcript			
rs9512696					intron_variant	MTIF3		ENST00000461838	intron_variant,non_coding_transcript_variant	MODIFIER	processed_transcript			
rs9512696					intron_variant	MTIF3		ENST00000464753	downstream_gene_variant	MODIFIER	processed_transcript			
rs9512696					intron_variant	GTF3A		ENST00000466776	downstream_gene_variant	MODIFIER	processed_transcript			
rs9512696					intron_variant	GTF3A		ENST00000470606	downstream_gene_variant	MODIFIER	processed_transcript			
rs9512696					intron_variant	MTIF3		ENST00000471771	intron_variant,non_coding_transcript_variant	MODIFIER	processed_transcript			
rs9512696					intron_variant	GTF3A		ENST00000482655	downstream_gene_variant	MODIFIER	retained_intron			
rs9512696					intron_variant	MTIF3		ENST00000483903	downstream_gene_variant	MODIFIER	processed_transcript			
rs9512696					intron_variant	MTIF3		ENST00000484342	downstream_gene_variant	MODIFIER	processed_transcript			
rs9512696					intron_variant	MTIF3		ENST00000485650	intron_variant,non_coding_transcript_variant	MODIFIER	processed_transcript			
rs9512696					intron_variant	MTIF3		ENST00000485959	intron_variant,non_coding_transcript_variant	MODIFIER	processed_transcript			
rs9512696					intron_variant	MTIF3		ENST00000493719	intron_variant,non_coding_transcript_variant	MODIFIER	processed_transcript			
rs9512696					intron_variant	GTF3A		ENST00000493903	downstream_gene_variant	MODIFIER	processed_transcript			
rs79033136					upstream_gene_variant	LINC00543		ENST00000567234	upstream_gene_variant	MODIFIER	lincRNA			
rs12855502					regulatory_region_variant				regulatory_region_variant					
rs9591408					upstream_gene_variant	LINC00423		ENST00000421002	upstream_gene_variant	MODIFIER	lincRNA			
rs57358169					intergenic_variant				intergenic_variant					
rs576674					intergenic_variant				intergenic_variant					
rs2283368					intron_variant	KL		ENST00000380099	intron_variant	MODIFIER	protein_coding			
rs2283368					intron_variant	KL		ENST00000426690	intron_variant	MODIFIER	protein_coding			
rs2283368					intron_variant	KL		ENST00000487852	intron_variant,non_coding_transcript_variant	MODIFIER	processed_transcript			
rs36090640					intron_variant	STARD13		ENST00000255486	intron_variant	MODIFIER	protein_coding			
rs36090640					intron_variant	STARD13		ENST00000336934	intron_variant	MODIFIER	protein_coding			
rs36090640					intron_variant	STARD13		ENST00000399365	intron_variant	MODIFIER	protein_coding			
rs36090640					intron_variant	STARD13		ENST00000491333	upstream_gene_variant	MODIFIER	processed_transcript			
rs9532707					intron_variant	ELF1		ENST00000405737	intron_variant	MODIFIER	protein_coding			
rs2806924					intergenic_variant				intergenic_variant					
rs9316500					intron_variant	RP11-175B12.2		ENST00000428276	downstream_gene_variant	MODIFIER	lincRNA			
rs9316500					intron_variant	DLEU1		ENST00000460525	intron_variant,non_coding_transcript_variant	MODIFIER	processed_transcript			
rs9316500					intron_variant	DLEU1		ENST00000462427	intron_variant,non_coding_transcript_variant	MODIFIER	processed_transcript			
rs9316500					intron_variant	DLEU1		ENST00000463474	intron_variant,non_coding_transcript_variant	MODIFIER	processed_transcript			
rs9316500					intron_variant	DLEU1		ENST00000467721	intron_variant,non_coding_transcript_variant	MODIFIER	processed_transcript			
rs9316500					intron_variant	DLEU1		ENST00000468168	intron_variant,non_coding_transcript_variant	MODIFIER	processed_transcript			
rs9316500					intron_variant	DLEU1		ENST00000468522	intron_variant,non_coding_transcript_variant	MODIFIER	processed_transcript			
rs9316500					intron_variant	DLEU1		ENST00000469095	intron_variant,non_coding_transcript_variant	MODIFIER	processed_transcript			
rs9316500					intron_variant	DLEU1		ENST00000470593	intron_variant,non_coding_transcript_variant	MODIFIER	processed_transcript			
rs9316500					intron_variant	DLEU1		ENST00000470726	intron_variant,non_coding_transcript_variant	MODIFIER	processed_transcript			
rs9316500					intron_variant	DLEU1		ENST00000474630	intron_variant,non_coding_transcript_variant	MODIFIER	processed_transcript			
rs9316500					intron_variant	DLEU1		ENST00000476738	intron_variant,non_coding_transcript_variant	MODIFIER	processed_transcript			
rs9316500					intron_variant	DLEU1		ENST00000479420	intron_variant,non_coding_transcript_variant	MODIFIER	processed_transcript			
rs9316500					intron_variant	DLEU1		ENST00000484869	intron_variant,non_coding_transcript_variant	MODIFIER	processed_transcript			
rs9316500					intron_variant	DLEU1		ENST00000485007	intron_variant,non_coding_transcript_variant	MODIFIER	processed_transcript			
rs9316500					intron_variant	DLEU1		ENST00000490577	intron_variant,non_coding_transcript_variant	MODIFIER	processed_transcript			
rs9316500					intron_variant	DLEU1		ENST00000491341	intron_variant,non_coding_transcript_variant	MODIFIER	processed_transcript			
rs9316500					intron_variant	DLEU1		ENST00000491482	intron_variant,non_coding_transcript_variant	MODIFIER	processed_transcript			
rs9316500					intron_variant	DLEU1		ENST00000491615	intron_variant,non_coding_transcript_variant	MODIFIER	processed_transcript			
rs9568868					intergenic_variant				intergenic_variant					
rs11148426					intergenic_variant				intergenic_variant					
rs4432163					intergenic_variant				intergenic_variant					
rs9598088					intron_variant	DIAPH3		ENST00000267215	intron_variant	MODIFIER	protein_coding			
rs9598088					intron_variant	DIAPH3		ENST00000377908	intron_variant	MODIFIER	protein_coding			
rs9598088					intron_variant	DIAPH3		ENST00000400319	intron_variant	MODIFIER	protein_coding			
rs9598088					intron_variant	DIAPH3		ENST00000400320	intron_variant	MODIFIER	protein_coding			
rs9598088					intron_variant	DIAPH3		ENST00000400324	intron_variant	MODIFIER	protein_coding			
rs9598088					intron_variant	DIAPH3		ENST00000400330	intron_variant	MODIFIER	protein_coding			
rs9564268					intergenic_variant				intergenic_variant					
rs1576655					intergenic_variant				intergenic_variant					
rs11620422					intergenic_variant				intergenic_variant					
rs3850067					intergenic_variant				intergenic_variant					
rs1215468					regulatory_region_variant				regulatory_region_variant					
rs9565549					intergenic_variant				intergenic_variant					
rs1475655					intergenic_variant				intergenic_variant					
rs9561488					intron_variant	GPC6		ENST00000377047	intron_variant	MODIFIER	protein_coding			
rs3783007					intron_variant	STK24		ENST00000376547	intron_variant	MODIFIER	protein_coding			
rs3783007					intron_variant	STK24		ENST00000376554	intron_variant	MODIFIER	protein_coding			
rs3783007					intron_variant	STK24		ENST00000397517	intron_variant	MODIFIER	protein_coding			
rs3783007					intron_variant	STK24		ENST00000418038	intron_variant	MODIFIER	protein_coding			
rs3783007					intron_variant	STK24		ENST00000444574	intron_variant	MODIFIER	protein_coding			
rs3783007					intron_variant	STK24		ENST00000539966	intron_variant	MODIFIER	protein_coding			
rs59904581					intergenic_variant				intergenic_variant					
rs9301365					regulatory_region_variant				regulatory_region_variant					
rs9521510					intron_variant	IRS2		ENST00000375856	intron_variant	MODIFIER	protein_coding			
rs2316118					intron_variant	TFDP1		ENST00000375370	intron_variant	MODIFIER	protein_coding			
rs2316118					intron_variant	TFDP1		ENST00000408980	intron_variant	MODIFIER	protein_coding			
rs2316118					intron_variant	TFDP1		ENST00000453989	intron_variant	MODIFIER	protein_coding			
rs2316118					intron_variant	TFDP1		ENST00000465174	intron_variant,non_coding_transcript_variant	MODIFIER	processed_transcript			
rs2316118					intron_variant	TFDP1		ENST00000475254	intron_variant,non_coding_transcript_variant	MODIFIER	processed_transcript			
rs2316118					intron_variant	TFDP1		ENST00000538138	intron_variant	MODIFIER	protein_coding			
rs2316118					intron_variant	TFDP1		ENST00000544902	intron_variant	MODIFIER	protein_coding			
rs17122782					intron_variant	SLC7A7		ENST00000285850	upstream_gene_variant	MODIFIER	protein_coding			
rs17122782					intron_variant	SLC7A7		ENST00000397528	upstream_gene_variant	MODIFIER	protein_coding			
rs17122782					intron_variant	SLC7A7		ENST00000397529	upstream_gene_variant	MODIFIER	protein_coding			
rs17122782					intron_variant	SLC7A7		ENST00000397532	upstream_gene_variant	MODIFIER	protein_coding			
rs17122782					intron_variant	AL135998.1		ENST00000399979	intron_variant	MODIFIER	protein_coding			
rs17122782					intron_variant	SLC7A7		ENST00000488800	intron_variant	MODIFIER	protein_coding			
rs17122782					intron_variant	SLC7A7		ENST00000553351	intron_variant,non_coding_transcript_variant	MODIFIER	processed_transcript			
rs17122782					intron_variant	SLC7A7		ENST00000553632	intron_variant,non_coding_transcript_variant	MODIFIER	processed_transcript			
rs17122782					intron_variant	SLC7A7		ENST00000553874	intron_variant,non_coding_transcript_variant	MODIFIER	processed_transcript			
rs17122782					intron_variant	SLC7A7		ENST00000554517	upstream_gene_variant	MODIFIER	protein_coding			
rs17122782					intron_variant	SLC7A7		ENST00000554741	intron_variant	MODIFIER	protein_coding			
rs17122782					intron_variant	SLC7A7		ENST00000554758	upstream_gene_variant	MODIFIER	protein_coding			
rs17122782					intron_variant	SLC7A7		ENST00000555251	upstream_gene_variant	MODIFIER	protein_coding			
rs17122782					intron_variant	SLC7A7		ENST00000555702	upstream_gene_variant	MODIFIER	protein_coding			
rs17122782					intron_variant	SLC7A7		ENST00000555911	upstream_gene_variant	MODIFIER	protein_coding			
rs17122782					intron_variant	SLC7A7		ENST00000555959	upstream_gene_variant	MODIFIER	protein_coding			
rs17122782					intron_variant	SLC7A7		ENST00000556287	upstream_gene_variant	MODIFIER	nonsense_mediated_decay			
rs17122782					intron_variant	SLC7A7		ENST00000557129	upstream_gene_variant	MODIFIER	protein_coding			
rs17122782					intron_variant	SLC7A7		ENST00000557629	intron_variant	MODIFIER	protein_coding			
rs12437434					missense_variant	NYNRIN		ENST00000382554	missense_variant	MODERATE	protein_coding		457.0	T/M
rs12437434					missense_variant	NYNRIN		ENST00000554505	upstream_gene_variant	MODIFIER	processed_transcript			
rs1955851					intergenic_variant				intergenic_variant					
rs8005994					intron_variant	RP11-562L8.1		ENST00000548306	intron_variant,non_coding_transcript_variant	MODIFIER	lincRNA			
rs8005994					intron_variant	RP11-562L8.1		ENST00000548665	intron_variant,non_coding_transcript_variant	MODIFIER	lincRNA			
rs8005994					intron_variant	RP11-562L8.1		ENST00000550975	intron_variant,non_coding_transcript_variant	MODIFIER	lincRNA			
rs8005994					intron_variant	RP11-562L8.1		ENST00000551040	intron_variant,non_coding_transcript_variant	MODIFIER	antisense			
rs8005994					intron_variant	RP11-562L8.1		ENST00000551110	intron_variant,non_coding_transcript_variant	MODIFIER	lincRNA			
rs3783300					intron_variant	PRKD1		ENST00000331968	intron_variant	MODIFIER	protein_coding			
rs3783300					intron_variant	PRKD1		ENST00000415220	intron_variant	MODIFIER	protein_coding			
rs3783300					intron_variant	PRKD1		ENST00000490795	upstream_gene_variant	MODIFIER	nonsense_mediated_decay			
rs12883788					downstream_gene_variant	AKAP6		ENST00000280979	downstream_gene_variant	MODIFIER	protein_coding			
rs12883788					downstream_gene_variant	AKAP6		ENST00000557272	downstream_gene_variant	MODIFIER	protein_coding			
rs10149083					intron_variant	SRP54		ENST00000216774	intron_variant	MODIFIER	protein_coding			
rs10149083					intron_variant	SRP54		ENST00000546080	intron_variant	MODIFIER	protein_coding			
rs10149083					intron_variant	SRP54		ENST00000553544	intron_variant,non_coding_transcript_variant	MODIFIER	retained_intron			
rs10149083					intron_variant	SRP54		ENST00000554803	intron_variant	MODIFIER	protein_coding			
rs10149083					intron_variant	RP11-85K15.2		ENST00000554945	upstream_gene_variant	MODIFIER	antisense			
rs10149083					intron_variant	RP11-85K15.2		ENST00000555015	upstream_gene_variant	MODIFIER	antisense			
rs10149083					intron_variant	SRP54		ENST00000555317	intron_variant,non_coding_transcript_variant	MODIFIER	retained_intron			
rs10149083					intron_variant	SRP54		ENST00000555557	intron_variant	MODIFIER	protein_coding			
rs10149083					intron_variant	SRP54		ENST00000555746	intron_variant	MODIFIER	protein_coding			
rs10149083					intron_variant	RP11-85K15.2		ENST00000556355	upstream_gene_variant	MODIFIER	antisense			
rs10149083					intron_variant	SRP54		ENST00000556380	intron_variant,NMD_transcript_variant	MODIFIER	nonsense_mediated_decay			
rs10149083					intron_variant	RP11-85K15.2		ENST00000556705	upstream_gene_variant	MODIFIER	retained_intron			
rs10149083					intron_variant	SRP54		ENST00000556994	intron_variant	MODIFIER	protein_coding			
rs4901812					intergenic_variant				intergenic_variant					
rs12896030					intergenic_variant				intergenic_variant					
rs72681869					missense_variant	SOS2		ENST00000216373	missense_variant	MODERATE	protein_coding		191.0	P/L
rs72681869					missense_variant	SOS2		ENST00000216373	missense_variant	MODERATE	protein_coding		191.0	P/R
rs72681869					missense_variant	SOS2		ENST00000216373	missense_variant	MODERATE	protein_coding		191.0	P/H
rs72681869					missense_variant	SOS2		ENST00000543680	missense_variant	MODERATE	protein_coding		191.0	P/L
rs72681869					missense_variant	SOS2		ENST00000543680	missense_variant	MODERATE	protein_coding		191.0	P/R
rs72681869					missense_variant	SOS2		ENST00000543680	missense_variant	MODERATE	protein_coding		191.0	P/H
rs72681869					missense_variant	SOS2		ENST00000556469	intron_variant,non_coding_transcript_variant	MODIFIER	processed_transcript			
rs7147757					intron_variant	HMGB1P14		ENST00000317199	downstream_gene_variant	MODIFIER	processed_pseudogene			
rs7147757					intron_variant	RP11-349A22.5		ENST00000551597	intron_variant,non_coding_transcript_variant	MODIFIER	antisense			
rs7147757					intron_variant	RP11-349A22.5		ENST00000553657	intron_variant,non_coding_transcript_variant	MODIFIER	antisense			
rs7147757					intron_variant	C14orf37		ENST00000554218	intron_variant,non_coding_transcript_variant	MODIFIER	processed_transcript			
rs7147757					intron_variant	RP11-349A22.5		ENST00000554360	intron_variant,non_coding_transcript_variant	MODIFIER	antisense			
rs7147757					intron_variant	RP11-349A22.5		ENST00000554378	intron_variant,non_coding_transcript_variant	MODIFIER	antisense			
rs7147757					intron_variant	RP11-349A22.5		ENST00000555037	intron_variant,non_coding_transcript_variant	MODIFIER	antisense			
rs7147757					intron_variant	RP11-349A22.5		ENST00000555275	intron_variant,non_coding_transcript_variant	MODIFIER	antisense			
rs7147757					intron_variant	RP11-349A22.5		ENST00000555707	intron_variant,non_coding_transcript_variant	MODIFIER	antisense			
rs7147757					intron_variant	RP11-349A22.5		ENST00000556002	intron_variant,non_coding_transcript_variant	MODIFIER	antisense			
rs7147757					intron_variant	RP11-349A22.5		ENST00000556400	intron_variant,non_coding_transcript_variant	MODIFIER	antisense			
rs7147757					intron_variant	RP11-349A22.5		ENST00000557412	intron_variant,non_coding_transcript_variant	MODIFIER	antisense			
rs7147757					intron_variant	HMGB1P14		ENST00000557424	downstream_gene_variant	MODIFIER	processed_pseudogene			
rs7147757					intron_variant	RP11-349A22.5		ENST00000557660	intron_variant,non_coding_transcript_variant	MODIFIER	antisense			
rs7147757					intron_variant	AL132989.1		ENST00000598233	upstream_gene_variant	MODIFIER	protein_coding			
rs3742636					missense_variant	SIX4		ENST00000216513	missense_variant	MODERATE	protein_coding		605.0	H/P
rs3742636					missense_variant	SIX4		ENST00000554079	3_prime_UTR_variant,NMD_transcript_variant	MODIFIER	nonsense_mediated_decay			
rs10130013					intron_variant	DCAF5		ENST00000341516	intron_variant	MODIFIER	protein_coding			
rs10130013					intron_variant	DCAF5		ENST00000389997	intron_variant	MODIFIER	protein_coding			
rs10130013					intron_variant	DCAF5		ENST00000553293	intron_variant,non_coding_transcript_variant	MODIFIER	processed_transcript			
rs10130013					intron_variant	DCAF5		ENST00000554215	intron_variant	MODIFIER	protein_coding			
rs10130013					intron_variant	DCAF5		ENST00000554681	intron_variant	MODIFIER	protein_coding			
rs10130013					intron_variant	DCAF5		ENST00000556111	intron_variant,NMD_transcript_variant	MODIFIER	nonsense_mediated_decay			
rs10130013					intron_variant	DCAF5		ENST00000556847	intron_variant	MODIFIER	protein_coding			
rs10130013					intron_variant	DCAF5		ENST00000557386	intron_variant	MODIFIER	protein_coding			
rs72802365					upstream_gene_variant	CTRB2		ENST00000303037	upstream_gene_variant	MODIFIER	protein_coding			
rs72802365					upstream_gene_variant	CTRB2		ENST00000481611	upstream_gene_variant	MODIFIER	retained_intron			
rs72798545					3_prime_UTR_variant	MON1B		ENST00000248248	3_prime_UTR_variant	MODIFIER	protein_coding			
rs72798545					3_prime_UTR_variant	MON1B		ENST00000320859	downstream_gene_variant	MODIFIER	protein_coding			
rs72798545					3_prime_UTR_variant	SYCE1L		ENST00000378644	upstream_gene_variant	MODIFIER	protein_coding			
rs72798545					3_prime_UTR_variant	MON1B		ENST00000439557	downstream_gene_variant	MODIFIER	protein_coding			
rs72798545					3_prime_UTR_variant	MON1B		ENST00000545553	3_prime_UTR_variant	MODIFIER	protein_coding			
rs72798545					3_prime_UTR_variant	MON1B		ENST00000564006	downstream_gene_variant	MODIFIER	nonsense_mediated_decay			
rs72798545					3_prime_UTR_variant	MON1B		ENST00000566455	non_coding_transcript_exon_variant	MODIFIER	retained_intron			
rs72798545					3_prime_UTR_variant	MON1B		ENST00000566963	downstream_gene_variant	MODIFIER	retained_intron			
rs72798545					3_prime_UTR_variant	MON1B		ENST00000567291	downstream_gene_variant	MODIFIER	protein_coding			
rs72798545					3_prime_UTR_variant	RP11-538I12.2		ENST00000569032	downstream_gene_variant	MODIFIER	antisense			
rs72798545					3_prime_UTR_variant	MON1B		ENST00000569610	downstream_gene_variant	MODIFIER	protein_coding			
rs2925979					intron_variant	CMIP		ENST00000537098	intron_variant	MODIFIER	protein_coding			
rs2925979					intron_variant	CMIP		ENST00000539778	intron_variant	MODIFIER	protein_coding			
rs7189295					intron_variant	CMIP		ENST00000537098	intron_variant	MODIFIER	protein_coding			
rs7189295					intron_variant	CMIP		ENST00000539778	intron_variant	MODIFIER	protein_coding			
rs4782568					intron_variant	OSGIN1		ENST00000343939	upstream_gene_variant	MODIFIER	protein_coding			
rs4782568					intron_variant	OSGIN1		ENST00000361711	upstream_gene_variant	MODIFIER	protein_coding			
rs4782568					intron_variant	OSGIN1		ENST00000561552	upstream_gene_variant	MODIFIER	protein_coding			
rs4782568					intron_variant	RP11-505K9.4		ENST00000566667	intron_variant,non_coding_transcript_variant	MODIFIER	processed_transcript			
rs2303202					splice_polypyrimidine_tract_variant	GSE1		ENST00000253458	splice_polypyrimidine_tract_variant,intron_variant	LOW	protein_coding			
rs2303202					splice_polypyrimidine_tract_variant	GSE1		ENST00000393243	splice_polypyrimidine_tract_variant,intron_variant	LOW	protein_coding			
rs2303202					splice_polypyrimidine_tract_variant	GSE1		ENST00000405402	splice_polypyrimidine_tract_variant,intron_variant	LOW	protein_coding			
rs2303202					splice_polypyrimidine_tract_variant	GSE1		ENST00000412692	splice_polypyrimidine_tract_variant,intron_variant	LOW	protein_coding			
rs2303202					splice_polypyrimidine_tract_variant	GSE1		ENST00000438180	splice_polypyrimidine_tract_variant,intron_variant	LOW	protein_coding			
rs2303202					splice_polypyrimidine_tract_variant	GSE1		ENST00000469381	splice_polypyrimidine_tract_variant,intron_variant,non_coding_transcript_variant	LOW	retained_intron			
rs2303202					splice_polypyrimidine_tract_variant	GSE1		ENST00000471070	upstream_gene_variant	MODIFIER	processed_transcript			
rs2303202					splice_polypyrimidine_tract_variant	GSE1		ENST00000495192	downstream_gene_variant	MODIFIER	retained_intron			
rs2303202					splice_polypyrimidine_tract_variant	GSE1		ENST00000496345	non_coding_transcript_exon_variant	MODIFIER	retained_intron			
rs2303202					splice_polypyrimidine_tract_variant	GSE1		ENST00000562659	downstream_gene_variant	MODIFIER	retained_intron			
rs35825770					intergenic_variant				intergenic_variant					
rs9937296					intron_variant	ZFPM1		ENST00000319555	intron_variant	MODIFIER	protein_coding			
rs9937296					intron_variant	ZFPM1		ENST00000562417	intron_variant,non_coding_transcript_variant	MODIFIER	retained_intron			
rs9937296					intron_variant	ZFPM1		ENST00000562437	intron_variant,non_coding_transcript_variant	MODIFIER	processed_transcript			
rs9937296					intron_variant	ZFPM1		ENST00000563351	intron_variant,non_coding_transcript_variant	MODIFIER	processed_transcript			
rs9937296					intron_variant	ZFPM1		ENST00000569086	intron_variant,non_coding_transcript_variant	MODIFIER	processed_transcript			
rs17471624					downstream_gene_variant	RPL13		ENST00000311528	downstream_gene_variant	MODIFIER	protein_coding			
rs17471624					downstream_gene_variant	SNORD68		ENST00000363214	downstream_gene_variant	MODIFIER	snoRNA			
rs17471624					downstream_gene_variant	RPL13		ENST00000393099	downstream_gene_variant	MODIFIER	protein_coding			
rs17471624					downstream_gene_variant	RPL13		ENST00000399461	downstream_gene_variant	MODIFIER	retained_intron			
rs17471624					downstream_gene_variant	RPL13		ENST00000452368	downstream_gene_variant	MODIFIER	protein_coding			
rs17471624					downstream_gene_variant	RPL13		ENST00000467736	downstream_gene_variant	MODIFIER	protein_coding			
rs17471624					downstream_gene_variant	RPL13		ENST00000472354	downstream_gene_variant	MODIFIER	protein_coding			
rs17471624					downstream_gene_variant	RPL13		ENST00000484610	downstream_gene_variant	MODIFIER	retained_intron			
rs17471624					downstream_gene_variant	RPL13		ENST00000487034	downstream_gene_variant	MODIFIER	retained_intron			
rs17471624					downstream_gene_variant	RPL13		ENST00000491523	downstream_gene_variant	MODIFIER	retained_intron			
rs17471624					downstream_gene_variant	RPL13		ENST00000562879	downstream_gene_variant	MODIFIER	nonsense_mediated_decay			
rs17471624					downstream_gene_variant	RPL13		ENST00000563270	downstream_gene_variant	MODIFIER	protein_coding			
rs17471624					downstream_gene_variant	RPL13		ENST00000563749	downstream_gene_variant	MODIFIER	retained_intron			
rs17471624					downstream_gene_variant	RPL13		ENST00000565571	downstream_gene_variant	MODIFIER	retained_intron			
rs17471624					downstream_gene_variant	RPL13		ENST00000567815	downstream_gene_variant	MODIFIER	protein_coding			
rs17471624					downstream_gene_variant	RPL13		ENST00000570149	downstream_gene_variant	MODIFIER	retained_intron			
rs28592184					intron_variant	DPEP1		ENST00000421184	intron_variant	MODIFIER	protein_coding			
rs28592184					intron_variant	DPEP1		ENST00000564281	intron_variant,non_coding_transcript_variant	MODIFIER	retained_intron			
rs28592184					intron_variant	DPEP1		ENST00000565249	intron_variant,non_coding_transcript_variant	MODIFIER	retained_intron			
rs28592184					intron_variant	DPEP1		ENST00000568281	upstream_gene_variant	MODIFIER	protein_coding			
rs28592184					intron_variant	DPEP1		ENST00000570029	intron_variant	MODIFIER	protein_coding			
rs56283750					intron_variant	ZNF276		ENST00000289816	upstream_gene_variant	MODIFIER	protein_coding			
rs56283750					intron_variant	VPS9D1		ENST00000389386	intron_variant	MODIFIER	protein_coding			
rs56283750					intron_variant	ZNF276		ENST00000443381	upstream_gene_variant	MODIFIER	protein_coding			
rs56283750					intron_variant	ZNF276		ENST00000446326	upstream_gene_variant	MODIFIER	protein_coding			
rs56283750					intron_variant	ZNF276		ENST00000561536	upstream_gene_variant	MODIFIER	retained_intron			
rs56283750					intron_variant	VPS9D1		ENST00000561976	upstream_gene_variant	MODIFIER	protein_coding			
rs56283750					intron_variant	VPS9D1-AS1		ENST00000562298	downstream_gene_variant	MODIFIER	antisense			
rs56283750					intron_variant	ZNF276		ENST00000562530	upstream_gene_variant	MODIFIER	nonsense_mediated_decay			
rs56283750					intron_variant	VPS9D1-AS1		ENST00000562866	downstream_gene_variant	MODIFIER	antisense			
rs56283750					intron_variant	ZNF276		ENST00000563541	upstream_gene_variant	MODIFIER	nonsense_mediated_decay			
rs56283750					intron_variant	VPS9D1		ENST00000563798	intron_variant,NMD_transcript_variant	MODIFIER	nonsense_mediated_decay			
rs56283750					intron_variant	ZNF276		ENST00000563983	upstream_gene_variant	MODIFIER	retained_intron			
rs56283750					intron_variant	ZNF276		ENST00000568064	upstream_gene_variant	MODIFIER	protein_coding			
rs56283750					intron_variant	ZNF276		ENST00000568295	upstream_gene_variant	MODIFIER	nonsense_mediated_decay			
rs56283750					intron_variant	ZNF276		ENST00000569426	upstream_gene_variant	MODIFIER	retained_intron			
rs36027158					non_coding_transcript_exon_variant	VPS53		ENST00000291074	intron_variant	MODIFIER	protein_coding			
rs36027158					non_coding_transcript_exon_variant	VPS53		ENST00000389040	intron_variant,NMD_transcript_variant	MODIFIER	nonsense_mediated_decay			
rs36027158					non_coding_transcript_exon_variant	VPS53		ENST00000401468	intron_variant	MODIFIER	protein_coding			
rs36027158					non_coding_transcript_exon_variant	VPS53		ENST00000437048	intron_variant	MODIFIER	protein_coding			
rs36027158					non_coding_transcript_exon_variant	VPS53		ENST00000446250	intron_variant	MODIFIER	protein_coding			
rs36027158					non_coding_transcript_exon_variant	VPS53		ENST00000570650	intron_variant	MODIFIER	protein_coding			
rs36027158					non_coding_transcript_exon_variant	VPS53		ENST00000571805	intron_variant	MODIFIER	protein_coding			
rs36027158					non_coding_transcript_exon_variant	VPS53		ENST00000573028	intron_variant,NMD_transcript_variant	MODIFIER	nonsense_mediated_decay			
rs36027158					non_coding_transcript_exon_variant	VPS53		ENST00000574029	intron_variant	MODIFIER	protein_coding			
rs36027158					non_coding_transcript_exon_variant	RP11-411G7.2		ENST00000574104	non_coding_transcript_exon_variant	MODIFIER	processed_pseudogene			
rs36027158					non_coding_transcript_exon_variant	VPS53		ENST00000576149	intron_variant,non_coding_transcript_variant	MODIFIER	processed_transcript			
rs9893867					intron_variant	SLC43A2		ENST00000301335	intron_variant	MODIFIER	protein_coding			
rs9893867					intron_variant	SLC43A2		ENST00000382147	intron_variant	MODIFIER	protein_coding			
rs9893867					intron_variant	SLC43A2		ENST00000412517	upstream_gene_variant	MODIFIER	protein_coding			
rs9893867					intron_variant	RN7SL105P		ENST00000475661	upstream_gene_variant	MODIFIER	misc_RNA			
rs9893867					intron_variant	SLC43A2		ENST00000571376	intron_variant,NMD_transcript_variant	MODIFIER	nonsense_mediated_decay			
rs9893867					intron_variant	SLC43A2		ENST00000571650	intron_variant	MODIFIER	protein_coding			
rs9893867					intron_variant	SLC43A2		ENST00000572135	intron_variant,non_coding_transcript_variant	MODIFIER	retained_intron			
rs9893867					intron_variant	SLC43A2		ENST00000572801	intron_variant,NMD_transcript_variant	MODIFIER	nonsense_mediated_decay			
rs9893867					intron_variant	SLC43A2		ENST00000574274	upstream_gene_variant	MODIFIER	processed_transcript			
rs9893867					intron_variant	SLC43A2		ENST00000574743	intron_variant,non_coding_transcript_variant	MODIFIER	retained_intron			
rs9893867					intron_variant	SLC43A2		ENST00000576721	upstream_gene_variant	MODIFIER	nonsense_mediated_decay			
rs59278436					non_coding_transcript_exon_variant	METTL16		ENST00000381977	downstream_gene_variant	MODIFIER	processed_transcript			
rs59278436					non_coding_transcript_exon_variant	METTL16		ENST00000571332	non_coding_transcript_exon_variant	MODIFIER	processed_transcript			
rs59278436					non_coding_transcript_exon_variant	AC006435.1		ENST00000609667	downstream_gene_variant	MODIFIER	protein_coding			
rs1043246					missense_variant	ATP2A3		ENST00000309890	3_prime_UTR_variant	MODIFIER	protein_coding			
rs1043246					missense_variant	ATP2A3		ENST00000352011	downstream_gene_variant	MODIFIER	protein_coding			
rs1043246					missense_variant	ATP2A3		ENST00000359983	downstream_gene_variant	MODIFIER	protein_coding			
rs1043246					missense_variant	ATP2A3		ENST00000397035	3_prime_UTR_variant	MODIFIER	protein_coding			
rs1043246					missense_variant	ATP2A3		ENST00000397039	missense_variant	MODERATE	protein_coding		216.0	G/R
rs1043246					missense_variant	ATP2A3		ENST00000397041	3_prime_UTR_variant	MODIFIER	protein_coding			
rs1043246					missense_variant	ATP2A3		ENST00000397043	downstream_gene_variant	MODIFIER	protein_coding			
rs1043246					missense_variant	ATP2A3		ENST00000570773	downstream_gene_variant	MODIFIER	retained_intron			
rs1043246					missense_variant	ATP2A3		ENST00000570845	downstream_gene_variant	MODIFIER	protein_coding			
rs1043246					missense_variant	ATP2A3		ENST00000571245	downstream_gene_variant	MODIFIER	retained_intron			
rs1043246					missense_variant	ATP2A3		ENST00000572116	downstream_gene_variant	MODIFIER	protein_coding			
rs1043246					missense_variant	ATP2A3		ENST00000574999	downstream_gene_variant	MODIFIER	retained_intron			
rs1043246					missense_variant	ATP2A3		ENST00000576957	downstream_gene_variant	MODIFIER	retained_intron			
rs8082265					intron_variant	ATP2A3		ENST00000309890	intron_variant	MODIFIER	protein_coding			
rs8082265					intron_variant	ATP2A3		ENST00000352011	intron_variant	MODIFIER	protein_coding			
rs8082265					intron_variant	ATP2A3		ENST00000359983	intron_variant	MODIFIER	protein_coding			
rs8082265					intron_variant	ATP2A3		ENST00000397035	intron_variant	MODIFIER	protein_coding			
rs8082265					intron_variant	ATP2A3		ENST00000397039	intron_variant	MODIFIER	protein_coding			
rs8082265					intron_variant	ATP2A3		ENST00000397041	intron_variant	MODIFIER	protein_coding			
rs8082265					intron_variant	ATP2A3		ENST00000397043	intron_variant	MODIFIER	protein_coding			
rs8082265					intron_variant	ATP2A3		ENST00000570773	upstream_gene_variant	MODIFIER	retained_intron			
rs8082265					intron_variant	ATP2A3		ENST00000572176	intron_variant,non_coding_transcript_variant	MODIFIER	retained_intron			
rs8082265					intron_variant	ATP2A3		ENST00000576957	intron_variant,non_coding_transcript_variant	MODIFIER	retained_intron			
rs72827349					intron_variant	ZZEF1		ENST00000381638	intron_variant	MODIFIER	protein_coding			
rs72827349					intron_variant	ZZEF1		ENST00000570365	upstream_gene_variant	MODIFIER	retained_intron			
rs72827349					intron_variant	ZZEF1		ENST00000572699	upstream_gene_variant	MODIFIER	nonsense_mediated_decay			
rs72827349					intron_variant	ZZEF1		ENST00000574474	intron_variant,non_coding_transcript_variant	MODIFIER	processed_transcript			
rs7224685					intron_variant	ZZEF1		ENST00000381638	intron_variant	MODIFIER	protein_coding			
rs7224685					intron_variant	snoU13		ENST00000459263	upstream_gene_variant	MODIFIER	snoRNA			
rs7224685					intron_variant	ZZEF1		ENST00000574474	intron_variant,non_coding_transcript_variant	MODIFIER	processed_transcript			
rs3966782					upstream_gene_variant	CHRNE		ENST00000293780	upstream_gene_variant	MODIFIER	protein_coding			
rs3966782					upstream_gene_variant	C17orf107		ENST00000381365	downstream_gene_variant	MODIFIER	protein_coding			
rs3966782					upstream_gene_variant	C17orf107		ENST00000521575	downstream_gene_variant	MODIFIER	protein_coding			
rs3966782					upstream_gene_variant	CHRNE		ENST00000572438	upstream_gene_variant	MODIFIER	retained_intron			
rs3966782					upstream_gene_variant	CHRNE		ENST00000575637	upstream_gene_variant	MODIFIER	processed_transcript			
rs9900150					intron_variant	MED31		ENST00000225728	intron_variant	MODIFIER	protein_coding			
rs9900150					intron_variant	C17orf100		ENST00000391428	upstream_gene_variant	MODIFIER	protein_coding			
rs9900150					intron_variant	AC004706.1		ENST00000542475	upstream_gene_variant	MODIFIER	pseudogene			
rs9900150					intron_variant	MED31		ENST00000574128	intron_variant	MODIFIER	protein_coding			
rs9900150					intron_variant	MED31		ENST00000575197	intron_variant	MODIFIER	protein_coding			
rs9900150					intron_variant	MED31		ENST00000575519	downstream_gene_variant	MODIFIER	retained_intron			
rs9900150					intron_variant	CTC-281F24.1		ENST00000576138	downstream_gene_variant	MODIFIER	antisense			
rs113748381					intergenic_variant				intergenic_variant					
rs727428					downstream_gene_variant	SHBG		ENST00000340624	downstream_gene_variant	MODIFIER	protein_coding			
rs727428					downstream_gene_variant	SHBG		ENST00000380450	downstream_gene_variant	MODIFIER	protein_coding			
rs727428					downstream_gene_variant	SHBG		ENST00000416273	downstream_gene_variant	MODIFIER	protein_coding			
rs727428					downstream_gene_variant	SHBG		ENST00000441599	downstream_gene_variant	MODIFIER	protein_coding			
rs727428					downstream_gene_variant	SHBG		ENST00000570353	downstream_gene_variant	MODIFIER	nonsense_mediated_decay			
rs727428					downstream_gene_variant	SHBG		ENST00000570527	downstream_gene_variant	MODIFIER	nonsense_mediated_decay			
rs727428					downstream_gene_variant	SHBG		ENST00000570547	downstream_gene_variant	MODIFIER	protein_coding			
rs727428					downstream_gene_variant	SHBG		ENST00000571153	downstream_gene_variant	MODIFIER	protein_coding			
rs727428					downstream_gene_variant	SHBG		ENST00000572182	downstream_gene_variant	MODIFIER	protein_coding			
rs727428					downstream_gene_variant	SHBG		ENST00000572262	downstream_gene_variant	MODIFIER	protein_coding			
rs727428					downstream_gene_variant	SHBG		ENST00000574539	downstream_gene_variant	MODIFIER	protein_coding			
rs727428					downstream_gene_variant	SHBG		ENST00000575314	downstream_gene_variant	MODIFIER	protein_coding			
rs727428					downstream_gene_variant	SHBG		ENST00000575618	downstream_gene_variant	MODIFIER	protein_coding			
rs727428					downstream_gene_variant	SHBG		ENST00000575729	downstream_gene_variant	MODIFIER	protein_coding			
rs727428					downstream_gene_variant	SHBG		ENST00000575903	downstream_gene_variant	MODIFIER	protein_coding			
rs727428					downstream_gene_variant	SHBG		ENST00000576152	downstream_gene_variant	MODIFIER	protein_coding			
rs727428					downstream_gene_variant	SHBG		ENST00000576478	downstream_gene_variant	MODIFIER	protein_coding			
rs727428					downstream_gene_variant	SHBG		ENST00000576728	downstream_gene_variant	MODIFIER	protein_coding			
rs727428					downstream_gene_variant	SHBG		ENST00000576747	downstream_gene_variant	MODIFIER	retained_intron			
rs727428					downstream_gene_variant	SHBG		ENST00000576830	downstream_gene_variant	MODIFIER	protein_coding			
rs17676097					intron_variant	GLP2R		ENST00000262441	intron_variant	MODIFIER	protein_coding			
rs17676097					intron_variant	GLP2R		ENST00000574745	intron_variant	MODIFIER	protein_coding			
rs12453750					intergenic_variant				intergenic_variant					
rs56745821					intron_variant	RP11-524F11.2		ENST00000583662	intron_variant,non_coding_transcript_variant	MODIFIER	antisense			
rs1108646					intron_variant	TOM1L2		ENST00000318094	intron_variant	MODIFIER	protein_coding			
rs1108646					intron_variant	TOM1L2		ENST00000379504	intron_variant	MODIFIER	protein_coding			
rs1108646					intron_variant	TOM1L2		ENST00000395739	intron_variant	MODIFIER	protein_coding			
rs1108646					intron_variant	TOM1L2		ENST00000478943	intron_variant	MODIFIER	protein_coding			
rs1108646					intron_variant	TOM1L2		ENST00000486413	intron_variant,non_coding_transcript_variant	MODIFIER	retained_intron			
rs1108646					intron_variant	TOM1L2		ENST00000535933	intron_variant	MODIFIER	protein_coding			
rs1108646					intron_variant	TOM1L2		ENST00000540946	intron_variant	MODIFIER	protein_coding			
rs1108646					intron_variant	TOM1L2		ENST00000542206	intron_variant	MODIFIER	protein_coding			
rs1108646					intron_variant	TOM1L2		ENST00000577794	intron_variant,non_coding_transcript_variant	MODIFIER	retained_intron			
rs1108646					intron_variant	TOM1L2		ENST00000581396	intron_variant	MODIFIER	protein_coding			
rs7213608					upstream_gene_variant	KCNJ12		ENST00000609903	upstream_gene_variant	MODIFIER	protein_coding			
rs7213608					upstream_gene_variant	KCNJ12		ENST00000583088	upstream_gene_variant	MODIFIER	protein_coding			
rs797971					intergenic_variant				intergenic_variant					
rs1048317					3_prime_UTR_variant	NF1		ENST00000356175	3_prime_UTR_variant	MODIFIER	protein_coding			
rs1048317					3_prime_UTR_variant	NF1		ENST00000358273	3_prime_UTR_variant	MODIFIER	protein_coding			
rs1048317					3_prime_UTR_variant	NF1		ENST00000422121	upstream_gene_variant	MODIFIER	nonsense_mediated_decay			
rs1048317					3_prime_UTR_variant	NF1		ENST00000444181	intron_variant	MODIFIER	protein_coding			
rs1048317					3_prime_UTR_variant	NF1		ENST00000456735	downstream_gene_variant	MODIFIER	protein_coding			
rs1048317					3_prime_UTR_variant	NF1		ENST00000471572	intron_variant,NMD_transcript_variant	MODIFIER	nonsense_mediated_decay			
rs1048317					3_prime_UTR_variant	NF1		ENST00000488981	upstream_gene_variant	MODIFIER	processed_transcript			
rs1048317					3_prime_UTR_variant	NF1		ENST00000498569	upstream_gene_variant	MODIFIER	processed_transcript			
rs1048317					3_prime_UTR_variant	NF1		ENST00000579081	downstream_gene_variant	MODIFIER	nonsense_mediated_decay			
rs2306593					intron_variant	MYO19		ENST00000561703	intron_variant	MODIFIER	protein_coding			
rs2306593					intron_variant	MYO19		ENST00000564244	intron_variant,NMD_transcript_variant	MODIFIER	nonsense_mediated_decay			
rs2306593					intron_variant	MYO19		ENST00000566688	downstream_gene_variant	MODIFIER	protein_coding			
rs2306593					intron_variant	MYO19		ENST00000268852	intron_variant	MODIFIER	protein_coding			
rs2306593					intron_variant	MYO19		ENST00000431794	intron_variant	MODIFIER	protein_coding			
rs2306593					intron_variant	MYO19		ENST00000544606	downstream_gene_variant	MODIFIER	protein_coding			
rs2306593					intron_variant	MYO19		ENST00000586007	downstream_gene_variant	MODIFIER	protein_coding			
rs2306593					intron_variant	MYO19		ENST00000586908	intron_variant,NMD_transcript_variant	MODIFIER	nonsense_mediated_decay			
rs2306593					intron_variant	MYO19		ENST00000587389	intron_variant,non_coding_transcript_variant	MODIFIER	retained_intron			
rs2306593					intron_variant	MYO19		ENST00000588377	upstream_gene_variant	MODIFIER	retained_intron			
rs2306593					intron_variant	MYO19		ENST00000588471	intron_variant,NMD_transcript_variant	MODIFIER	nonsense_mediated_decay			
rs2306593					intron_variant	MYO19		ENST00000588727	upstream_gene_variant	MODIFIER	retained_intron			
rs2306593					intron_variant	MYO19		ENST00000590585	downstream_gene_variant	MODIFIER	retained_intron			
rs2306593					intron_variant	MYO19		ENST00000591017	intron_variant,NMD_transcript_variant	MODIFIER	nonsense_mediated_decay			
rs2306593					intron_variant	MYO19		ENST00000591477	upstream_gene_variant	MODIFIER	retained_intron			
rs2306593					intron_variant	MYO19		ENST00000591794	intron_variant,NMD_transcript_variant	MODIFIER	nonsense_mediated_decay			
rs2306593					intron_variant	MYO19		ENST00000592735	upstream_gene_variant	MODIFIER	retained_intron			
rs3094503					intron_variant	RP11-697E22.2		ENST00000586163	intron_variant,non_coding_transcript_variant	MODIFIER	antisense			
rs3094503					intron_variant	RP11-697E22.2		ENST00000586950	intron_variant,non_coding_transcript_variant	MODIFIER	antisense			
rs3094515					intron_variant	HNF1B		ENST00000225893	downstream_gene_variant	MODIFIER	protein_coding			
rs3094515					intron_variant	HNF1B		ENST00000427275	downstream_gene_variant	MODIFIER	protein_coding			
rs3094515					intron_variant	HNF1B		ENST00000560016	downstream_gene_variant	MODIFIER	protein_coding			
rs3094515					intron_variant	HNF1B		ENST00000561193	downstream_gene_variant	MODIFIER	protein_coding			
rs3094515					intron_variant	RP11-697E22.2		ENST00000586163	intron_variant,non_coding_transcript_variant	MODIFIER	antisense			
rs3110641					intron_variant	HNF1B		ENST00000225893	intron_variant	MODIFIER	protein_coding			
rs3110641					intron_variant	HNF1B		ENST00000427275	intron_variant	MODIFIER	protein_coding			
rs3110641					intron_variant	HNF1B		ENST00000560016	intron_variant	MODIFIER	protein_coding			
rs3110641					intron_variant	HNF1B		ENST00000561193	intron_variant	MODIFIER	protein_coding			
rs3110641					intron_variant	RP11-697E22.2		ENST00000586163	downstream_gene_variant	MODIFIER	antisense			
rs4635384					intron_variant	HNF1B		ENST00000225893	intron_variant	MODIFIER	protein_coding			
rs4635384					intron_variant	HNF1B		ENST00000427275	intron_variant	MODIFIER	protein_coding			
rs4635384					intron_variant	HNF1B		ENST00000560016	intron_variant	MODIFIER	protein_coding			
rs4635384					intron_variant	HNF1B		ENST00000561193	intron_variant	MODIFIER	protein_coding			
rs12943407					intron_variant	HNF1B		ENST00000225893	intron_variant	MODIFIER	protein_coding			
rs12943407					intron_variant	HNF1B		ENST00000427275	intron_variant	MODIFIER	protein_coding			
rs12943407					intron_variant	HNF1B		ENST00000459669	downstream_gene_variant	MODIFIER	retained_intron			
rs12943407					intron_variant	HNF1B		ENST00000560016	intron_variant	MODIFIER	protein_coding			
rs12943407					intron_variant	HNF1B		ENST00000561193	intron_variant	MODIFIER	protein_coding			
rs11651052					intron_variant	HNF1B		ENST00000225893	intron_variant	MODIFIER	protein_coding			
rs11651052					intron_variant	HNF1B		ENST00000427275	intron_variant	MODIFIER	protein_coding			
rs11651052					intron_variant	RP11-115K3.1		ENST00000558143	upstream_gene_variant	MODIFIER	antisense			
rs11651052					intron_variant	HNF1B		ENST00000560016	intron_variant	MODIFIER	protein_coding			
rs11651052					intron_variant	HNF1B		ENST00000561193	intron_variant	MODIFIER	protein_coding			
rs11078916					intergenic_variant				intergenic_variant					
rs676387					non_coding_transcript_exon_variant	HSD17B1		ENST00000225929	intron_variant	MODIFIER	protein_coding			
rs676387					non_coding_transcript_exon_variant	HSD17B1		ENST00000585807	intron_variant	MODIFIER	protein_coding			
rs676387					non_coding_transcript_exon_variant	HSD17B1		ENST00000587280	downstream_gene_variant	MODIFIER	retained_intron			
rs676387					non_coding_transcript_exon_variant	HSD17B1		ENST00000590299	intron_variant,NMD_transcript_variant	MODIFIER	nonsense_mediated_decay			
rs676387					non_coding_transcript_exon_variant	RP11-400F19.6		ENST00000590513	non_coding_transcript_exon_variant	MODIFIER	antisense			
rs676387					non_coding_transcript_exon_variant	HSD17B1		ENST00000593215	downstream_gene_variant	MODIFIER	retained_intron			
rs56799554					intron_variant	LINC00910		ENST00000341011	intron_variant,non_coding_transcript_variant	MODIFIER	lincRNA			
rs56799554					intron_variant	LINC00910		ENST00000587874	intron_variant,non_coding_transcript_variant	MODIFIER	lincRNA			
rs56799554					intron_variant	LINC00910		ENST00000588654	downstream_gene_variant	MODIFIER	lincRNA			
rs56799554					intron_variant	LINC00910		ENST00000592094	intron_variant,non_coding_transcript_variant	MODIFIER	lincRNA			
rs56799554					intron_variant	LINC00910		ENST00000592135	intron_variant,non_coding_transcript_variant	MODIFIER	lincRNA			
rs11653796					intron_variant	ACBD4		ENST00000321854	intron_variant	MODIFIER	protein_coding			
rs11653796					intron_variant	ACBD4		ENST00000376955	intron_variant	MODIFIER	protein_coding			
rs11653796					intron_variant	ACBD4		ENST00000398322	intron_variant	MODIFIER	protein_coding			
rs11653796					intron_variant	ACBD4		ENST00000431281	intron_variant	MODIFIER	protein_coding			
rs11653796					intron_variant	ACBD4		ENST00000585553	intron_variant,non_coding_transcript_variant	MODIFIER	retained_intron			
rs11653796					intron_variant	ACBD4		ENST00000586346	intron_variant	MODIFIER	protein_coding			
rs11653796					intron_variant	ACBD4		ENST00000587111	downstream_gene_variant	MODIFIER	processed_transcript			
rs11653796					intron_variant	ACBD4		ENST00000589752	downstream_gene_variant	MODIFIER	retained_intron			
rs11653796					intron_variant	ACBD4		ENST00000589798	downstream_gene_variant	MODIFIER	nonsense_mediated_decay			
rs11653796					intron_variant	ACBD4		ENST00000590289	downstream_gene_variant	MODIFIER	retained_intron			
rs11653796					intron_variant	ACBD4		ENST00000591136	downstream_gene_variant	MODIFIER	processed_transcript			
rs11653796					intron_variant	ACBD4		ENST00000591859	intron_variant	MODIFIER	protein_coding			
rs11653796					intron_variant	ACBD4		ENST00000592162	intron_variant	MODIFIER	protein_coding			
rs4792837					intron_variant	KANSL1		ENST00000574590	intron_variant	MODIFIER	protein_coding			
rs4792837					intron_variant	KANSL1		ENST00000574655	intron_variant	MODIFIER	protein_coding			
rs4792837					intron_variant	KANSL1		ENST00000576739	intron_variant	MODIFIER	protein_coding			
rs4792837					intergenic_variant				intergenic_variant					
rs3744347					5_prime_UTR_variant	CBX1		ENST00000225603	5_prime_UTR_variant	MODIFIER	protein_coding			
rs3744347					5_prime_UTR_variant	CBX1		ENST00000393408	upstream_gene_variant	MODIFIER	protein_coding			
rs3744347					5_prime_UTR_variant	CBX1		ENST00000402583	upstream_gene_variant	MODIFIER	protein_coding			
rs3744347					5_prime_UTR_variant	CBX1		ENST00000444685	upstream_gene_variant	MODIFIER	protein_coding			
rs3744347					5_prime_UTR_variant	CBX1		ENST00000495350	upstream_gene_variant	MODIFIER	protein_coding			
rs3744347					5_prime_UTR_variant	CBX1		ENST00000581003	5_prime_UTR_variant	MODIFIER	protein_coding			
rs3744347					5_prime_UTR_variant	SNX11		ENST00000581298	upstream_gene_variant	MODIFIER	protein_coding			
rs35895680					intergenic_variant				intergenic_variant					
rs112297357					non_coding_transcript_exon_variant	ITGA3		ENST00000007722	intron_variant	MODIFIER	protein_coding			
rs112297357					non_coding_transcript_exon_variant	ITGA3		ENST00000320031	intron_variant	MODIFIER	protein_coding			
rs112297357					non_coding_transcript_exon_variant	ITGA3		ENST00000505306	intron_variant,non_coding_transcript_variant	MODIFIER	retained_intron			
rs112297357					non_coding_transcript_exon_variant	ITGA3		ENST00000506437	non_coding_transcript_exon_variant	MODIFIER	retained_intron			
rs112297357					non_coding_transcript_exon_variant	ITGA3		ENST00000506827	intron_variant	MODIFIER	protein_coding			
rs112297357					non_coding_transcript_exon_variant	ITGA3		ENST00000514834	upstream_gene_variant	MODIFIER	retained_intron			
rs11659035					intron_variant	PPM1E		ENST00000308249	intron_variant	MODIFIER	protein_coding			
rs8068913					intron_variant	RPS6KB1		ENST00000225577	intron_variant	MODIFIER	protein_coding			
rs8068913					intron_variant	TUBD1		ENST00000325752	upstream_gene_variant	MODIFIER	protein_coding			
rs8068913					intron_variant	TUBD1		ENST00000340993	upstream_gene_variant	MODIFIER	protein_coding			
rs8068913					intron_variant	TUBD1		ENST00000346141	upstream_gene_variant	MODIFIER	protein_coding			
rs8068913					intron_variant	TUBD1		ENST00000376094	upstream_gene_variant	MODIFIER	protein_coding			
rs8068913					intron_variant	RPS6KB1		ENST00000393021	intron_variant	MODIFIER	protein_coding			
rs8068913					intron_variant	TUBD1		ENST00000394239	upstream_gene_variant	MODIFIER	protein_coding			
rs8068913					intron_variant	RPS6KB1		ENST00000406116	intron_variant	MODIFIER	protein_coding			
rs8068913					intron_variant	RPS6KB1		ENST00000443572	intron_variant	MODIFIER	protein_coding			
rs8068913					intron_variant	RPS6KB1		ENST00000472940	intron_variant,NMD_transcript_variant	MODIFIER	nonsense_mediated_decay			
rs8068913					intron_variant	RPS6KB1		ENST00000477179	intron_variant,non_coding_transcript_variant	MODIFIER	processed_transcript			
rs8068913					intron_variant	RPS6KB1		ENST00000489824	intron_variant,NMD_transcript_variant	MODIFIER	nonsense_mediated_decay			
rs8068913					intron_variant	TUBD1		ENST00000539018	upstream_gene_variant	MODIFIER	protein_coding			
rs8068913					intron_variant	TUBD1		ENST00000588706	upstream_gene_variant	MODIFIER	processed_transcript			
rs8068913					intron_variant	TUBD1		ENST00000590498	upstream_gene_variant	MODIFIER	protein_coding			
rs8068913					intron_variant	TUBD1		ENST00000591548	upstream_gene_variant	MODIFIER	nonsense_mediated_decay			
rs8068913					intron_variant	TUBD1		ENST00000591611	upstream_gene_variant	MODIFIER	processed_transcript			
rs8068913					intron_variant	TUBD1		ENST00000592145	upstream_gene_variant	MODIFIER	protein_coding			
rs8068913					intron_variant	TUBD1		ENST00000592426	upstream_gene_variant	MODIFIER	protein_coding			
rs8068913					intron_variant	TUBD1		ENST00000593110	upstream_gene_variant	MODIFIER	nonsense_mediated_decay			
rs11657101					intron_variant	TLK2		ENST00000326270	intron_variant	MODIFIER	protein_coding			
rs11657101					intron_variant	TLK2		ENST00000343388	intron_variant	MODIFIER	protein_coding			
rs11657101					intron_variant	TLK2		ENST00000346027	intron_variant	MODIFIER	protein_coding			
rs11657101					intron_variant	TLK2		ENST00000542523	intron_variant	MODIFIER	protein_coding			
rs11657101					intron_variant	TLK2		ENST00000578697	intron_variant	MODIFIER	protein_coding			
rs11657101					intron_variant	TLK2		ENST00000580705	intron_variant	MODIFIER	protein_coding			
rs11657101					intron_variant	TLK2		ENST00000581041	intron_variant	MODIFIER	protein_coding			
rs11657101					intron_variant	TLK2		ENST00000581286	intron_variant,non_coding_transcript_variant	MODIFIER	retained_intron			
rs11657101					intron_variant	TLK2		ENST00000582809	intron_variant	MODIFIER	protein_coding			
rs4311					intron_variant	ACE		ENST00000290863	upstream_gene_variant	MODIFIER	protein_coding			
rs4311					intron_variant	ACE		ENST00000290866	intron_variant	MODIFIER	protein_coding			
rs4311					intron_variant	ACE		ENST00000413513	upstream_gene_variant	MODIFIER	protein_coding			
rs4311					intron_variant	ACE		ENST00000421982	upstream_gene_variant	MODIFIER	protein_coding			
rs4311					intron_variant	ACE		ENST00000428043	intron_variant	MODIFIER	protein_coding			
rs4311					intron_variant	ACE		ENST00000490216	upstream_gene_variant	MODIFIER	protein_coding			
rs4311					intron_variant	ACE		ENST00000538928	intron_variant	MODIFIER	protein_coding			
rs4311					intron_variant	ACE		ENST00000578839	upstream_gene_variant	MODIFIER	nonsense_mediated_decay			
rs4311					intron_variant	ACE		ENST00000579204	upstream_gene_variant	MODIFIER	nonsense_mediated_decay			
rs4311					intron_variant	ACE		ENST00000579314	upstream_gene_variant	MODIFIER	nonsense_mediated_decay			
rs4311					intron_variant	ACE		ENST00000579462	downstream_gene_variant	MODIFIER	retained_intron			
rs4311					intron_variant	ACE		ENST00000579726	upstream_gene_variant	MODIFIER	nonsense_mediated_decay			
rs4311					intron_variant	ACE		ENST00000580318	downstream_gene_variant	MODIFIER	nonsense_mediated_decay			
rs4311					intron_variant	ACE		ENST00000582005	upstream_gene_variant	MODIFIER	nonsense_mediated_decay			
rs4311					intron_variant	ACE		ENST00000582627	downstream_gene_variant	MODIFIER	protein_coding			
rs4311					intron_variant	ACE		ENST00000582678	intron_variant,NMD_transcript_variant	MODIFIER	nonsense_mediated_decay			
rs4311					intron_variant	ACE		ENST00000582761	upstream_gene_variant	MODIFIER	protein_coding			
rs4311					intron_variant	ACE		ENST00000583336	downstream_gene_variant	MODIFIER	processed_transcript			
rs4311					intron_variant	ACE		ENST00000584529	intron_variant,non_coding_transcript_variant	MODIFIER	processed_transcript			
rs4311					intron_variant	ACE		ENST00000584865	upstream_gene_variant	MODIFIER	retained_intron			
rs72845888					3_prime_UTR_variant	DCAF7		ENST00000310827	3_prime_UTR_variant	MODIFIER	protein_coding			
rs72845888					3_prime_UTR_variant	DCAF7		ENST00000415273	3_prime_UTR_variant	MODIFIER	protein_coding			
rs72845888					3_prime_UTR_variant	DCAF7		ENST00000431926	downstream_gene_variant	MODIFIER	protein_coding			
rs72845888					3_prime_UTR_variant	DCAF7		ENST00000577702	non_coding_transcript_exon_variant	MODIFIER	processed_transcript			
rs72845888					3_prime_UTR_variant	DCAF7		ENST00000580091	intron_variant,non_coding_transcript_variant	MODIFIER	processed_transcript			
rs72845888					3_prime_UTR_variant	DCAF7		ENST00000582103	intron_variant,non_coding_transcript_variant	MODIFIER	processed_transcript			
rs72845888					3_prime_UTR_variant	DCAF7		ENST00000585252	downstream_gene_variant	MODIFIER	processed_transcript			
rs10853047					intron_variant	ERN1		ENST00000433197	intron_variant	MODIFIER	protein_coding			
rs10853047					intron_variant	ERN1		ENST00000583028	intron_variant,non_coding_transcript_variant	MODIFIER	retained_intron			
rs10853047					intron_variant	ERN1		ENST00000584041	intron_variant,non_coding_transcript_variant	MODIFIER	retained_intron			
rs77746881					intron_variant	PITPNC1		ENST00000299954	intron_variant	MODIFIER	protein_coding			
rs77746881					intron_variant	PITPNC1		ENST00000335257	intron_variant	MODIFIER	protein_coding			
rs77746881					intron_variant	PITPNC1		ENST00000578527	intron_variant,non_coding_transcript_variant	MODIFIER	retained_intron			
rs77746881					intron_variant	PITPNC1		ENST00000580974	intron_variant	MODIFIER	protein_coding			
rs77746881					intron_variant	PITPNC1		ENST00000581322	intron_variant	MODIFIER	protein_coding			
rs12601921					intron_variant	BPTF		ENST00000306378	intron_variant	MODIFIER	protein_coding			
rs12601921					intron_variant	BPTF		ENST00000321892	intron_variant	MODIFIER	protein_coding			
rs12601921					intron_variant	BPTF		ENST00000335221	intron_variant	MODIFIER	protein_coding			
rs12601921					intron_variant	BPTF		ENST00000424123	intron_variant	MODIFIER	protein_coding			
rs12601921					intron_variant	BPTF		ENST00000544778	intron_variant	MODIFIER	protein_coding			
rs35722605					intron_variant	ARSG		ENST00000448504	intron_variant	MODIFIER	protein_coding			
rs35722605					intron_variant	ARSG		ENST00000452479	intron_variant	MODIFIER	protein_coding			
rs35722605					intron_variant	ARSG		ENST00000582154	intron_variant,non_coding_transcript_variant	MODIFIER	processed_transcript			
rs883541					missense_variant	WIPI1		ENST00000262139	missense_variant	MODERATE	protein_coding		31.0	T/I
rs883541					missense_variant	WIPI1		ENST00000546360	intron_variant	MODIFIER	protein_coding			
rs883541					missense_variant	RP11-120M18.2		ENST00000586515	intron_variant,non_coding_transcript_variant	MODIFIER	processed_transcript			
rs883541					missense_variant	WIPI1		ENST00000586815	non_coding_transcript_exon_variant	MODIFIER	processed_transcript			
rs883541					missense_variant	WIPI1		ENST00000589316	missense_variant,NMD_transcript_variant	MODERATE	nonsense_mediated_decay		31.0	T/I
rs883541					missense_variant	WIPI1		ENST00000589459	intron_variant,non_coding_transcript_variant	MODIFIER	processed_transcript			
rs883541					missense_variant	RP11-120M18.2		ENST00000590353	intron_variant,non_coding_transcript_variant	MODIFIER	processed_transcript			
rs883541					missense_variant	WIPI1		ENST00000591494	upstream_gene_variant	MODIFIER	processed_transcript			
rs11653006					intergenic_variant				intergenic_variant					
rs61736066					missense_variant	SLC39A11		ENST00000255559	missense_variant	MODERATE	protein_coding		280.0	A/V
rs61736066					missense_variant	SLC39A11		ENST00000255559	missense_variant	MODERATE	protein_coding		280.0	A/G
rs61736066					missense_variant	SLC39A11		ENST00000542342	missense_variant	MODERATE	protein_coding		287.0	A/V
rs61736066					missense_variant	SLC39A11		ENST00000542342	missense_variant	MODERATE	protein_coding		287.0	A/G
rs61736066					missense_variant	SLC39A11		ENST00000579988	non_coding_transcript_exon_variant	MODIFIER	processed_transcript			
rs61736066					missense_variant	SLC39A11		ENST00000582769	downstream_gene_variant	MODIFIER	protein_coding			
rs61736066					missense_variant	CTD-3010D24.3		ENST00000584975	downstream_gene_variant	MODIFIER	lincRNA			
rs11077654					intron_variant	SLC39A11		ENST00000255559	intron_variant	MODIFIER	protein_coding			
rs11077654					intron_variant	SLC39A11		ENST00000542342	intron_variant	MODIFIER	protein_coding			
rs11077654					intron_variant	SLC39A11		ENST00000579732	intron_variant	MODIFIER	protein_coding			
rs11077654					intron_variant	SLC39A11		ENST00000580557	intron_variant	MODIFIER	protein_coding			
rs11077654					intron_variant	SLC39A11		ENST00000582179	intron_variant,non_coding_transcript_variant	MODIFIER	retained_intron			
rs11077654					intron_variant	SLC39A11		ENST00000583146	intron_variant	MODIFIER	protein_coding			
rs10401019					intron_variant	SUMO2		ENST00000314523	intron_variant	MODIFIER	protein_coding			
rs10401019					intron_variant	SUMO2		ENST00000420826	intron_variant	MODIFIER	protein_coding			
rs10401019					intron_variant	SUMO2		ENST00000578238	intron_variant	MODIFIER	protein_coding			
rs2444842					intron_variant	ITGB4		ENST00000200181	downstream_gene_variant	MODIFIER	protein_coding			
rs2444842					intron_variant	GALK1		ENST00000225614	intron_variant	MODIFIER	protein_coding			
rs2444842					intron_variant	ITGB4		ENST00000339591	downstream_gene_variant	MODIFIER	protein_coding			
rs2444842					intron_variant	GALK1		ENST00000437911	intron_variant	MODIFIER	protein_coding			
rs2444842					intron_variant	ITGB4		ENST00000449880	downstream_gene_variant	MODIFIER	protein_coding			
rs2444842					intron_variant	ITGB4		ENST00000450894	downstream_gene_variant	MODIFIER	protein_coding			
rs2444842					intron_variant	ITGB4		ENST00000578318	downstream_gene_variant	MODIFIER	protein_coding			
rs2444842					intron_variant	ITGB4		ENST00000579211	downstream_gene_variant	MODIFIER	retained_intron			
rs2444842					intron_variant	ITGB4		ENST00000579662	downstream_gene_variant	MODIFIER	protein_coding			
rs2444842					intron_variant	ITGB4		ENST00000582629	downstream_gene_variant	MODIFIER	protein_coding			
rs2444842					intron_variant	ITGB4		ENST00000583327	downstream_gene_variant	MODIFIER	protein_coding			
rs2444842					intron_variant	ITGB4		ENST00000584939	downstream_gene_variant	MODIFIER	protein_coding			
rs2444842					intron_variant	GALK1		ENST00000586244	downstream_gene_variant	MODIFIER	nonsense_mediated_decay			
rs2444842					intron_variant	GALK1		ENST00000586733	upstream_gene_variant	MODIFIER	retained_intron			
rs2444842					intron_variant	GALK1		ENST00000587707	intron_variant,NMD_transcript_variant	MODIFIER	nonsense_mediated_decay			
rs2444842					intron_variant	GALK1		ENST00000588479	intron_variant	MODIFIER	protein_coding			
rs2444842					intron_variant	GALK1		ENST00000589030	downstream_gene_variant	MODIFIER	retained_intron			
rs2444842					intron_variant	GALK1		ENST00000589643	upstream_gene_variant	MODIFIER	retained_intron			
rs2444842					intron_variant	GALK1		ENST00000592494	intron_variant,non_coding_transcript_variant	MODIFIER	retained_intron			
rs2444842					intron_variant	GALK1		ENST00000592997	intron_variant	MODIFIER	protein_coding			
rs7221314					intron_variant	CYTH1		ENST00000361101	intron_variant	MODIFIER	protein_coding			
rs7221314					intron_variant	CYTH1		ENST00000446868	intron_variant	MODIFIER	protein_coding			
rs7221314					intron_variant	CYTH1		ENST00000589296	intron_variant	MODIFIER	protein_coding			
rs7221314					intron_variant	CYTH1		ENST00000591455	intron_variant	MODIFIER	protein_coding			
rs7221314					intron_variant	CYTH1		ENST00000591574	intron_variant,NMD_transcript_variant	MODIFIER	nonsense_mediated_decay			
rs7221314					intron_variant	CYTH1		ENST00000592497	intron_variant,non_coding_transcript_variant	MODIFIER	retained_intron			
rs62076641					non_coding_transcript_exon_variant	RP11-353N14.4		ENST00000572353	intron_variant,non_coding_transcript_variant	MODIFIER	lincRNA			
rs62076641					non_coding_transcript_exon_variant	RP11-353N14.4		ENST00000574526	non_coding_transcript_exon_variant	MODIFIER	lincRNA			
rs62076641					non_coding_transcript_exon_variant	RP11-353N14.5		ENST00000576738	intron_variant,non_coding_transcript_variant	MODIFIER	lincRNA			
rs11150745					intron_variant	RPTOR		ENST00000306801	intron_variant	MODIFIER	protein_coding			
rs11150745					intron_variant	RPTOR		ENST00000537330	intron_variant	MODIFIER	protein_coding			
rs11150745					intron_variant	RPTOR		ENST00000544334	intron_variant	MODIFIER	protein_coding			
rs11150745					intron_variant	RPTOR		ENST00000570891	intron_variant	MODIFIER	protein_coding			
rs11150745					intron_variant	RPTOR		ENST00000574767	intron_variant,NMD_transcript_variant	MODIFIER	nonsense_mediated_decay			
rs11150745					intron_variant	RPTOR		ENST00000575542	intron_variant,non_coding_transcript_variant	MODIFIER	processed_transcript			
rs11150745					intron_variant	RPTOR		ENST00000577161	intron_variant,non_coding_transcript_variant	MODIFIER	processed_transcript			
rs4789816					upstream_gene_variant	WDR45B		ENST00000392325	upstream_gene_variant	MODIFIER	protein_coding			
rs4789816					upstream_gene_variant	WDR45B		ENST00000571817	upstream_gene_variant	MODIFIER	nonsense_mediated_decay			
rs4789816					upstream_gene_variant	WDR45B		ENST00000572583	upstream_gene_variant	MODIFIER	nonsense_mediated_decay			
rs4789816					upstream_gene_variant	WDR45B		ENST00000573616	upstream_gene_variant	MODIFIER	nonsense_mediated_decay			
rs4789816					upstream_gene_variant	WDR45B		ENST00000574828	upstream_gene_variant	MODIFIER	processed_transcript			
rs9895455					intron_variant	FN3KRP		ENST00000269373	intron_variant	MODIFIER	protein_coding			
rs9895455					intron_variant	FN3KRP		ENST00000535965	intron_variant	MODIFIER	protein_coding			
rs9895455					intron_variant	RP11-388C12.5		ENST00000570919	downstream_gene_variant	MODIFIER	lincRNA			
rs9895455					intron_variant	FN3KRP		ENST00000571482	intron_variant,non_coding_transcript_variant	MODIFIER	retained_intron			
rs9895455					intron_variant	FN3KRP		ENST00000571594	upstream_gene_variant	MODIFIER	nonsense_mediated_decay			
rs9895455					intron_variant	FN3KRP		ENST00000573158	intron_variant	MODIFIER	protein_coding			
rs9895455					intron_variant	FN3KRP		ENST00000574206	intron_variant,NMD_transcript_variant	MODIFIER	nonsense_mediated_decay			
rs9895455					intron_variant	FN3KRP		ENST00000574356	intron_variant,NMD_transcript_variant	MODIFIER	nonsense_mediated_decay			
rs9895455					intron_variant	FN3KRP		ENST00000574832	intron_variant,NMD_transcript_variant	MODIFIER	nonsense_mediated_decay			
rs9895455					intron_variant	FN3KRP		ENST00000576363	intron_variant,non_coding_transcript_variant	MODIFIER	retained_intron			
rs9895455					intron_variant	FN3KRP		ENST00000577128	intron_variant	MODIFIER	protein_coding			
rs8097544					intergenic_variant				intergenic_variant					
rs11664106					upstream_gene_variant	EMILIN2		ENST00000254528	upstream_gene_variant	MODIFIER	protein_coding			
rs9948462					non_coding_transcript_exon_variant	LAMA1		ENST00000389658	intron_variant	MODIFIER	protein_coding			
rs9948462					non_coding_transcript_exon_variant	LAMA1		ENST00000579014	intron_variant,non_coding_transcript_variant	MODIFIER	retained_intron			
rs9948462					non_coding_transcript_exon_variant	RP11-76K13.3		ENST00000581502	non_coding_transcript_exon_variant	MODIFIER	antisense			
rs1788819					intron_variant	C18orf8		ENST00000269221	intron_variant	MODIFIER	protein_coding			
rs1788819					intron_variant	C18orf8		ENST00000587690	downstream_gene_variant	MODIFIER	nonsense_mediated_decay			
rs1788819					intron_variant	C18orf8		ENST00000589215	intron_variant,NMD_transcript_variant	MODIFIER	nonsense_mediated_decay			
rs1788819					intron_variant	C18orf8		ENST00000589860	downstream_gene_variant	MODIFIER	nonsense_mediated_decay			
rs1788819					intron_variant	NPC1		ENST00000590723	downstream_gene_variant	MODIFIER	protein_coding			
rs1788819					intron_variant	C18orf8		ENST00000590868	intron_variant	MODIFIER	protein_coding			
rs1788819					intron_variant	C18orf8		ENST00000590870	intron_variant,NMD_transcript_variant	MODIFIER	nonsense_mediated_decay			
rs1788819					intron_variant	NPC1		ENST00000591107	intron_variant	MODIFIER	protein_coding			
rs4293449					intron_variant	NOL4		ENST00000261592	intron_variant	MODIFIER	protein_coding			
rs4293449					intron_variant	NOL4		ENST00000269185	intron_variant	MODIFIER	protein_coding			
rs4293449					intron_variant	NOL4		ENST00000535475	intron_variant	MODIFIER	protein_coding			
rs4293449					intron_variant	NOL4		ENST00000538587	intron_variant	MODIFIER	protein_coding			
rs4293449					intron_variant	NOL4		ENST00000586309	intron_variant,NMD_transcript_variant	MODIFIER	nonsense_mediated_decay			
rs4293449					intron_variant	NOL4		ENST00000586314	intron_variant,NMD_transcript_variant	MODIFIER	nonsense_mediated_decay			
rs4293449					intron_variant	NOL4		ENST00000587953	intron_variant,non_coding_transcript_variant	MODIFIER	processed_transcript			
rs4293449					intron_variant	NOL4		ENST00000587971	intron_variant,non_coding_transcript_variant	MODIFIER	processed_transcript			
rs4293449					intron_variant	NOL4		ENST00000588280	intron_variant,non_coding_transcript_variant	MODIFIER	processed_transcript			
rs4293449					intron_variant	NOL4		ENST00000589544	intron_variant	MODIFIER	protein_coding			
rs4293449					intron_variant	NOL4		ENST00000590712	intron_variant	MODIFIER	protein_coding			
rs4293449					intron_variant	NOL4		ENST00000591917	intron_variant,NMD_transcript_variant	MODIFIER	nonsense_mediated_decay			
rs62080313					intergenic_variant				intergenic_variant					
rs2958610					downstream_gene_variant	RN7SKP182		ENST00000410772	downstream_gene_variant	MODIFIER	misc_RNA			
rs7232699					intron_variant	LINC00907		ENST00000585627	intron_variant,non_coding_transcript_variant	MODIFIER	lincRNA			
rs7232699					intron_variant	LINC00907		ENST00000585639	intron_variant,non_coding_transcript_variant	MODIFIER	lincRNA			
rs7232699					intron_variant	LINC00907		ENST00000589068	intron_variant,non_coding_transcript_variant	MODIFIER	lincRNA			
rs7232699					intron_variant	LINC00907		ENST00000591381	intron_variant,non_coding_transcript_variant	MODIFIER	lincRNA			
rs7242026					intergenic_variant				intergenic_variant					
rs58306981					intron_variant	SETBP1		ENST00000282030	intron_variant	MODIFIER	protein_coding			
rs58306981					intron_variant	SETBP1		ENST00000426838	intron_variant	MODIFIER	protein_coding			
rs2247326					intron_variant	SLC14A2		ENST00000586448	intron_variant	MODIFIER	protein_coding			
rs8089704					intron_variant	DCC		ENST00000304775	intron_variant,NMD_transcript_variant	MODIFIER	nonsense_mediated_decay			
rs8089704					intron_variant	DCC		ENST00000412726	intron_variant	MODIFIER	protein_coding			
rs8089704					intron_variant	DCC		ENST00000442544	intron_variant	MODIFIER	protein_coding			
rs8089704					intron_variant	DCC		ENST00000581580	intron_variant	MODIFIER	protein_coding			
rs1942569					regulatory_region_variant				regulatory_region_variant					
rs72926932					intron_variant	TCF4		ENST00000354452	intron_variant	MODIFIER	protein_coding			
rs72926932					intron_variant	TCF4		ENST00000356073	intron_variant	MODIFIER	protein_coding			
rs72926932					intron_variant	TCF4		ENST00000398339	intron_variant	MODIFIER	protein_coding			
rs72926932					intron_variant	TCF4		ENST00000537578	intron_variant	MODIFIER	protein_coding			
rs72926932					intron_variant	TCF4		ENST00000537856	intron_variant	MODIFIER	protein_coding			
rs72926932					intron_variant	TCF4		ENST00000540999	intron_variant	MODIFIER	protein_coding			
rs72926932					intron_variant	TCF4		ENST00000543082	intron_variant	MODIFIER	protein_coding			
rs72926932					intron_variant	TCF4		ENST00000544241	intron_variant	MODIFIER	protein_coding			
rs72926932					intron_variant	TCF4		ENST00000561992	intron_variant	MODIFIER	protein_coding			
rs72926932					intron_variant	TCF4		ENST00000562030	intron_variant	MODIFIER	protein_coding			
rs72926932					intron_variant	TCF4		ENST00000562512	intron_variant	MODIFIER	protein_coding			
rs72926932					intron_variant	TCF4		ENST00000562543	intron_variant	MODIFIER	protein_coding			
rs72926932					intron_variant	TCF4		ENST00000562638	intron_variant	MODIFIER	protein_coding			
rs72926932					intron_variant	TCF4		ENST00000562680	intron_variant,non_coding_transcript_variant	MODIFIER	retained_intron			
rs72926932					intron_variant	TCF4		ENST00000562847	intron_variant	MODIFIER	protein_coding			
rs72926932					intron_variant	TCF4		ENST00000563686	intron_variant,non_coding_transcript_variant	MODIFIER	retained_intron			
rs72926932					intron_variant	TCF4		ENST00000563824	intron_variant	MODIFIER	protein_coding			
rs72926932					intron_variant	TCF4		ENST00000563888	intron_variant	MODIFIER	protein_coding			
rs72926932					intron_variant	TCF4		ENST00000564228	intron_variant	MODIFIER	protein_coding			
rs72926932					intron_variant	TCF4		ENST00000564343	intron_variant	MODIFIER	protein_coding			
rs72926932					intron_variant	TCF4		ENST00000564403	intron_variant	MODIFIER	protein_coding			
rs72926932					intron_variant	TCF4		ENST00000564999	intron_variant	MODIFIER	protein_coding			
rs72926932					intron_variant	TCF4		ENST00000565018	intron_variant	MODIFIER	protein_coding			
rs72926932					intron_variant	TCF4		ENST00000565908	intron_variant	MODIFIER	protein_coding			
rs72926932					intron_variant	TCF4		ENST00000566279	intron_variant	MODIFIER	protein_coding			
rs72926932					intron_variant	TCF4		ENST00000566286	intron_variant	MODIFIER	protein_coding			
rs72926932					intron_variant	TCF4		ENST00000566376	intron_variant,non_coding_transcript_variant	MODIFIER	processed_transcript			
rs72926932					intron_variant	TCF4		ENST00000566514	intron_variant	MODIFIER	protein_coding			
rs72926932					intron_variant	TCF4		ENST00000566777	intron_variant	MODIFIER	protein_coding			
rs72926932					intron_variant	TCF4		ENST00000567880	intron_variant	MODIFIER	protein_coding			
rs72926932					intron_variant	TCF4		ENST00000568147	intron_variant	MODIFIER	protein_coding			
rs72926932					intron_variant	TCF4		ENST00000568169	intron_variant	MODIFIER	protein_coding			
rs72926932					intron_variant	TCF4		ENST00000568186	intron_variant	MODIFIER	protein_coding			
rs72926932					intron_variant	TCF4		ENST00000568673	intron_variant	MODIFIER	protein_coding			
rs72926932					intron_variant	TCF4		ENST00000568740	intron_variant	MODIFIER	protein_coding			
rs72926932					intron_variant	TCF4		ENST00000569012	intron_variant	MODIFIER	protein_coding			
rs72926932					intron_variant	TCF4		ENST00000570177	intron_variant	MODIFIER	protein_coding			
rs72926932					intron_variant	TCF4		ENST00000590810	intron_variant	MODIFIER	protein_coding			
rs17089932					intron_variant	RP11-397A16.1		ENST00000587346	intron_variant,non_coding_transcript_variant	MODIFIER	lincRNA			
rs17089932					intron_variant	RP11-397A16.1		ENST00000589662	intron_variant,non_coding_transcript_variant	MODIFIER	lincRNA			
rs17089932					intron_variant	RP11-397A16.1		ENST00000592936	downstream_gene_variant	MODIFIER	lincRNA			
rs10048404					intron_variant	WDR7		ENST00000254442	intron_variant	MODIFIER	protein_coding			
rs10048404					intron_variant	WDR7		ENST00000357574	intron_variant	MODIFIER	protein_coding			
rs10048404					intron_variant	WDR7		ENST00000586124	intron_variant	MODIFIER	protein_coding			
rs10048404					intron_variant	WDR7		ENST00000589935	intron_variant	MODIFIER	protein_coding			
rs9957320					intergenic_variant				intergenic_variant					
rs6567160					upstream_gene_variant	RNU4-17P		ENST00000365598	upstream_gene_variant	MODIFIER	snRNA			
rs6567160					upstream_gene_variant	RP11-795H16.3		ENST00000588794	downstream_gene_variant	MODIFIER	lincRNA			
rs78769612					intergenic_variant				intergenic_variant					
rs12454712					intron_variant	BCL2		ENST00000333681	intron_variant	MODIFIER	protein_coding			
rs12454712					intron_variant	BCL2		ENST00000398117	intron_variant	MODIFIER	protein_coding			
rs12970504					intron_variant	BCL2		ENST00000333681	intron_variant	MODIFIER	protein_coding			
rs12970504					intron_variant	BCL2		ENST00000398117	intron_variant	MODIFIER	protein_coding			
rs12455492					intron_variant	BCL2		ENST00000333681	intron_variant	MODIFIER	protein_coding			
rs12455492					intron_variant	BCL2		ENST00000398117	intron_variant	MODIFIER	protein_coding			
rs12455492					intron_variant	BCL2		ENST00000444484	downstream_gene_variant	MODIFIER	protein_coding			
rs12455492					intron_variant	RP11-28F1.2		ENST00000588307	upstream_gene_variant	MODIFIER	sense_intronic			
rs12455492					intron_variant	BCL2		ENST00000589955	downstream_gene_variant	MODIFIER	protein_coding			
rs35419009					intron_variant	CDH7		ENST00000323011	intron_variant	MODIFIER	protein_coding			
rs35419009					intron_variant	CDH7		ENST00000397968	intron_variant	MODIFIER	protein_coding			
rs35419009					intron_variant	CDH7		ENST00000536984	intron_variant	MODIFIER	protein_coding			
rs35419009					intron_variant	CDH7		ENST00000581601	intron_variant,non_coding_transcript_variant	MODIFIER	processed_transcript			
rs12964145					intergenic_variant				intergenic_variant					
rs2658746					intron_variant	ZNF236		ENST00000253159	intron_variant	MODIFIER	protein_coding			
rs2658746					intron_variant	ZNF236		ENST00000320610	intron_variant	MODIFIER	protein_coding			
rs2658746					intron_variant	ZNF236		ENST00000543926	intron_variant,NMD_transcript_variant	MODIFIER	nonsense_mediated_decay			
rs2658746					intron_variant	ZNF236		ENST00000579322	intron_variant	MODIFIER	protein_coding			
rs2658746					intron_variant	ZNF236		ENST00000583095	intron_variant,non_coding_transcript_variant	MODIFIER	processed_transcript			
rs8096658					intron_variant	NFATC1		ENST00000253506	intron_variant	MODIFIER	protein_coding			
rs8096658					intron_variant	NFATC1		ENST00000318065	upstream_gene_variant	MODIFIER	protein_coding			
rs8096658					intron_variant	NFATC1		ENST00000329101	upstream_gene_variant	MODIFIER	protein_coding			
rs8096658					intron_variant	NFATC1		ENST00000397790	intron_variant	MODIFIER	protein_coding			
rs8096658					intron_variant	NFATC1		ENST00000427363	intron_variant	MODIFIER	protein_coding			
rs8096658					intron_variant	NFATC1		ENST00000542384	intron_variant	MODIFIER	protein_coding			
rs8096658					intron_variant	NFATC1		ENST00000545796	upstream_gene_variant	MODIFIER	protein_coding			
rs8096658					intron_variant	NFATC1		ENST00000586434	upstream_gene_variant	MODIFIER	protein_coding			
rs8096658					intron_variant	NFATC1		ENST00000587635	intron_variant	MODIFIER	protein_coding			
rs8096658					intron_variant	NFATC1		ENST00000590313	upstream_gene_variant	MODIFIER	nonsense_mediated_decay			
rs8096658					intron_variant	NFATC1		ENST00000591814	intron_variant	MODIFIER	protein_coding			
rs8096658					intron_variant	NFATC1		ENST00000592223	upstream_gene_variant	MODIFIER	protein_coding			
rs8108446					intron_variant	LPPR3		ENST00000359894	intron_variant	MODIFIER	protein_coding			
rs8108446					intron_variant	LPPR3		ENST00000517665	upstream_gene_variant	MODIFIER	protein_coding			
rs8108446					intron_variant	LPPR3		ENST00000519502	intron_variant	MODIFIER	protein_coding			
rs8108446					intron_variant	LPPR3		ENST00000520876	intron_variant	MODIFIER	protein_coding			
rs8108446					intron_variant	MIR3187		ENST00000583431	downstream_gene_variant	MODIFIER	miRNA			
rs12461269					intron_variant	SBNO2		ENST00000361757	intron_variant	MODIFIER	protein_coding			
rs12461269					intron_variant	SBNO2		ENST00000587024	intron_variant	MODIFIER	protein_coding			
rs12461269					intron_variant	SBNO2		ENST00000587655	intron_variant	MODIFIER	protein_coding			
rs12461269					intron_variant	SBNO2		ENST00000590176	intron_variant	MODIFIER	protein_coding			
rs34072429					non_coding_transcript_exon_variant	STK11		ENST00000326873	intron_variant	MODIFIER	protein_coding			
rs34072429					non_coding_transcript_exon_variant	C19orf26		ENST00000382477	downstream_gene_variant	MODIFIER	protein_coding			
rs34072429					non_coding_transcript_exon_variant	STK11		ENST00000585465	non_coding_transcript_exon_variant	MODIFIER	retained_intron			
rs34072429					non_coding_transcript_exon_variant	STK11		ENST00000585851	downstream_gene_variant	MODIFIER	protein_coding			
rs34072429					non_coding_transcript_exon_variant	STK11		ENST00000586243	intron_variant	MODIFIER	protein_coding			
rs34072429					non_coding_transcript_exon_variant	STK11		ENST00000586358	downstream_gene_variant	MODIFIER	retained_intron			
rs34072429					non_coding_transcript_exon_variant	STK11		ENST00000589152	intron_variant,non_coding_transcript_variant	MODIFIER	retained_intron			
rs34072429					non_coding_transcript_exon_variant	C19orf26		ENST00000590083	downstream_gene_variant	MODIFIER	protein_coding			
rs34072429					non_coding_transcript_exon_variant	STK11		ENST00000591133	downstream_gene_variant	MODIFIER	retained_intron			
rs34072429					non_coding_transcript_exon_variant	STK11		ENST00000593219	downstream_gene_variant	MODIFIER	nonsense_mediated_decay			
rs62128838					intron_variant	C19orf26		ENST00000215376	intron_variant	MODIFIER	protein_coding			
rs62128838					intron_variant	C19orf26		ENST00000382477	intron_variant	MODIFIER	protein_coding			
rs62128838					intron_variant	C19orf26		ENST00000589260	intron_variant,NMD_transcript_variant	MODIFIER	nonsense_mediated_decay			
rs62128838					intron_variant	C19orf26		ENST00000590083	intron_variant	MODIFIER	protein_coding			
rs62128838					intron_variant	C19orf26		ENST00000591127	upstream_gene_variant	MODIFIER	nonsense_mediated_decay			
rs62128838					intron_variant	AC004221.2		ENST00000592843	upstream_gene_variant	MODIFIER	lincRNA			
rs4807125					intron_variant	TCF3		ENST00000262965	intron_variant	MODIFIER	protein_coding			
rs4807125					intron_variant	TCF3		ENST00000344749	intron_variant	MODIFIER	protein_coding			
rs4807125					intron_variant	TCF3		ENST00000395423	intron_variant	MODIFIER	protein_coding			
rs4807125					intron_variant	TCF3		ENST00000586318	intron_variant	MODIFIER	protein_coding			
rs4807125					intron_variant	TCF3		ENST00000587235	intron_variant	MODIFIER	protein_coding			
rs4807125					intron_variant	TCF3		ENST00000588136	intron_variant	MODIFIER	protein_coding			
rs28626548					upstream_gene_variant	KLF16		ENST00000250916	upstream_gene_variant	MODIFIER	protein_coding			
rs28626548					upstream_gene_variant	KLF16		ENST00000541015	upstream_gene_variant	MODIFIER	nonsense_mediated_decay			
rs28626548					upstream_gene_variant	CTB-31O20.8		ENST00000586694	downstream_gene_variant	MODIFIER	antisense			
rs28626548					upstream_gene_variant	KLF16		ENST00000592313	upstream_gene_variant	MODIFIER	processed_transcript			
rs75620555					upstream_gene_variant	S1PR4		ENST00000246115	downstream_gene_variant	MODIFIER	protein_coding			
rs75620555					upstream_gene_variant	NCLN		ENST00000246117	upstream_gene_variant	MODIFIER	protein_coding			
rs75620555					upstream_gene_variant	NCLN		ENST00000588428	upstream_gene_variant	MODIFIER	protein_coding			
rs75620555					upstream_gene_variant	NCLN		ENST00000590671	upstream_gene_variant	MODIFIER	protein_coding			
rs75620555					upstream_gene_variant	S1PR4		ENST00000591346	downstream_gene_variant	MODIFIER	processed_transcript			
rs56249413					intron_variant	KDM4B		ENST00000159111	intron_variant	MODIFIER	protein_coding			
rs56249413					intron_variant	KDM4B		ENST00000381759	intron_variant	MODIFIER	protein_coding			
rs56249413					intron_variant	KDM4B		ENST00000536461	intron_variant	MODIFIER	protein_coding			
rs56249413					intron_variant	KDM4B		ENST00000588337	intron_variant	MODIFIER	protein_coding			
rs10416539					intron_variant	INSR		ENST00000302850	intron_variant	MODIFIER	protein_coding			
rs10416539					intron_variant	INSR		ENST00000341500	intron_variant	MODIFIER	protein_coding			
rs10416539					intron_variant	INSR		ENST00000598216	intron_variant,non_coding_transcript_variant	MODIFIER	retained_intron			
rs4804420					intron_variant	INSR		ENST00000302850	intron_variant	MODIFIER	protein_coding			
rs4804420					intron_variant	INSR		ENST00000341500	intron_variant	MODIFIER	protein_coding			
rs4804420					intron_variant	INSR		ENST00000598216	intron_variant,non_coding_transcript_variant	MODIFIER	retained_intron			
rs10427109					intron_variant	INSR		ENST00000302850	intron_variant	MODIFIER	protein_coding			
rs10427109					intron_variant	INSR		ENST00000341500	intron_variant	MODIFIER	protein_coding			
rs10427109					intron_variant	INSR		ENST00000598216	intron_variant,non_coding_transcript_variant	MODIFIER	retained_intron			
rs2115107					5_prime_UTR_variant	LRRC8E		ENST00000306708	downstream_gene_variant	MODIFIER	protein_coding			
rs2115107					5_prime_UTR_variant	RN7SL115P		ENST00000392196	upstream_gene_variant	MODIFIER	misc_RNA			
rs2115107					5_prime_UTR_variant	MAP2K7		ENST00000397979	upstream_gene_variant	MODIFIER	protein_coding			
rs2115107					5_prime_UTR_variant	MAP2K7		ENST00000397981	upstream_gene_variant	MODIFIER	protein_coding			
rs2115107					5_prime_UTR_variant	MAP2K7		ENST00000397983	upstream_gene_variant	MODIFIER	protein_coding			
rs2115107					5_prime_UTR_variant	MAP2K7		ENST00000468058	upstream_gene_variant	MODIFIER	retained_intron			
rs2115107					5_prime_UTR_variant	MAP2K7		ENST00000475022	upstream_gene_variant	MODIFIER	retained_intron			
rs2115107					5_prime_UTR_variant	AC010336.1		ENST00000539278	5_prime_UTR_variant	MODIFIER	protein_coding			
rs2115107					5_prime_UTR_variant	MAP2K7		ENST00000545011	upstream_gene_variant	MODIFIER	protein_coding			
rs2115107					5_prime_UTR_variant	LRRC8E		ENST00000593511	downstream_gene_variant	MODIFIER	protein_coding			
rs2115107					5_prime_UTR_variant	LRRC8E		ENST00000598224	downstream_gene_variant	MODIFIER	protein_coding			
rs2115107					5_prime_UTR_variant	LRRC8E		ENST00000599367	downstream_gene_variant	MODIFIER	protein_coding			
rs2115107					5_prime_UTR_variant	LRRC8E		ENST00000600345	downstream_gene_variant	MODIFIER	protein_coding			
rs116843064					missense_variant	ANGPTL4		ENST00000301455	missense_variant	MODERATE	protein_coding		40.0	E/K
rs116843064					missense_variant	ANGPTL4		ENST00000393962	missense_variant	MODERATE	protein_coding		40.0	E/K
rs116843064					missense_variant	ANGPTL4		ENST00000541807	5_prime_UTR_variant	MODIFIER	protein_coding			
rs116843064					missense_variant	ANGPTL4		ENST00000593998	missense_variant,NMD_transcript_variant	MODERATE	nonsense_mediated_decay		40.0	E/K
rs116843064					missense_variant	ANGPTL4		ENST00000594348	non_coding_transcript_exon_variant	MODIFIER	retained_intron			
rs116843064					missense_variant	ANGPTL4		ENST00000594875	missense_variant	MODERATE	protein_coding		15.0	E/K
rs116843064					missense_variant	ANGPTL4		ENST00000595079	missense_variant,NMD_transcript_variant	MODERATE	nonsense_mediated_decay		40.0	E/K
rs116843064					missense_variant	ANGPTL4		ENST00000597137	intron_variant,non_coding_transcript_variant	MODIFIER	retained_intron			
rs116843064					missense_variant	ANGPTL4		ENST00000598255	non_coding_transcript_exon_variant	MODIFIER	retained_intron			
rs116843064					missense_variant	ANGPTL4		ENST00000599192	missense_variant	MODERATE	protein_coding		40.0	E/K
rs116843064					missense_variant	ANGPTL4		ENST00000601770	missense_variant	MODERATE	protein_coding		40.0	E/K
rs116843064					missense_variant	ANGPTL4		ENST00000601886	missense_variant	MODERATE	protein_coding		40.0	E/K
rs4804181					intron_variant	ZNF799		ENST00000419318	intron_variant	MODIFIER	protein_coding			
rs4804181					intron_variant	ZNF799		ENST00000430385	intron_variant	MODIFIER	protein_coding			
rs4804181					intron_variant	ZNF799		ENST00000460935	upstream_gene_variant	MODIFIER	retained_intron			
rs4804181					intron_variant	ZNF799		ENST00000595766	intron_variant	MODIFIER	protein_coding			
rs3111316					intron_variant	FARSA		ENST00000314606	intron_variant	MODIFIER	protein_coding			
rs3111316					intron_variant	FARSA		ENST00000423140	intron_variant	MODIFIER	protein_coding			
rs3111316					intron_variant	FARSA		ENST00000586146	intron_variant,NMD_transcript_variant	MODIFIER	nonsense_mediated_decay			
rs3111316					intron_variant	FARSA		ENST00000586280	downstream_gene_variant	MODIFIER	retained_intron			
rs3111316					intron_variant	FARSA		ENST00000587488	intron_variant	MODIFIER	protein_coding			
rs3111316					intron_variant	FARSA		ENST00000587981	downstream_gene_variant	MODIFIER	protein_coding			
rs3111316					intron_variant	FARSA		ENST00000588025	intron_variant	MODIFIER	protein_coding			
rs3111316					intron_variant	FARSA		ENST00000588965	intron_variant,non_coding_transcript_variant	MODIFIER	retained_intron			
rs3111316					intron_variant	CTC-425F1.2		ENST00000592636	upstream_gene_variant	MODIFIER	antisense			
rs3111316					intron_variant	FARSA		ENST00000592662	downstream_gene_variant	MODIFIER	retained_intron			
rs3111316					intron_variant	FARSA		ENST00000593021	intron_variant	MODIFIER	protein_coding			
rs148340480					intron_variant	NFIX		ENST00000358552	intron_variant	MODIFIER	protein_coding			
rs148340480					intron_variant	NFIX		ENST00000360105	intron_variant	MODIFIER	protein_coding			
rs148340480					intron_variant	NFIX		ENST00000397661	intron_variant	MODIFIER	protein_coding			
rs148340480					intron_variant	NFIX		ENST00000585382	intron_variant,NMD_transcript_variant	MODIFIER	nonsense_mediated_decay			
rs148340480					intron_variant	NFIX		ENST00000585575	intron_variant	MODIFIER	protein_coding			
rs148340480					intron_variant	NFIX		ENST00000586797	intron_variant,NMD_transcript_variant	MODIFIER	nonsense_mediated_decay			
rs148340480					intron_variant	NFIX		ENST00000587260	intron_variant	MODIFIER	protein_coding			
rs148340480					intron_variant	NFIX		ENST00000587760	intron_variant	MODIFIER	protein_coding			
rs148340480					intron_variant	NFIX		ENST00000588228	intron_variant	MODIFIER	protein_coding			
rs148340480					intron_variant	NFIX		ENST00000592199	intron_variant	MODIFIER	protein_coding			
rs4808845					intron_variant	CRTC1		ENST00000321949	intron_variant	MODIFIER	protein_coding			
rs4808845					intron_variant	CRTC1		ENST00000338797	intron_variant	MODIFIER	protein_coding			
rs150057262					upstream_gene_variant	NCAN		ENST00000252575	upstream_gene_variant	MODIFIER	protein_coding			
rs8107974					intron_variant	SUGP1		ENST00000247001	intron_variant	MODIFIER	protein_coding			
rs8107974					intron_variant	TM6SF2		ENST00000389363	upstream_gene_variant	MODIFIER	protein_coding			
rs8107974					intron_variant	TM6SF2		ENST00000431465	upstream_gene_variant	MODIFIER	retained_intron			
rs8107974					intron_variant	TM6SF2		ENST00000586107	upstream_gene_variant	MODIFIER	processed_transcript			
rs8107974					intron_variant	SUGP1		ENST00000587119	intron_variant,NMD_transcript_variant	MODIFIER	nonsense_mediated_decay			
rs8107974					intron_variant	SUGP1		ENST00000588731	intron_variant,NMD_transcript_variant	MODIFIER	nonsense_mediated_decay			
rs8107974					intron_variant	SUGP1		ENST00000589144	intron_variant,NMD_transcript_variant	MODIFIER	nonsense_mediated_decay			
rs8107974					intron_variant	TM6SF2		ENST00000591001	upstream_gene_variant	MODIFIER	retained_intron			
rs8107974					intron_variant	SUGP1		ENST00000591007	intron_variant,non_coding_transcript_variant	MODIFIER	retained_intron			
rs8107974					intron_variant	SUGP1		ENST00000592188	intron_variant,non_coding_transcript_variant	MODIFIER	retained_intron			
rs7247433					downstream_gene_variant	ZNF101		ENST00000318110	downstream_gene_variant	MODIFIER	nonsense_mediated_decay			
rs7247433					downstream_gene_variant	ZNF101		ENST00000415440	downstream_gene_variant	MODIFIER	retained_intron			
rs7247433					downstream_gene_variant	ZNF101		ENST00000415784	downstream_gene_variant	MODIFIER	protein_coding			
rs7247433					downstream_gene_variant	ZNF101		ENST00000444249	downstream_gene_variant	MODIFIER	protein_coding			
rs7247433					downstream_gene_variant	ZNF101		ENST00000585565	downstream_gene_variant	MODIFIER	nonsense_mediated_decay			
rs7247433					downstream_gene_variant	ZNF101		ENST00000586745	downstream_gene_variant	MODIFIER	processed_transcript			
rs7247433					downstream_gene_variant	ZNF101		ENST00000592502	downstream_gene_variant	MODIFIER	protein_coding			
rs150617279					intron_variant	ZNF682		ENST00000358523	intron_variant	MODIFIER	protein_coding			
rs150617279					intron_variant	ZNF682		ENST00000397162	intron_variant	MODIFIER	protein_coding			
rs150617279					intron_variant	ZNF682		ENST00000397165	intron_variant	MODIFIER	protein_coding			
rs150617279					intron_variant	AC006539.1		ENST00000578235	upstream_gene_variant	MODIFIER	miRNA			
rs150617279					intron_variant	ZNF682		ENST00000593468	intron_variant	MODIFIER	protein_coding			
rs150617279					intron_variant	ZNF682		ENST00000595534	intron_variant,NMD_transcript_variant	MODIFIER	nonsense_mediated_decay			
rs150617279					intron_variant	ZNF682		ENST00000595736	intron_variant	MODIFIER	protein_coding			
rs150617279					intron_variant	ZNF682		ENST00000596019	intron_variant	MODIFIER	protein_coding			
rs150617279					intron_variant	ZNF682		ENST00000597972	upstream_gene_variant	MODIFIER	protein_coding			
rs150617279					intron_variant	ZNF682		ENST00000599240	downstream_gene_variant	MODIFIER	processed_transcript			
rs150617279					intron_variant	ZNF682		ENST00000601100	intron_variant	MODIFIER	protein_coding			
rs150617279					intron_variant	ZNF682		ENST00000602079	upstream_gene_variant	MODIFIER	protein_coding			
rs7507813					intron_variant	ZNF429		ENST00000358491	downstream_gene_variant	MODIFIER	protein_coding			
rs7507813					intron_variant	ZNF429		ENST00000594022	downstream_gene_variant	MODIFIER	processed_transcript			
rs7507813					intron_variant	ZNF429		ENST00000594385	upstream_gene_variant	MODIFIER	protein_coding			
rs7507813					intron_variant	ZNF429		ENST00000597078	intron_variant	MODIFIER	protein_coding			
rs142395395					intergenic_variant				intergenic_variant					
rs4932747					downstream_gene_variant	ZNF257		ENST00000594947	downstream_gene_variant	MODIFIER	protein_coding			
rs1469705					missense_variant	ZNF536		ENST00000355537	synonymous_variant	LOW	protein_coding		823.0	D
rs1469705					missense_variant	ZNF536		ENST00000355537	missense_variant	MODERATE	protein_coding		823.0	D/E
rs1469705					missense_variant	ZNF536		ENST00000585628	synonymous_variant	LOW	protein_coding		823.0	D
rs1469705					missense_variant	ZNF536		ENST00000585628	missense_variant	MODERATE	protein_coding		823.0	D/E
rs1469705					missense_variant	ZNF536		ENST00000592773	upstream_gene_variant	MODIFIER	protein_coding			
rs924150					intron_variant	TSHZ3		ENST00000240587	intron_variant	MODIFIER	protein_coding			
rs924150					intron_variant	TSHZ3		ENST00000558569	intron_variant	MODIFIER	protein_coding			
rs7256564					intron_variant	PEPD		ENST00000244137	intron_variant	MODIFIER	protein_coding			
rs7256564					intron_variant	PEPD		ENST00000397032	intron_variant	MODIFIER	protein_coding			
rs7256564					intron_variant	PEPD		ENST00000436370	intron_variant	MODIFIER	protein_coding			
rs7256564					intron_variant	PEPD		ENST00000588328	intron_variant	MODIFIER	protein_coding			
rs7256564					intron_variant	PEPD		ENST00000588719	downstream_gene_variant	MODIFIER	processed_transcript			
rs7256564					intron_variant	PEPD		ENST00000590731	downstream_gene_variant	MODIFIER	processed_transcript			
rs7256564					intron_variant	PEPD		ENST00000591968	upstream_gene_variant	MODIFIER	processed_transcript			
rs7256564					intron_variant	PEPD		ENST00000593163	downstream_gene_variant	MODIFIER	retained_intron			
rs7256564					intron_variant	PEPD		ENST00000609145	downstream_gene_variant	MODIFIER	protein_coding			
rs11670675					intron_variant	SARS2		ENST00000221431	intron_variant	MODIFIER	protein_coding			
rs11670675					intron_variant	SARS2		ENST00000430193	intron_variant	MODIFIER	protein_coding			
rs11670675					intron_variant	SARS2		ENST00000455102	downstream_gene_variant	MODIFIER	nonsense_mediated_decay			
rs11670675					intron_variant	CCER2		ENST00000571838	upstream_gene_variant	MODIFIER	protein_coding			
rs11670675					intron_variant	CCER2		ENST00000571845	upstream_gene_variant	MODIFIER	protein_coding			
rs11670675					intron_variant	SARS2		ENST00000594171	intron_variant	MODIFIER	protein_coding			
rs11670675					intron_variant	SARS2		ENST00000594259	intron_variant,non_coding_transcript_variant	MODIFIER	retained_intron			
rs11670675					intron_variant	SARS2		ENST00000597490	downstream_gene_variant	MODIFIER	retained_intron			
rs11670675					intron_variant	SARS2		ENST00000598563	downstream_gene_variant	MODIFIER	retained_intron			
rs11670675					intron_variant	SARS2		ENST00000598831	intron_variant	MODIFIER	protein_coding			
rs11670675					intron_variant	SARS2		ENST00000600042	intron_variant	MODIFIER	protein_coding			
rs11670675					intron_variant	SARS2		ENST00000600448	downstream_gene_variant	MODIFIER	retained_intron			
rs11670675					intron_variant	SARS2		ENST00000602034	downstream_gene_variant	MODIFIER	retained_intron			
rs11466334					intron_variant	TGFB1		ENST00000221930	intron_variant	MODIFIER	protein_coding			
rs11466334					intron_variant	TGFB1		ENST00000597453	downstream_gene_variant	MODIFIER	retained_intron			
rs11466334					intron_variant	TGFB1		ENST00000598758	intron_variant	MODIFIER	protein_coding			
rs11466334					intron_variant	TGFB1		ENST00000600196	intron_variant,non_coding_transcript_variant	MODIFIER	retained_intron			
rs55826925					intron_variant	B9D2		ENST00000243578	upstream_gene_variant	MODIFIER	protein_coding			
rs55826925					intron_variant	TMEM91		ENST00000413014	intron_variant	MODIFIER	protein_coding			
rs55826925					intron_variant	TMEM91		ENST00000539627	intron_variant	MODIFIER	protein_coding			
rs55826925					intron_variant	B9D2		ENST00000594416	upstream_gene_variant	MODIFIER	nonsense_mediated_decay			
rs55826925					intron_variant	B9D2		ENST00000601597	upstream_gene_variant	MODIFIER	processed_transcript			
rs55826925					intron_variant	TMEM91		ENST00000604123	intron_variant	MODIFIER	protein_coding			
rs57537848					intron_variant	PVRL2		ENST00000252483	intron_variant	MODIFIER	protein_coding			
rs57537848					intron_variant	PVRL2		ENST00000252485	intron_variant	MODIFIER	protein_coding			
rs429358					missense_variant	APOE		ENST00000252486	missense_variant	MODERATE	protein_coding		130.0	C/R
rs429358					missense_variant	TOMM40		ENST00000252487	downstream_gene_variant	MODIFIER	protein_coding			
rs429358					missense_variant	APOE		ENST00000425718	missense_variant	MODERATE	protein_coding		130.0	C/R
rs429358					missense_variant	APOE		ENST00000434152	missense_variant	MODERATE	protein_coding		156.0	C/R
rs429358					missense_variant	APOE		ENST00000446996	missense_variant	MODERATE	protein_coding		130.0	C/R
rs429358					missense_variant	APOE		ENST00000485628	downstream_gene_variant	MODIFIER	retained_intron			
rs429358					missense_variant	TOMM40		ENST00000592434	downstream_gene_variant	MODIFIER	protein_coding			
rs62118504					intron_variant	EXOC3L2		ENST00000252482	intron_variant	MODIFIER	protein_coding			
rs62118504					intron_variant	EXOC3L2		ENST00000413988	intron_variant	MODIFIER	protein_coding			
rs62118504					intron_variant	MARK4		ENST00000587566	intron_variant	MODIFIER	protein_coding			
rs10406431					downstream_gene_variant	RN7SL836P		ENST00000476140	downstream_gene_variant	MODIFIER	misc_RNA			
rs61373376					intron_variant	GIPR		ENST00000263281	intron_variant	MODIFIER	protein_coding			
rs61373376					intron_variant	GIPR		ENST00000304207	intron_variant	MODIFIER	protein_coding			
rs61373376					intron_variant	GIPR		ENST00000585889	intron_variant,NMD_transcript_variant	MODIFIER	nonsense_mediated_decay			
rs61373376					intron_variant	GIPR		ENST00000588816	downstream_gene_variant	MODIFIER	retained_intron			
rs61373376					intron_variant	GIPR		ENST00000590918	intron_variant	MODIFIER	protein_coding			
rs61373376					intron_variant	GIPR		ENST00000591224	downstream_gene_variant	MODIFIER	retained_intron			
rs61373376					intron_variant	GIPR		ENST00000593127	downstream_gene_variant	MODIFIER	processed_transcript			
rs34505186					3_prime_UTR_variant	FBXO46		ENST00000317683	3_prime_UTR_variant	MODIFIER	protein_coding			
rs34505186					3_prime_UTR_variant	FBXO46		ENST00000586899	downstream_gene_variant	MODIFIER	protein_coding			
rs34505186					3_prime_UTR_variant	FBXO46		ENST00000591686	downstream_gene_variant	MODIFIER	protein_coding			
rs11083785					upstream_gene_variant	MYPOP		ENST00000322217	upstream_gene_variant	MODIFIER	protein_coding			
rs8101149					intron_variant	ZC3H4		ENST00000253048	intron_variant	MODIFIER	protein_coding			
rs8101149					intron_variant	ZC3H4		ENST00000594019	intron_variant,non_coding_transcript_variant	MODIFIER	processed_transcript			
rs8101149					intron_variant	ZC3H4		ENST00000595341	upstream_gene_variant	MODIFIER	retained_intron			
rs8101149					intron_variant	ZC3H4		ENST00000597069	intron_variant,non_coding_transcript_variant	MODIFIER	processed_transcript			
rs34010237					intron_variant	FCGRT		ENST00000221466	upstream_gene_variant	MODIFIER	protein_coding			
rs34010237					intron_variant	FCGRT		ENST00000426395	upstream_gene_variant	MODIFIER	protein_coding			
rs34010237					intron_variant	FCGRT		ENST00000452439	upstream_gene_variant	MODIFIER	retained_intron			
rs34010237					intron_variant	FCGRT		ENST00000593381	upstream_gene_variant	MODIFIER	protein_coding			
rs34010237					intron_variant	FCGRT		ENST00000593431	upstream_gene_variant	MODIFIER	retained_intron			
rs34010237					intron_variant	FCGRT		ENST00000594823	upstream_gene_variant	MODIFIER	processed_transcript			
rs34010237					intron_variant	FCGRT		ENST00000595677	upstream_gene_variant	MODIFIER	processed_transcript			
rs34010237					intron_variant	FCGRT		ENST00000595881	upstream_gene_variant	MODIFIER	retained_intron			
rs34010237					intron_variant	FCGRT		ENST00000596147	intron_variant,non_coding_transcript_variant	MODIFIER	retained_intron			
rs34010237					intron_variant	FCGRT		ENST00000596975	upstream_gene_variant	MODIFIER	protein_coding			
rs34010237					intron_variant	FCGRT		ENST00000598076	upstream_gene_variant	MODIFIER	protein_coding			
rs34010237					intron_variant	FCGRT		ENST00000598319	upstream_gene_variant	MODIFIER	nonsense_mediated_decay			
rs34010237					intron_variant	FCGRT		ENST00000598491	upstream_gene_variant	MODIFIER	protein_coding			
rs34010237					intron_variant	FCGRT		ENST00000598927	upstream_gene_variant	MODIFIER	nonsense_mediated_decay			
rs34010237					intron_variant	FCGRT		ENST00000598936	upstream_gene_variant	MODIFIER	retained_intron			
rs34010237					intron_variant	FCGRT		ENST00000598949	upstream_gene_variant	MODIFIER	nonsense_mediated_decay			
rs34010237					intron_variant	FCGRT		ENST00000599701	upstream_gene_variant	MODIFIER	protein_coding			
rs34010237					intron_variant	FCGRT		ENST00000599988	upstream_gene_variant	MODIFIER	protein_coding			
rs34010237					intron_variant	FCGRT		ENST00000600273	upstream_gene_variant	MODIFIER	protein_coding			
rs73582456					intron_variant	FCGRT		ENST00000221466	downstream_gene_variant	MODIFIER	protein_coding			
rs73582456					intron_variant	RCN3		ENST00000270645	intron_variant	MODIFIER	protein_coding			
rs73582456					intron_variant	FCGRT		ENST00000426395	downstream_gene_variant	MODIFIER	protein_coding			
rs73582456					intron_variant	RCN3		ENST00000593644	intron_variant,non_coding_transcript_variant	MODIFIER	processed_transcript			
rs73582456					intron_variant	FCGRT		ENST00000595881	downstream_gene_variant	MODIFIER	retained_intron			
rs73582456					intron_variant	FCGRT		ENST00000596975	downstream_gene_variant	MODIFIER	protein_coding			
rs73582456					intron_variant	RCN3		ENST00000597801	intron_variant	MODIFIER	protein_coding			
rs73582456					intron_variant	FCGRT		ENST00000598076	downstream_gene_variant	MODIFIER	protein_coding			
rs73582456					intron_variant	RCN3		ENST00000598833	intron_variant	MODIFIER	protein_coding			
rs73582456					intron_variant	FCGRT		ENST00000598927	downstream_gene_variant	MODIFIER	nonsense_mediated_decay			
rs73582456					intron_variant	FCGRT		ENST00000599988	downstream_gene_variant	MODIFIER	protein_coding			
rs1047507					3_prime_UTR_variant	SOX12		ENST00000342665	3_prime_UTR_variant	MODIFIER	protein_coding			
rs1047507					3_prime_UTR_variant	RP5-1103G7.4		ENST00000414676	upstream_gene_variant	MODIFIER	antisense			
rs1047507					3_prime_UTR_variant	RP5-1103G7.4		ENST00000442637	intron_variant,non_coding_transcript_variant	MODIFIER	antisense			
rs1047507					3_prime_UTR_variant	SOX12		ENST00000544632	3_prime_UTR_variant	MODIFIER	protein_coding			
rs4813319					intron_variant	SIRPA		ENST00000356025	intron_variant	MODIFIER	protein_coding			
rs4813319					intron_variant	SIRPA		ENST00000358771	intron_variant	MODIFIER	protein_coding			
rs4813319					intron_variant	SIRPA		ENST00000400068	intron_variant	MODIFIER	protein_coding			
rs62216977					intron_variant	DTD1		ENST00000377452	intron_variant	MODIFIER	protein_coding			
rs2181063					intergenic_variant				intergenic_variant					
rs1203894					intron_variant	LINC00261		ENST00000564492	intron_variant,non_coding_transcript_variant	MODIFIER	lincRNA			
rs1203894					intron_variant	LINC00261		ENST00000609300	upstream_gene_variant	MODIFIER	lincRNA			
rs1737897					downstream_gene_variant	ASXL1		ENST00000306058	downstream_gene_variant	MODIFIER	protein_coding			
rs1737897					downstream_gene_variant	C20orf112		ENST00000359676	downstream_gene_variant	MODIFIER	protein_coding			
rs1737897					downstream_gene_variant	ASXL1		ENST00000375687	downstream_gene_variant	MODIFIER	protein_coding			
rs149142833					5_prime_UTR_variant	CBFA2T2		ENST00000342704	intron_variant	MODIFIER	protein_coding			
rs149142833					5_prime_UTR_variant	CBFA2T2		ENST00000344201	intron_variant	MODIFIER	protein_coding			
rs149142833					5_prime_UTR_variant	CBFA2T2		ENST00000346541	intron_variant	MODIFIER	protein_coding			
rs149142833					5_prime_UTR_variant	CBFA2T2		ENST00000359606	5_prime_UTR_variant	MODIFIER	protein_coding			
rs149142833					5_prime_UTR_variant	CBFA2T2		ENST00000375279	intron_variant	MODIFIER	protein_coding			
rs149142833					5_prime_UTR_variant	CBFA2T2		ENST00000397798	intron_variant	MODIFIER	protein_coding			
rs149142833					5_prime_UTR_variant	CBFA2T2		ENST00000397800	intron_variant	MODIFIER	protein_coding			
rs149142833					5_prime_UTR_variant	CBFA2T2		ENST00000471007	intron_variant,non_coding_transcript_variant	MODIFIER	processed_transcript			
rs149142833					5_prime_UTR_variant	CBFA2T2		ENST00000492345	intron_variant	MODIFIER	protein_coding			
rs1810534					intron_variant	CHMP4B		ENST00000217402	intron_variant	MODIFIER	protein_coding			
rs4911405					intron_variant	EIF2S2		ENST00000374980	downstream_gene_variant	MODIFIER	protein_coding			
rs4911405					intron_variant	RALY		ENST00000489384	intron_variant,non_coding_transcript_variant	MODIFIER	processed_transcript			
rs17265513					missense_variant	ZHX3		ENST00000309060	missense_variant	MODERATE	protein_coding		310.0	N/S
rs17265513					missense_variant	ZHX3		ENST00000373261	downstream_gene_variant	MODIFIER	protein_coding			
rs17265513					missense_variant	ZHX3		ENST00000419740	downstream_gene_variant	MODIFIER	protein_coding			
rs17265513					missense_variant	ZHX3		ENST00000421422	missense_variant	MODERATE	protein_coding		19.0	N/S
rs17265513					missense_variant	ZHX3		ENST00000432768	missense_variant	MODERATE	protein_coding		310.0	N/S
rs17265513					missense_variant	ZHX3		ENST00000436099	downstream_gene_variant	MODIFIER	protein_coding			
rs17265513					missense_variant	ZHX3		ENST00000436440	downstream_gene_variant	MODIFIER	protein_coding			
rs17265513					missense_variant	ZHX3		ENST00000441102	downstream_gene_variant	MODIFIER	protein_coding			
rs17265513					missense_variant	ZHX3		ENST00000540170	missense_variant	MODERATE	protein_coding		310.0	N/S
rs17265513					missense_variant	ZHX3		ENST00000544979	missense_variant	MODERATE	protein_coding		310.0	N/S
rs17265513					missense_variant	ZHX3		ENST00000557816	intron_variant	MODIFIER	protein_coding			
rs17265513					missense_variant	ZHX3		ENST00000558993	intron_variant	MODIFIER	protein_coding			
rs17265513					missense_variant	ZHX3		ENST00000559234	missense_variant	MODERATE	protein_coding		310.0	N/S
rs17265513					missense_variant	ZHX3		ENST00000559436	upstream_gene_variant	MODIFIER	protein_coding			
rs17265513					missense_variant	ZHX3		ENST00000560361	missense_variant	MODERATE	protein_coding		310.0	N/S
rs17265513					missense_variant	ZHX3		ENST00000560364	3_prime_UTR_variant,NMD_transcript_variant	MODIFIER	nonsense_mediated_decay			
rs826949					intron_variant	MYBL2		ENST00000217026	intron_variant	MODIFIER	protein_coding			
rs826949					intron_variant	MYBL2		ENST00000396863	intron_variant	MODIFIER	protein_coding			
rs183623967					intron_variant	TOX2		ENST00000341197	intron_variant	MODIFIER	protein_coding			
rs183623967					intron_variant	TOX2		ENST00000358131	intron_variant	MODIFIER	protein_coding			
rs183623967					intron_variant	TOX2		ENST00000372999	intron_variant	MODIFIER	protein_coding			
rs183623967					intron_variant	TOX2		ENST00000423191	intron_variant	MODIFIER	protein_coding			
rs183623967					intron_variant	TOX2		ENST00000435864	intron_variant,non_coding_transcript_variant	MODIFIER	processed_transcript			
rs6073369					intron_variant	OSER1		ENST00000255174	intron_variant	MODIFIER	protein_coding			
rs6073369					intron_variant	OSER1		ENST00000372970	intron_variant	MODIFIER	protein_coding			
rs2144907					intron_variant	R3HDML		ENST00000217043	intron_variant	MODIFIER	protein_coding			
rs2144907					intron_variant	Y_RNA		ENST00000364493	downstream_gene_variant	MODIFIER	misc_RNA			
rs2144907					intron_variant	RP5-881L22.5		ENST00000430481	downstream_gene_variant	MODIFIER	antisense			
rs2144907					intron_variant	RP5-881L22.5		ENST00000438702	intron_variant,non_coding_transcript_variant	MODIFIER	antisense			
rs188520200					5_prime_UTR_variant	R3HDML		ENST00000217043	downstream_gene_variant	MODIFIER	protein_coding			
rs188520200					5_prime_UTR_variant	HNF4A		ENST00000316673	5_prime_UTR_variant	MODIFIER	protein_coding			
rs188520200					5_prime_UTR_variant	RP5-881L22.5		ENST00000430481	upstream_gene_variant	MODIFIER	antisense			
rs188520200					5_prime_UTR_variant	RP5-881L22.5		ENST00000438702	upstream_gene_variant	MODIFIER	antisense			
rs188520200					5_prime_UTR_variant	HNF4A		ENST00000457232	upstream_gene_variant	MODIFIER	protein_coding			
rs188520200					5_prime_UTR_variant	HNF4A		ENST00000609262	upstream_gene_variant	MODIFIER	protein_coding			
rs188520200					5_prime_UTR_variant	HNF4A		ENST00000609795	upstream_gene_variant	MODIFIER	protein_coding			
rs12625671					intron_variant	HNF4A		ENST00000316673	intron_variant	MODIFIER	protein_coding			
rs12625671					intron_variant	HNF4A		ENST00000457232	intron_variant	MODIFIER	protein_coding			
rs12625671					intron_variant	HNF4A		ENST00000609262	intron_variant	MODIFIER	protein_coding			
rs12625671					intron_variant	HNF4A		ENST00000609795	intron_variant	MODIFIER	protein_coding			
rs112845208					intron_variant	HNF4A		ENST00000316673	intron_variant	MODIFIER	protein_coding			
rs112845208					intron_variant	HNF4A		ENST00000457232	intron_variant	MODIFIER	protein_coding			
rs112845208					intron_variant	HNF4A-AS1		ENST00000609152	downstream_gene_variant	MODIFIER	antisense			
rs112845208					intron_variant	HNF4A		ENST00000609262	intron_variant	MODIFIER	protein_coding			
rs112845208					intron_variant	HNF4A		ENST00000609795	intron_variant	MODIFIER	protein_coding			
rs1800961					missense_variant	HNF4A		ENST00000316099	missense_variant	MODERATE	protein_coding		139.0	T/I
rs1800961					missense_variant	HNF4A		ENST00000316673	missense_variant	MODERATE	protein_coding		117.0	T/I
rs1800961					missense_variant	HNF4A		ENST00000372920	3_prime_UTR_variant,NMD_transcript_variant	MODIFIER	nonsense_mediated_decay			
rs1800961					missense_variant	HNF4A		ENST00000415691	missense_variant	MODERATE	protein_coding		139.0	T/I
rs1800961					missense_variant	HNF4A		ENST00000443598	missense_variant	MODERATE	protein_coding		139.0	T/I
rs1800961					missense_variant	HNF4A		ENST00000457232	missense_variant	MODERATE	protein_coding		117.0	T/I
rs1800961					missense_variant	HNF4A		ENST00000609795	missense_variant	MODERATE	protein_coding		117.0	T/I
rs6073434					intron_variant	HNF4A		ENST00000316099	intron_variant	MODIFIER	protein_coding			
rs6073434					intron_variant	HNF4A		ENST00000316673	intron_variant	MODIFIER	protein_coding			
rs6073434					intron_variant	HNF4A		ENST00000372920	intron_variant,NMD_transcript_variant	MODIFIER	nonsense_mediated_decay			
rs6073434					intron_variant	HNF4A		ENST00000415691	intron_variant	MODIFIER	protein_coding			
rs6073434					intron_variant	HNF4A		ENST00000443598	intron_variant	MODIFIER	protein_coding			
rs6073434					intron_variant	HNF4A		ENST00000457232	intron_variant	MODIFIER	protein_coding			
rs6073434					intron_variant	AL132772.1		ENST00000581483	downstream_gene_variant	MODIFIER	miRNA			
rs6073434					intron_variant	HNF4A		ENST00000609795	intron_variant	MODIFIER	protein_coding			
rs244080					intron_variant	PKIG		ENST00000349959	intron_variant	MODIFIER	protein_coding			
rs244080					intron_variant	ADA		ENST00000372874	downstream_gene_variant	MODIFIER	protein_coding			
rs244080					intron_variant	PKIG		ENST00000372882	intron_variant	MODIFIER	protein_coding			
rs244080					intron_variant	PKIG		ENST00000372886	intron_variant	MODIFIER	protein_coding			
rs244080					intron_variant	PKIG		ENST00000372887	intron_variant	MODIFIER	protein_coding			
rs244080					intron_variant	PKIG		ENST00000372889	intron_variant	MODIFIER	protein_coding			
rs244080					intron_variant	PKIG		ENST00000372891	intron_variant	MODIFIER	protein_coding			
rs244080					intron_variant	PKIG		ENST00000372892	intron_variant	MODIFIER	protein_coding			
rs244080					intron_variant	PKIG		ENST00000372894	intron_variant	MODIFIER	protein_coding			
rs244080					intron_variant	ADA		ENST00000464097	downstream_gene_variant	MODIFIER	processed_transcript			
rs244080					intron_variant	PKIG		ENST00000477390	downstream_gene_variant	MODIFIER	processed_transcript			
rs244080					intron_variant	ADA		ENST00000492931	downstream_gene_variant	MODIFIER	processed_transcript			
rs244080					intron_variant	ADA		ENST00000536532	downstream_gene_variant	MODIFIER	nonsense_mediated_decay			
rs244080					intron_variant	ADA		ENST00000537820	downstream_gene_variant	MODIFIER	protein_coding			
rs244080					intron_variant	ADA		ENST00000539235	downstream_gene_variant	MODIFIER	nonsense_mediated_decay			
rs244080					intron_variant	Z97053.1		ENST00000597250	intron_variant	MODIFIER	protein_coding			
rs56062745					intron_variant	ADA		ENST00000372874	intron_variant	MODIFIER	protein_coding			
rs56062745					intron_variant	PKIG		ENST00000372882	downstream_gene_variant	MODIFIER	protein_coding			
rs56062745					intron_variant	PKIG		ENST00000372887	downstream_gene_variant	MODIFIER	protein_coding			
rs56062745					intron_variant	ADA		ENST00000464097	upstream_gene_variant	MODIFIER	processed_transcript			
rs56062745					intron_variant	ADA		ENST00000492931	intron_variant,non_coding_transcript_variant	MODIFIER	processed_transcript			
rs56062745					intron_variant	ADA		ENST00000536076	intron_variant,non_coding_transcript_variant	MODIFIER	processed_transcript			
rs56062745					intron_variant	ADA		ENST00000536532	intron_variant,NMD_transcript_variant	MODIFIER	nonsense_mediated_decay			
rs56062745					intron_variant	ADA		ENST00000537820	intron_variant	MODIFIER	protein_coding			
rs56062745					intron_variant	ADA		ENST00000539235	intron_variant,NMD_transcript_variant	MODIFIER	nonsense_mediated_decay			
rs56062745					intron_variant	ADA		ENST00000545776	intron_variant,non_coding_transcript_variant	MODIFIER	retained_intron			
rs67559658					intron_variant	EYA2		ENST00000327619	intron_variant	MODIFIER	protein_coding			
rs67559658					intron_variant	EYA2		ENST00000357410	intron_variant	MODIFIER	protein_coding			
rs67559658					intron_variant	EYA2		ENST00000497062	intron_variant,NMD_transcript_variant	MODIFIER	nonsense_mediated_decay			
rs6063046					intron_variant	EYA2		ENST00000327619	intron_variant	MODIFIER	protein_coding			
rs6063046					intron_variant	EYA2		ENST00000357410	intron_variant	MODIFIER	protein_coding			
rs6063046					intron_variant	EYA2		ENST00000497062	intron_variant,NMD_transcript_variant	MODIFIER	nonsense_mediated_decay			
rs6091115					regulatory_region_variant				regulatory_region_variant					
rs3787186					intron_variant	NFATC2		ENST00000371564	intron_variant	MODIFIER	protein_coding			
rs3787186					intron_variant	NFATC2		ENST00000396009	intron_variant	MODIFIER	protein_coding			
rs3787186					intron_variant	NFATC2		ENST00000414705	intron_variant	MODIFIER	protein_coding			
rs3787186					intron_variant	NFATC2		ENST00000609507	intron_variant	MODIFIER	protein_coding			
rs3787186					intron_variant	NFATC2		ENST00000609943	intron_variant	MODIFIER	protein_coding			
rs3787186					intron_variant	NFATC2		ENST00000610033	intron_variant	MODIFIER	protein_coding			
rs6021487					intron_variant	RP5-1112F19.2		ENST00000438154	intron_variant,non_coding_transcript_variant	MODIFIER	lincRNA			
rs2426443					intron_variant	RP4-723E3.1		ENST00000454600	intron_variant,non_coding_transcript_variant	MODIFIER	lincRNA			
rs1523539					intron_variant	RP4-715N11.2		ENST00000413070	intron_variant,non_coding_transcript_variant	MODIFIER	lincRNA			
rs1523539					intron_variant	RP4-715N11.2		ENST00000421642	intron_variant,non_coding_transcript_variant	MODIFIER	lincRNA			
rs1523539					intron_variant	RP4-715N11.2		ENST00000425279	upstream_gene_variant	MODIFIER	lincRNA			
rs1523539					intron_variant	RP4-715N11.2		ENST00000437987	upstream_gene_variant	MODIFIER	lincRNA			
rs1523539					intron_variant	RP4-715N11.2		ENST00000448013	upstream_gene_variant	MODIFIER	lincRNA			
rs2741362					intron_variant	TSHZ2		ENST00000371497	intron_variant	MODIFIER	protein_coding			
rs507381					intergenic_variant				intergenic_variant					
rs6070620					intergenic_variant				intergenic_variant					
rs1800900					5_prime_UTR_variant	GNAS		ENST00000313949	5_prime_UTR_variant	MODIFIER	protein_coding			
rs1800900					5_prime_UTR_variant	GNAS		ENST00000371075	5_prime_UTR_variant	MODIFIER	protein_coding			
rs1800900					5_prime_UTR_variant	GNAS		ENST00000371098	5_prime_UTR_variant	MODIFIER	protein_coding			
rs1800900					5_prime_UTR_variant	GNAS		ENST00000419558	upstream_gene_variant	MODIFIER	protein_coding			
rs1800900					5_prime_UTR_variant	GNAS-AS1		ENST00000424094	intron_variant,non_coding_transcript_variant	MODIFIER	antisense			
rs1800900					5_prime_UTR_variant	GNAS-AS1		ENST00000443966	non_coding_transcript_exon_variant	MODIFIER	antisense			
rs1800900					5_prime_UTR_variant	GNAS		ENST00000453292	upstream_gene_variant	MODIFIER	protein_coding			
rs1800900					5_prime_UTR_variant	GNAS		ENST00000462499	upstream_gene_variant	MODIFIER	processed_transcript			
rs1800900					5_prime_UTR_variant	GNAS		ENST00000467227	upstream_gene_variant	MODIFIER	processed_transcript			
rs1800900					5_prime_UTR_variant	GNAS		ENST00000472183	upstream_gene_variant	MODIFIER	processed_transcript			
rs1800900					5_prime_UTR_variant	GNAS		ENST00000482112	upstream_gene_variant	MODIFIER	processed_transcript			
rs1800900					5_prime_UTR_variant	GNAS		ENST00000490374	upstream_gene_variant	MODIFIER	processed_transcript			
rs1800900					5_prime_UTR_variant	GNAS		ENST00000491348	upstream_gene_variant	MODIFIER	processed_transcript			
rs1800900					5_prime_UTR_variant	GNAS		ENST00000493744	upstream_gene_variant	MODIFIER	processed_transcript			
rs1800900					5_prime_UTR_variant	GNAS-AS1		ENST00000598163	intron_variant,non_coding_transcript_variant	MODIFIER	antisense			
rs1800900					5_prime_UTR_variant	RP4-806M20.3		ENST00000601795	upstream_gene_variant	MODIFIER	lincRNA			
rs4812042					intron_variant	GNAS		ENST00000265620	upstream_gene_variant	MODIFIER	protein_coding			
rs4812042					intron_variant	GNAS		ENST00000306090	upstream_gene_variant	MODIFIER	protein_coding			
rs4812042					intron_variant	GNAS		ENST00000313949	intron_variant	MODIFIER	protein_coding			
rs4812042					intron_variant	GNAS		ENST00000338783	upstream_gene_variant	MODIFIER	protein_coding			
rs4812042					intron_variant	GNAS		ENST00000349036	intron_variant	MODIFIER	protein_coding			
rs4812042					intron_variant	GNAS		ENST00000354359	upstream_gene_variant	MODIFIER	protein_coding			
rs4812042					intron_variant	GNAS		ENST00000371075	intron_variant	MODIFIER	protein_coding			
rs4812042					intron_variant	GNAS		ENST00000371081	upstream_gene_variant	MODIFIER	protein_coding			
rs4812042					intron_variant	GNAS		ENST00000371085	upstream_gene_variant	MODIFIER	protein_coding			
rs4812042					intron_variant	GNAS		ENST00000371095	upstream_gene_variant	MODIFIER	protein_coding			
rs4812042					intron_variant	GNAS		ENST00000371098	intron_variant	MODIFIER	protein_coding			
rs4812042					intron_variant	GNAS		ENST00000371100	intron_variant	MODIFIER	protein_coding			
rs4812042					intron_variant	GNAS		ENST00000371102	intron_variant	MODIFIER	protein_coding			
rs4812042					intron_variant	GNAS		ENST00000419558	intron_variant	MODIFIER	protein_coding			
rs4812042					intron_variant	GNAS		ENST00000423897	intron_variant	MODIFIER	protein_coding			
rs4812042					intron_variant	RP1-309F20.3		ENST00000424434	intron_variant,non_coding_transcript_variant	MODIFIER	antisense			
rs4812042					intron_variant	RP1-309F20.3		ENST00000441270	intron_variant,non_coding_transcript_variant	MODIFIER	antisense			
rs4812042					intron_variant	GNAS		ENST00000450130	intron_variant	MODIFIER	protein_coding			
rs4812042					intron_variant	GNAS		ENST00000453292	intron_variant	MODIFIER	protein_coding			
rs4812042					intron_variant	GNAS		ENST00000461152	upstream_gene_variant	MODIFIER	processed_transcript			
rs4812042					intron_variant	GNAS		ENST00000462499	intron_variant,non_coding_transcript_variant	MODIFIER	processed_transcript			
rs4812042					intron_variant	GNAS		ENST00000464624	intron_variant,non_coding_transcript_variant	MODIFIER	processed_transcript			
rs4812042					intron_variant	GNAS		ENST00000464788	upstream_gene_variant	MODIFIER	processed_transcript			
rs4812042					intron_variant	GNAS		ENST00000464960	upstream_gene_variant	MODIFIER	processed_transcript			
rs4812042					intron_variant	GNAS		ENST00000467227	intron_variant,non_coding_transcript_variant	MODIFIER	processed_transcript			
rs4812042					intron_variant	GNAS		ENST00000467321	upstream_gene_variant	MODIFIER	processed_transcript			
rs4812042					intron_variant	GNAS		ENST00000468895	upstream_gene_variant	MODIFIER	processed_transcript			
rs4812042					intron_variant	GNAS		ENST00000469431	upstream_gene_variant	MODIFIER	processed_transcript			
rs4812042					intron_variant	GNAS		ENST00000470512	upstream_gene_variant	MODIFIER	processed_transcript			
rs4812042					intron_variant	GNAS		ENST00000472183	intron_variant,non_coding_transcript_variant	MODIFIER	processed_transcript			
rs4812042					intron_variant	GNAS		ENST00000477931	upstream_gene_variant	MODIFIER	processed_transcript			
rs4812042					intron_variant	GNAS		ENST00000478585	upstream_gene_variant	MODIFIER	processed_transcript			
rs4812042					intron_variant	GNAS		ENST00000480232	upstream_gene_variant	MODIFIER	processed_transcript			
rs4812042					intron_variant	GNAS		ENST00000480975	upstream_gene_variant	MODIFIER	processed_transcript			
rs4812042					intron_variant	GNAS		ENST00000481039	upstream_gene_variant	MODIFIER	processed_transcript			
rs4812042					intron_variant	GNAS		ENST00000481768	intron_variant,non_coding_transcript_variant	MODIFIER	processed_transcript			
rs4812042					intron_variant	GNAS		ENST00000482112	intron_variant,non_coding_transcript_variant	MODIFIER	processed_transcript			
rs4812042					intron_variant	GNAS		ENST00000484504	upstream_gene_variant	MODIFIER	processed_transcript			
rs4812042					intron_variant	GNAS		ENST00000485673	upstream_gene_variant	MODIFIER	processed_transcript			
rs4812042					intron_variant	GNAS		ENST00000488546	upstream_gene_variant	MODIFIER	processed_transcript			
rs4812042					intron_variant	GNAS		ENST00000490374	intron_variant,non_coding_transcript_variant	MODIFIER	processed_transcript			
rs4812042					intron_variant	GNAS		ENST00000491348	intron_variant,non_coding_transcript_variant	MODIFIER	processed_transcript			
rs4812042					intron_variant	GNAS		ENST00000493744	intron_variant,non_coding_transcript_variant	MODIFIER	processed_transcript			
rs4812042					intron_variant	GNAS		ENST00000604005	upstream_gene_variant	MODIFIER	protein_coding			
rs4812042					intron_variant	RP1-309F20.3		ENST00000605534	upstream_gene_variant	MODIFIER	processed_transcript			
rs45551238					5_prime_UTR_variant	ATP5E		ENST00000243997	5_prime_UTR_variant	MODIFIER	protein_coding			
rs45551238					5_prime_UTR_variant	SLMO2		ENST00000355937	downstream_gene_variant	MODIFIER	protein_coding			
rs45551238					5_prime_UTR_variant	SLMO2		ENST00000371033	downstream_gene_variant	MODIFIER	protein_coding			
rs45551238					5_prime_UTR_variant	ATP5E		ENST00000395659	5_prime_UTR_variant	MODIFIER	protein_coding			
rs45551238					5_prime_UTR_variant	ATP5E		ENST00000395663	upstream_gene_variant	MODIFIER	protein_coding			
rs45551238					5_prime_UTR_variant	SLMO2		ENST00000463057	downstream_gene_variant	MODIFIER	nonsense_mediated_decay			
rs2274933					missense_variant	LAMA5		ENST00000252999	synonymous_variant	LOW	protein_coding		2061.0	F
rs2274933					missense_variant	LAMA5		ENST00000252999	missense_variant	MODERATE	protein_coding		2061.0	F/L
rs2274933					missense_variant	LAMA5		ENST00000464134	downstream_gene_variant	MODIFIER	retained_intron			
rs2274933					missense_variant	LAMA5		ENST00000481120	upstream_gene_variant	MODIFIER	retained_intron			
rs2274933					missense_variant	LAMA5		ENST00000497363	downstream_gene_variant	MODIFIER	processed_transcript			
rs34885433					intron_variant	SLCO4A1		ENST00000217159	intron_variant	MODIFIER	protein_coding			
rs34885433					intron_variant	RP11-93B14.6		ENST00000370520	intron_variant	MODIFIER	protein_coding			
rs34885433					intron_variant	SLCO4A1		ENST00000497209	intron_variant,NMD_transcript_variant	MODIFIER	nonsense_mediated_decay			
rs1056441					3_prime_UTR_variant	ZBTB46		ENST00000245663	downstream_gene_variant	MODIFIER	protein_coding			
rs1056441					3_prime_UTR_variant	SLC2A4RG		ENST00000266077	upstream_gene_variant	MODIFIER	protein_coding			
rs1056441					3_prime_UTR_variant	LIME1		ENST00000309546	3_prime_UTR_variant	MODIFIER	protein_coding			
rs1056441					3_prime_UTR_variant	ZGPAT		ENST00000328969	downstream_gene_variant	MODIFIER	protein_coding			
rs1056441					3_prime_UTR_variant	ZGPAT		ENST00000355969	downstream_gene_variant	MODIFIER	protein_coding			
rs1056441					3_prime_UTR_variant	ZGPAT		ENST00000357119	downstream_gene_variant	MODIFIER	protein_coding			
rs1056441					3_prime_UTR_variant	ZGPAT		ENST00000369967	downstream_gene_variant	MODIFIER	protein_coding			
rs1056441					3_prime_UTR_variant	LIME1		ENST00000444951	downstream_gene_variant	MODIFIER	protein_coding			
rs1056441					3_prime_UTR_variant	ZGPAT		ENST00000448100	downstream_gene_variant	MODIFIER	protein_coding			
rs1056441					3_prime_UTR_variant	LIME1		ENST00000465591	downstream_gene_variant	MODIFIER	processed_transcript			
rs1056441					3_prime_UTR_variant	ZGPAT		ENST00000472711	downstream_gene_variant	MODIFIER	processed_transcript			
rs1056441					3_prime_UTR_variant	SLC2A4RG		ENST00000473157	upstream_gene_variant	MODIFIER	processed_transcript			
rs1056441					3_prime_UTR_variant	SLC2A4RG		ENST00000474248	upstream_gene_variant	MODIFIER	processed_transcript			
rs1056441					3_prime_UTR_variant	LIME1		ENST00000476183	downstream_gene_variant	MODIFIER	processed_transcript			
rs1056441					3_prime_UTR_variant	ZGPAT		ENST00000477340	downstream_gene_variant	MODIFIER	retained_intron			
rs1056441					3_prime_UTR_variant	ZGPAT		ENST00000478385	downstream_gene_variant	MODIFIER	processed_transcript			
rs1056441					3_prime_UTR_variant	LIME1		ENST00000480139	downstream_gene_variant	MODIFIER	processed_transcript			
rs1056441					3_prime_UTR_variant	SLC2A4RG		ENST00000482718	upstream_gene_variant	MODIFIER	processed_transcript			
rs1056441					3_prime_UTR_variant	ZGPAT		ENST00000484569	downstream_gene_variant	MODIFIER	retained_intron			
rs1056441					3_prime_UTR_variant	SLC2A4RG		ENST00000485897	upstream_gene_variant	MODIFIER	processed_transcript			
rs1056441					3_prime_UTR_variant	LIME1		ENST00000487026	downstream_gene_variant	MODIFIER	processed_transcript			
rs1056441					3_prime_UTR_variant	LIME1		ENST00000489212	downstream_gene_variant	MODIFIER	processed_transcript			
rs1056441					3_prime_UTR_variant	LIME1		ENST00000490824	non_coding_transcript_exon_variant	MODIFIER	processed_transcript			
rs1056441					3_prime_UTR_variant	SLC2A4RG		ENST00000491109	upstream_gene_variant	MODIFIER	processed_transcript			
rs1056441					3_prime_UTR_variant	LIME1		ENST00000493265	downstream_gene_variant	MODIFIER	protein_coding			
rs1056441					3_prime_UTR_variant	SLC2A4RG		ENST00000493772	upstream_gene_variant	MODIFIER	processed_transcript			
rs1056441					3_prime_UTR_variant	LIME1		ENST00000494776	non_coding_transcript_exon_variant	MODIFIER	processed_transcript			
rs1056441					3_prime_UTR_variant	SLC2A4RG		ENST00000496425	upstream_gene_variant	MODIFIER	processed_transcript			
rs1056441					3_prime_UTR_variant	LIME1		ENST00000496820	downstream_gene_variant	MODIFIER	processed_transcript			
rs73143584					intron_variant	ZBTB46		ENST00000245663	intron_variant	MODIFIER	protein_coding			
rs73143584					intron_variant	ZBTB46		ENST00000302995	intron_variant	MODIFIER	protein_coding			
rs73143584					intron_variant	RP4-583P15.11		ENST00000435912	intron_variant,non_coding_transcript_variant	MODIFIER	antisense			
rs11698462					upstream_gene_variant	MYT1		ENST00000360149	upstream_gene_variant	MODIFIER	protein_coding			
rs11911369					upstream_gene_variant	ETS2		ENST00000360214	upstream_gene_variant	MODIFIER	protein_coding			
rs11911369					upstream_gene_variant	ETS2		ENST00000360938	upstream_gene_variant	MODIFIER	protein_coding			
rs11911369					upstream_gene_variant	ETS2		ENST00000432278	upstream_gene_variant	MODIFIER	protein_coding			
rs28360503					intron_variant	BACE2		ENST00000328735	intron_variant	MODIFIER	protein_coding			
rs28360503					intron_variant	BACE2		ENST00000330333	intron_variant	MODIFIER	protein_coding			
rs28360503					intron_variant	BACE2		ENST00000347667	intron_variant	MODIFIER	protein_coding			
rs9977825					intron_variant	ADARB1		ENST00000348831	intron_variant	MODIFIER	protein_coding			
rs9977825					intron_variant	ADARB1		ENST00000389861	intron_variant,NMD_transcript_variant	MODIFIER	nonsense_mediated_decay			
rs9977825					intron_variant	ADARB1		ENST00000389863	intron_variant	MODIFIER	protein_coding			
rs9977825					intron_variant	SSR4P1		ENST00000415143	upstream_gene_variant	MODIFIER	transcribed_processed_pseudogene			
rs9977825					intron_variant	SSR4P1		ENST00000429427	upstream_gene_variant	MODIFIER	processed_transcript			
rs9977825					intron_variant	ADARB1		ENST00000437626	intron_variant	MODIFIER	protein_coding			
rs9977825					intron_variant	ADARB1		ENST00000460734	intron_variant,non_coding_transcript_variant	MODIFIER	processed_transcript			
rs9977825					intron_variant	ADARB1		ENST00000462214	intron_variant,non_coding_transcript_variant	MODIFIER	processed_transcript			
rs9977825					intron_variant	ADARB1		ENST00000492414	intron_variant,NMD_transcript_variant	MODIFIER	nonsense_mediated_decay			
rs9977825					intron_variant	ADARB1		ENST00000496664	intron_variant,NMD_transcript_variant	MODIFIER	nonsense_mediated_decay			
rs9977825					intron_variant	ADARB1		ENST00000539173	intron_variant	MODIFIER	protein_coding			
rs9977825					intron_variant	AP001579.1		ENST00000599569	upstream_gene_variant	MODIFIER	protein_coding			
rs9983528					intron_variant	PCNT		ENST00000359568	intron_variant	MODIFIER	protein_coding			
rs9983528					intron_variant	PCNT		ENST00000466474	intron_variant,non_coding_transcript_variant	MODIFIER	processed_transcript			
rs9983528					intron_variant	PCNT		ENST00000480896	intron_variant,non_coding_transcript_variant	MODIFIER	processed_transcript			
rs9983528					intron_variant	PCNT		ENST00000483844	intron_variant,non_coding_transcript_variant	MODIFIER	processed_transcript			
rs9983528					intron_variant	PCNT		ENST00000490468	downstream_gene_variant	MODIFIER	processed_transcript			
rs758374					intron_variant	ARVCF		ENST00000263207	intron_variant	MODIFIER	protein_coding			
rs758374					intron_variant	ARVCF		ENST00000344269	intron_variant	MODIFIER	protein_coding			
rs758374					intron_variant	ARVCF		ENST00000401994	intron_variant	MODIFIER	protein_coding			
rs758374					intron_variant	ARVCF		ENST00000406259	intron_variant	MODIFIER	protein_coding			
rs758374					intron_variant	ARVCF		ENST00000406522	intron_variant	MODIFIER	protein_coding			
rs758374					intron_variant	ARVCF		ENST00000462319	upstream_gene_variant	MODIFIER	processed_transcript			
rs758374					intron_variant	ARVCF		ENST00000467828	intron_variant,non_coding_transcript_variant	MODIFIER	processed_transcript			
rs758374					intron_variant	ARVCF		ENST00000473551	intron_variant,non_coding_transcript_variant	MODIFIER	retained_intron			
rs758374					intron_variant	ARVCF		ENST00000487793	intron_variant,non_coding_transcript_variant	MODIFIER	processed_transcript			
rs758374					intron_variant	ARVCF		ENST00000492625	intron_variant,non_coding_transcript_variant	MODIFIER	processed_transcript			
rs758374					intron_variant	ARVCF		ENST00000495096	upstream_gene_variant	MODIFIER	retained_intron			
rs3804043					3_prime_UTR_variant	TANGO2		ENST00000327374	3_prime_UTR_variant	MODIFIER	protein_coding			
rs3804043					3_prime_UTR_variant	TANGO2		ENST00000398042	3_prime_UTR_variant	MODIFIER	protein_coding			
rs3804043					3_prime_UTR_variant	TANGO2		ENST00000399807	3_prime_UTR_variant,NMD_transcript_variant	MODIFIER	nonsense_mediated_decay			
rs3804043					3_prime_UTR_variant	TANGO2		ENST00000401833	3_prime_UTR_variant	MODIFIER	protein_coding			
rs3804043					3_prime_UTR_variant	TANGO2		ENST00000401886	3_prime_UTR_variant	MODIFIER	protein_coding			
rs3804043					3_prime_UTR_variant	TANGO2		ENST00000411907	downstream_gene_variant	MODIFIER	processed_transcript			
rs3804043					3_prime_UTR_variant	AC006547.13		ENST00000415503	intron_variant,non_coding_transcript_variant	MODIFIER	antisense			
rs3804043					3_prime_UTR_variant	TANGO2		ENST00000420290	downstream_gene_variant	MODIFIER	protein_coding			
rs3804043					3_prime_UTR_variant	TANGO2		ENST00000430807	downstream_gene_variant	MODIFIER	nonsense_mediated_decay			
rs3804043					3_prime_UTR_variant	TANGO2		ENST00000432883	3_prime_UTR_variant	MODIFIER	protein_coding			
rs3804043					3_prime_UTR_variant	TANGO2		ENST00000434168	downstream_gene_variant	MODIFIER	protein_coding			
rs3804043					3_prime_UTR_variant	TANGO2		ENST00000434570	downstream_gene_variant	MODIFIER	protein_coding			
rs3804043					3_prime_UTR_variant	TANGO2		ENST00000444651	downstream_gene_variant	MODIFIER	nonsense_mediated_decay			
rs3804043					3_prime_UTR_variant	TANGO2		ENST00000447208	3_prime_UTR_variant	MODIFIER	protein_coding			
rs3804043					3_prime_UTR_variant	TANGO2		ENST00000450019	3_prime_UTR_variant,NMD_transcript_variant	MODIFIER	nonsense_mediated_decay			
rs3804043					3_prime_UTR_variant	TANGO2		ENST00000450664	downstream_gene_variant	MODIFIER	protein_coding			
rs3804043					3_prime_UTR_variant	TANGO2		ENST00000456048	3_prime_UTR_variant	MODIFIER	protein_coding			
rs3804043					3_prime_UTR_variant	TANGO2		ENST00000462579	downstream_gene_variant	MODIFIER	retained_intron			
rs3804043					3_prime_UTR_variant	TANGO2		ENST00000476940	downstream_gene_variant	MODIFIER	processed_transcript			
rs3804043					3_prime_UTR_variant	TANGO2		ENST00000485715	downstream_gene_variant	MODIFIER	processed_transcript			
rs3804043					3_prime_UTR_variant	TANGO2		ENST00000490121	downstream_gene_variant	MODIFIER	processed_transcript			
rs3804043					3_prime_UTR_variant	TANGO2		ENST00000490583	non_coding_transcript_exon_variant	MODIFIER	processed_transcript			
rs3804043					3_prime_UTR_variant	AC006547.13		ENST00000595864	intron_variant,non_coding_transcript_variant	MODIFIER	antisense			
rs3804043					3_prime_UTR_variant	AC006547.13		ENST00000596334	intron_variant,non_coding_transcript_variant	MODIFIER	antisense			
rs3804043					3_prime_UTR_variant	AC006547.13		ENST00000598339	intron_variant,non_coding_transcript_variant	MODIFIER	antisense			
rs3804043					3_prime_UTR_variant	AC006547.15		ENST00000600090	intron_variant,non_coding_transcript_variant	MODIFIER	antisense			
rs3804043					3_prime_UTR_variant	AC006547.13		ENST00000600617	intron_variant,non_coding_transcript_variant	MODIFIER	antisense			
rs3804043					3_prime_UTR_variant	AC006547.13		ENST00000600937	intron_variant,non_coding_transcript_variant	MODIFIER	antisense			
rs3804043					3_prime_UTR_variant	AC006547.13		ENST00000601746	intron_variant,non_coding_transcript_variant	MODIFIER	antisense			
rs3804043					3_prime_UTR_variant	AC006547.13		ENST00000608610	intron_variant,non_coding_transcript_variant	MODIFIER	antisense			
rs3804043					3_prime_UTR_variant	AC006547.13		ENST00000609191	intron_variant,non_coding_transcript_variant	MODIFIER	antisense			
rs3804043					3_prime_UTR_variant	AC006547.13		ENST00000609644	intron_variant,non_coding_transcript_variant	MODIFIER	antisense			
rs7291042					intron_variant	SGSM1		ENST00000400358	intron_variant	MODIFIER	protein_coding			
rs7291042					intron_variant	SGSM1		ENST00000400359	intron_variant	MODIFIER	protein_coding			
rs5762925					intron_variant	ZNRF3		ENST00000332811	intron_variant	MODIFIER	protein_coding			
rs5762925					intron_variant	ZNRF3		ENST00000402174	intron_variant	MODIFIER	protein_coding			
rs5762925					intron_variant	ZNRF3		ENST00000544604	intron_variant	MODIFIER	protein_coding			
rs131285					intron_variant	ZMAT5		ENST00000344318	intron_variant	MODIFIER	protein_coding			
rs131285					intron_variant	Y_RNA		ENST00000364106	downstream_gene_variant	MODIFIER	misc_RNA			
rs131285					intron_variant	ZMAT5		ENST00000397781	intron_variant	MODIFIER	protein_coding			
rs131285					intron_variant	ZMAT5		ENST00000489010	intron_variant,non_coding_transcript_variant	MODIFIER	retained_intron			
rs5997539					upstream_gene_variant	ASCC2		ENST00000307790	upstream_gene_variant	MODIFIER	protein_coding			
rs5997539					upstream_gene_variant	ASCC2		ENST00000397771	upstream_gene_variant	MODIFIER	protein_coding			
rs5997539					upstream_gene_variant	ASCC2		ENST00000449900	upstream_gene_variant	MODIFIER	nonsense_mediated_decay			
rs5997539					upstream_gene_variant	ASCC2		ENST00000453160	upstream_gene_variant	MODIFIER	nonsense_mediated_decay			
rs5997539					upstream_gene_variant	ASCC2		ENST00000454854	upstream_gene_variant	MODIFIER	nonsense_mediated_decay			
rs5997539					upstream_gene_variant	ASCC2		ENST00000460313	upstream_gene_variant	MODIFIER	retained_intron			
rs5997539					upstream_gene_variant	ASCC2		ENST00000465667	upstream_gene_variant	MODIFIER	retained_intron			
rs5997539					upstream_gene_variant	ASCC2		ENST00000492821	upstream_gene_variant	MODIFIER	retained_intron			
rs5997539					upstream_gene_variant	ASCC2		ENST00000495681	upstream_gene_variant	MODIFIER	retained_intron			
rs5997539					upstream_gene_variant	ASCC2		ENST00000495967	upstream_gene_variant	MODIFIER	processed_transcript			
rs5997539					upstream_gene_variant	ASCC2		ENST00000542393	upstream_gene_variant	MODIFIER	protein_coding			
rs131246					intron_variant	PRR14L		ENST00000327423	intron_variant	MODIFIER	protein_coding			
rs131246					intron_variant	PRR14L		ENST00000397493	intron_variant	MODIFIER	protein_coding			
rs131246					intron_variant	PRR14L		ENST00000412743	intron_variant	MODIFIER	protein_coding			
rs131246					intron_variant	PRR14L		ENST00000434485	intron_variant	MODIFIER	protein_coding			
rs131246					intron_variant	PRR14L		ENST00000461722	intron_variant,non_coding_transcript_variant	MODIFIER	processed_transcript			
rs138742					intron_variant	TOM1		ENST00000382034	intron_variant	MODIFIER	protein_coding			
rs138742					intron_variant	TOM1		ENST00000395736	intron_variant,NMD_transcript_variant	MODIFIER	nonsense_mediated_decay			
rs138742					intron_variant	TOM1		ENST00000404284	intron_variant,NMD_transcript_variant	MODIFIER	nonsense_mediated_decay			
rs138742					intron_variant	TOM1		ENST00000411850	intron_variant	MODIFIER	protein_coding			
rs138742					intron_variant	TOM1		ENST00000424387	intron_variant,NMD_transcript_variant	MODIFIER	nonsense_mediated_decay			
rs138742					intron_variant	TOM1		ENST00000425375	intron_variant	MODIFIER	protein_coding			
rs138742					intron_variant	TOM1		ENST00000436462	intron_variant	MODIFIER	protein_coding			
rs138742					intron_variant	TOM1		ENST00000439512	intron_variant,NMD_transcript_variant	MODIFIER	nonsense_mediated_decay			
rs138742					intron_variant	TOM1		ENST00000447733	intron_variant	MODIFIER	protein_coding			
rs138742					intron_variant	TOM1		ENST00000449058	intron_variant	MODIFIER	protein_coding			
rs138742					intron_variant	TOM1		ENST00000449508	intron_variant,NMD_transcript_variant	MODIFIER	nonsense_mediated_decay			
rs138742					intron_variant	TOM1		ENST00000456128	intron_variant	MODIFIER	protein_coding			
rs138742					intron_variant	TOM1		ENST00000465529	intron_variant,non_coding_transcript_variant	MODIFIER	retained_intron			
rs138742					intron_variant	TOM1		ENST00000487670	intron_variant,non_coding_transcript_variant	MODIFIER	retained_intron			
rs138742					intron_variant	TOM1		ENST00000608674	intron_variant	MODIFIER	protein_coding			
rs138742					intron_variant	TOM1		ENST00000608749	intron_variant	MODIFIER	protein_coding			
rs138742					intron_variant	RP3-510H16.3		ENST00000609073	upstream_gene_variant	MODIFIER	antisense			
rs2267374					intron_variant	MAFF		ENST00000338483	intron_variant	MODIFIER	protein_coding			
rs2267374					intron_variant	MAFF		ENST00000417948	intron_variant	MODIFIER	protein_coding			
rs2267374					intron_variant	MAFF		ENST00000426621	intron_variant	MODIFIER	protein_coding			
rs2267374					intron_variant	MAFF		ENST00000441709	intron_variant	MODIFIER	protein_coding			
rs2267374					intron_variant	MAFF		ENST00000538320	intron_variant	MODIFIER	protein_coding			
rs2267374					intron_variant	MAFF		ENST00000538999	intron_variant	MODIFIER	protein_coding			
rs2267374					intron_variant	PLA2G6		ENST00000594306	intron_variant	MODIFIER	protein_coding			
rs4586740					intron_variant	TNRC6B		ENST00000301923	intron_variant	MODIFIER	protein_coding			
rs4586740					intron_variant	TNRC6B		ENST00000402203	intron_variant	MODIFIER	protein_coding			
rs4586740					intron_variant	TNRC6B		ENST00000441751	intron_variant	MODIFIER	protein_coding			
rs7510675					intron_variant	EP300		ENST00000263253	intron_variant	MODIFIER	protein_coding			
rs5751316					intron_variant	CYB5R3		ENST00000352397	intron_variant	MODIFIER	protein_coding			
rs5751316					intron_variant	CYB5R3		ENST00000361740	intron_variant	MODIFIER	protein_coding			
rs5751316					intron_variant	CYB5R3		ENST00000396303	intron_variant	MODIFIER	protein_coding			
rs5751316					intron_variant	CYB5R3		ENST00000402438	intron_variant	MODIFIER	protein_coding			
rs5751316					intron_variant	CYB5R3		ENST00000407332	upstream_gene_variant	MODIFIER	protein_coding			
rs5751316					intron_variant	CYB5R3		ENST00000407623	intron_variant	MODIFIER	protein_coding			
rs5751316					intron_variant	CYB5R3		ENST00000438270	intron_variant	MODIFIER	protein_coding			
rs5751316					intron_variant	CYB5R3		ENST00000466276	intron_variant,non_coding_transcript_variant	MODIFIER	retained_intron			
rs5751316					intron_variant	CYB5R3		ENST00000470741	upstream_gene_variant	MODIFIER	retained_intron			
rs5751316					intron_variant	ATP5L2		ENST00000505920	downstream_gene_variant	MODIFIER	protein_coding			
rs738408					synonymous_variant	PNPLA3		ENST00000216180	synonymous_variant	LOW	protein_coding		149.0	P
rs738408					synonymous_variant	PNPLA3		ENST00000406117	3_prime_UTR_variant,NMD_transcript_variant	MODIFIER	nonsense_mediated_decay			
rs738408					synonymous_variant	PNPLA3		ENST00000423180	synonymous_variant	LOW	protein_coding		145.0	P
rs738408					synonymous_variant	PNPLA3		ENST00000478713	non_coding_transcript_exon_variant	MODIFIER	processed_transcript			
rs738408					synonymous_variant	PNPLA3		ENST00000497129	upstream_gene_variant	MODIFIER	processed_transcript			
rs9723065					downstream_gene_variant	WNT7B		ENST00000339464	downstream_gene_variant	MODIFIER	protein_coding			
rs9723065					downstream_gene_variant	WNT7B		ENST00000409496	downstream_gene_variant	MODIFIER	protein_coding			
rs9723065					downstream_gene_variant	WNT7B		ENST00000410089	downstream_gene_variant	MODIFIER	protein_coding			
rs28691713					intron_variant	PIM3		ENST00000360612	intron_variant	MODIFIER	protein_coding			
rs28691713					intron_variant	PIM3		ENST00000467480	downstream_gene_variant	MODIFIER	retained_intron			
rs56149983					upstream_gene_variant	PANX2		ENST00000159647	downstream_gene_variant	MODIFIER	protein_coding			
rs56149983					upstream_gene_variant	TRABD		ENST00000303434	upstream_gene_variant	MODIFIER	protein_coding			
rs56149983					upstream_gene_variant	TRABD		ENST00000380909	upstream_gene_variant	MODIFIER	protein_coding			
rs56149983					upstream_gene_variant	PANX2		ENST00000395842	downstream_gene_variant	MODIFIER	protein_coding			
rs56149983					upstream_gene_variant	PANX2		ENST00000402472	downstream_gene_variant	MODIFIER	nonsense_mediated_decay			
rs56149983					upstream_gene_variant	TRABD		ENST00000463233	upstream_gene_variant	MODIFIER	retained_intron			
rs10088883					intron_variant	SLC30A8		ENST00000427715	intron_variant	MODIFIER	protein_coding			
rs10088883					intron_variant	RP11-654G14.1		ENST00000518439	intron_variant,non_coding_transcript_variant	MODIFIER	sense_intronic			
rs10088883					intron_variant	SLC30A8		ENST00000521035	intron_variant,non_coding_transcript_variant	MODIFIER	processed_transcript			
rs10088883					intron_variant	SLC30A8		ENST00000521243	intron_variant	MODIFIER	protein_coding			
rs10088883					intron_variant	SLC30A8		ENST00000524274	intron_variant	MODIFIER	protein_coding			
rs10096860					intergenic_variant				intergenic_variant					
rs10113902					intron_variant	FIBCD1		ENST00000253018	intron_variant	MODIFIER	protein_coding			
rs10113902					intron_variant	FIBCD1		ENST00000372337	intron_variant	MODIFIER	protein_coding			
rs10113902					intron_variant	FIBCD1		ENST00000372338	intron_variant	MODIFIER	protein_coding			
rs10113902					intron_variant	FIBCD1		ENST00000444139	intron_variant	MODIFIER	protein_coding			
rs10113902					intron_variant	FIBCD1		ENST00000448616	intron_variant	MODIFIER	protein_coding			
rs10113902					intron_variant	FIBCD1		ENST00000451466	intron_variant	MODIFIER	protein_coding			
rs10116566					intron_variant	ZNF618		ENST00000288466	intron_variant	MODIFIER	protein_coding			
rs10116566					intron_variant	ZNF618		ENST00000374124	intron_variant	MODIFIER	protein_coding			
rs10116566					intron_variant	ZNF618		ENST00000374126	intron_variant	MODIFIER	protein_coding			
rs10116566					intron_variant	ZNF618		ENST00000452710	intron_variant	MODIFIER	protein_coding			
rs10116566					intron_variant	ZNF618		ENST00000481558	intron_variant,non_coding_transcript_variant	MODIFIER	processed_transcript			
rs10121760					intron_variant	C9orf3		ENST00000297979	intron_variant	MODIFIER	protein_coding			
rs10121760					intron_variant	C9orf3		ENST00000375315	intron_variant	MODIFIER	protein_coding			
rs10121760					intron_variant	C9orf3		ENST00000424143	intron_variant	MODIFIER	protein_coding			
rs10121760					intron_variant	C9orf3		ENST00000425634	intron_variant	MODIFIER	protein_coding			
rs10121760					intron_variant	C9orf3		ENST00000428313	intron_variant	MODIFIER	protein_coding			
rs10121760					intron_variant	C9orf3		ENST00000433691	intron_variant	MODIFIER	protein_coding			
rs10121760					intron_variant	C9orf3		ENST00000445181	intron_variant	MODIFIER	protein_coding			
rs10121760					intron_variant	C9orf3		ENST00000462125	intron_variant,non_coding_transcript_variant	MODIFIER	processed_transcript			
rs10121760					intron_variant	C9orf3		ENST00000463372	intron_variant,non_coding_transcript_variant	MODIFIER	processed_transcript			
rs10121760					intron_variant	C9orf3		ENST00000468164	intron_variant,non_coding_transcript_variant	MODIFIER	processed_transcript			
rs10121760					intron_variant	C9orf3		ENST00000471978	intron_variant,non_coding_transcript_variant	MODIFIER	processed_transcript			
rs10121760					intron_variant	C9orf3		ENST00000478473	intron_variant,NMD_transcript_variant	MODIFIER	nonsense_mediated_decay			
rs10121760					intron_variant	C9orf3		ENST00000479161	intron_variant,non_coding_transcript_variant	MODIFIER	processed_transcript			
rs10121760					intron_variant	C9orf3		ENST00000489562	intron_variant,non_coding_transcript_variant	MODIFIER	processed_transcript			
rs10147577					intergenic_variant				intergenic_variant					
rs10152999					intron_variant	RP11-624L4.1		ENST00000558209	intron_variant,non_coding_transcript_variant	MODIFIER	antisense			
rs10152999					intron_variant	RP11-624L4.1		ENST00000559318	intron_variant,non_coding_transcript_variant	MODIFIER	antisense			
rs10152999					intron_variant	RP11-624L4.1		ENST00000560484	intron_variant,non_coding_transcript_variant	MODIFIER	antisense			
rs1022736					intron_variant	TRMT61A		ENST00000299202	intron_variant	MODIFIER	protein_coding			
rs1022736					intron_variant	TRMT61A		ENST00000389749	intron_variant	MODIFIER	protein_coding			
rs1022736					intron_variant	RP11-600F24.7		ENST00000568177	upstream_gene_variant	MODIFIER	antisense			
rs1029016					intron_variant	BNC2		ENST00000380666	intron_variant	MODIFIER	protein_coding			
rs1029016					intron_variant	BNC2		ENST00000380667	intron_variant	MODIFIER	protein_coding			
rs1029016					intron_variant	BNC2		ENST00000380672	intron_variant	MODIFIER	protein_coding			
rs1029016					intron_variant	BNC2		ENST00000418777	intron_variant	MODIFIER	protein_coding			
rs1029016					intron_variant	BNC2		ENST00000468187	intron_variant	MODIFIER	protein_coding			
rs1029016					intron_variant	BNC2		ENST00000471301	intron_variant	MODIFIER	protein_coding			
rs1029016					intron_variant	BNC2		ENST00000484726	intron_variant,NMD_transcript_variant	MODIFIER	nonsense_mediated_decay			
rs1029016					intron_variant	BNC2		ENST00000486514	intron_variant	MODIFIER	protein_coding			
rs1029016					intron_variant	BNC2		ENST00000545497	intron_variant	MODIFIER	protein_coding			
rs1029016					intron_variant	BNC2		ENST00000603313	intron_variant	MODIFIER	protein_coding			
rs1029016					intron_variant	BNC2		ENST00000603713	intron_variant	MODIFIER	protein_coding			
rs1044531					3_prime_UTR_variant	AKNA		ENST00000223791	3_prime_UTR_variant	MODIFIER	protein_coding			
rs1044531					3_prime_UTR_variant	AKNA		ENST00000307564	3_prime_UTR_variant	MODIFIER	protein_coding			
rs1044531					3_prime_UTR_variant	AKNA		ENST00000374075	3_prime_UTR_variant	MODIFIER	protein_coding			
rs1044531					3_prime_UTR_variant	AKNA		ENST00000374079	3_prime_UTR_variant	MODIFIER	protein_coding			
rs1044531					3_prime_UTR_variant	AKNA		ENST00000374088	3_prime_UTR_variant	MODIFIER	protein_coding			
rs1044531					3_prime_UTR_variant	ORM2		ENST00000412657	downstream_gene_variant	MODIFIER	protein_coding			
rs1044531					3_prime_UTR_variant	ORM2		ENST00000431067	downstream_gene_variant	MODIFIER	protein_coding			
rs1044531					3_prime_UTR_variant	AKNA		ENST00000492875	non_coding_transcript_exon_variant	MODIFIER	processed_transcript			
rs1046521					3_prime_UTR_variant	NRBF2		ENST00000277746	3_prime_UTR_variant	MODIFIER	protein_coding			
rs1046521					3_prime_UTR_variant	NRBF2		ENST00000435510	3_prime_UTR_variant	MODIFIER	protein_coding			
rs10499					3_prime_UTR_variant	ATP2A1		ENST00000357084	3_prime_UTR_variant	MODIFIER	protein_coding			
rs10499					3_prime_UTR_variant	RABEP2		ENST00000357573	downstream_gene_variant	MODIFIER	protein_coding			
rs10499					3_prime_UTR_variant	RABEP2		ENST00000358201	downstream_gene_variant	MODIFIER	protein_coding			
rs10499					3_prime_UTR_variant	ATP2A1		ENST00000395503	3_prime_UTR_variant	MODIFIER	protein_coding			
rs10499					3_prime_UTR_variant	ATP2A1		ENST00000536376	3_prime_UTR_variant	MODIFIER	protein_coding			
rs10499					3_prime_UTR_variant	RABEP2		ENST00000544477	downstream_gene_variant	MODIFIER	protein_coding			
rs10499					3_prime_UTR_variant	ATP2A1		ENST00000564112	downstream_gene_variant	MODIFIER	protein_coding			
rs10499					3_prime_UTR_variant	ATP2A1		ENST00000564732	downstream_gene_variant	MODIFIER	nonsense_mediated_decay			
rs10519049					intergenic_variant				intergenic_variant					
rs10520699					intron_variant	PRC1		ENST00000361188	intron_variant	MODIFIER	protein_coding			
rs10520699					intron_variant	PRC1		ENST00000361919	intron_variant	MODIFIER	protein_coding			
rs10520699					intron_variant	Y_RNA		ENST00000363272	upstream_gene_variant	MODIFIER	misc_RNA			
rs10520699					intron_variant	PRC1		ENST00000394249	intron_variant	MODIFIER	protein_coding			
rs10520699					intron_variant	PRC1		ENST00000417173	downstream_gene_variant	MODIFIER	retained_intron			
rs10520699					intron_variant	PRC1		ENST00000442656	intron_variant	MODIFIER	protein_coding			
rs10520699					intron_variant	PRC1		ENST00000553494	downstream_gene_variant	MODIFIER	retained_intron			
rs10520699					intron_variant	PRC1-AS1		ENST00000554388	intron_variant,non_coding_transcript_variant	MODIFIER	antisense			
rs10520699					intron_variant	PRC1		ENST00000555455	upstream_gene_variant	MODIFIER	protein_coding			
rs10520699					intron_variant	PRC1		ENST00000555745	downstream_gene_variant	MODIFIER	processed_transcript			
rs10520699					intron_variant	PRC1		ENST00000555791	downstream_gene_variant	MODIFIER	retained_intron			
rs10520699					intron_variant	PRC1		ENST00000556129	downstream_gene_variant	MODIFIER	processed_transcript			
rs10520699					intron_variant	PRC1		ENST00000556982	intron_variant,non_coding_transcript_variant	MODIFIER	retained_intron			
rs10520699					intron_variant	PRC1		ENST00000557763	downstream_gene_variant	MODIFIER	retained_intron			
rs10520699					intron_variant	PRC1		ENST00000557905	downstream_gene_variant	MODIFIER	protein_coding			
rs10520699					intron_variant	PRC1		ENST00000559326	upstream_gene_variant	MODIFIER	retained_intron			
rs10520699					intron_variant	PRC1		ENST00000559811	downstream_gene_variant	MODIFIER	protein_coding			
rs10520699					intron_variant	PRC1		ENST00000559828	intron_variant	MODIFIER	protein_coding			
rs10520699					intron_variant	PRC1		ENST00000560605	downstream_gene_variant	MODIFIER	retained_intron			
rs10520699					intron_variant	PRC1		ENST00000560914	intron_variant,non_coding_transcript_variant	MODIFIER	retained_intron			
rs10758321					upstream_gene_variant	RP11-112J3.16		ENST00000431981	upstream_gene_variant	MODIFIER	lincRNA			
rs10758321					upstream_gene_variant	RP11-112J3.16		ENST00000574939	upstream_gene_variant	MODIFIER	lincRNA			
rs10811661					intergenic_variant				intergenic_variant					
rs10813516					intergenic_variant				intergenic_variant					
rs10821304					intergenic_variant				intergenic_variant					
rs10852284					intron_variant	AQP8		ENST00000219660	intron_variant	MODIFIER	protein_coding			
rs10852284					intron_variant	AQP8		ENST00000566125	intron_variant	MODIFIER	protein_coding			
rs10955992					intergenic_variant				intergenic_variant					
rs10970761					intergenic_variant				intergenic_variant					
rs10992408					intergenic_variant				intergenic_variant					
rs1101330					intron_variant	UBA52P6		ENST00000399822	downstream_gene_variant	MODIFIER	processed_pseudogene			
rs1101330					intron_variant	CDKN2B-AS1		ENST00000428597	intron_variant,non_coding_transcript_variant	MODIFIER	antisense			
rs1101330					intron_variant	CDKN2B-AS1		ENST00000455933	intron_variant,non_coding_transcript_variant	MODIFIER	antisense			
rs1101330					intron_variant	CDKN2B-AS1		ENST00000468603	intron_variant,non_coding_transcript_variant	MODIFIER	antisense			
rs1101330					intron_variant	CDKN2B-AS1		ENST00000577551	intron_variant,non_coding_transcript_variant	MODIFIER	antisense			
rs1101330					intron_variant	CDKN2B-AS1		ENST00000580467	intron_variant,non_coding_transcript_variant	MODIFIER	antisense			
rs1101330					intron_variant	CDKN2B-AS1		ENST00000580576	intron_variant,non_coding_transcript_variant	MODIFIER	antisense			
rs1101330					intron_variant	CDKN2B-AS1		ENST00000581051	intron_variant,non_coding_transcript_variant	MODIFIER	antisense			
rs1101330					intron_variant	CDKN2B-AS1		ENST00000582072	intron_variant,non_coding_transcript_variant	MODIFIER	antisense			
rs1101330					intron_variant	CDKN2B-AS1		ENST00000582301	intron_variant,non_coding_transcript_variant	MODIFIER	antisense			
rs1101330					intron_variant	CDKN2B-AS1		ENST00000583719	intron_variant,non_coding_transcript_variant	MODIFIER	antisense			
rs1101330					intron_variant	CDKN2B-AS1		ENST00000584020	intron_variant,non_coding_transcript_variant	MODIFIER	antisense			
rs1101330					intron_variant	CDKN2B-AS1		ENST00000584351	intron_variant,non_coding_transcript_variant	MODIFIER	antisense			
rs1101330					intron_variant	CDKN2B-AS1		ENST00000584637	intron_variant,non_coding_transcript_variant	MODIFIER	antisense			
rs1101330					intron_variant	CDKN2B-AS1		ENST00000584816	intron_variant,non_coding_transcript_variant	MODIFIER	antisense			
rs1101330					intron_variant	CDKN2B-AS1		ENST00000585267	intron_variant,non_coding_transcript_variant	MODIFIER	antisense			
rs11074446					upstream_gene_variant	SNRPEP3		ENST00000338402	upstream_gene_variant	MODIFIER	processed_pseudogene			
rs11257562					intron_variant	SEC61A2		ENST00000298428	intron_variant	MODIFIER	protein_coding			
rs11257562					intron_variant	SEC61A2		ENST00000304267	intron_variant	MODIFIER	protein_coding			
rs11257562					intron_variant	SEC61A2		ENST00000379017	intron_variant	MODIFIER	protein_coding			
rs11257562					intron_variant	SEC61A2		ENST00000379020	intron_variant	MODIFIER	protein_coding			
rs11257562					intron_variant	SEC61A2		ENST00000379033	intron_variant	MODIFIER	protein_coding			
rs11257562					intron_variant	SEC61A2		ENST00000379051	intron_variant	MODIFIER	protein_coding			
rs11257562					intron_variant	SEC61A2		ENST00000418772	upstream_gene_variant	MODIFIER	protein_coding			
rs11257562					intron_variant	SEC61A2		ENST00000441368	intron_variant	MODIFIER	protein_coding			
rs11257562					intron_variant	SEC61A2		ENST00000457034	intron_variant	MODIFIER	protein_coding			
rs11257562					intron_variant	SEC61A2		ENST00000472221	intron_variant,NMD_transcript_variant	MODIFIER	nonsense_mediated_decay			
rs11257562					intron_variant	SEC61A2		ENST00000475268	intron_variant,NMD_transcript_variant	MODIFIER	nonsense_mediated_decay			
rs11257562					intron_variant	SEC61A2		ENST00000495368	intron_variant,non_coding_transcript_variant	MODIFIER	processed_transcript			
rs11257655					downstream_gene_variant	RN7SL232P		ENST00000582360	downstream_gene_variant	MODIFIER	misc_RNA			
rs11258435					intron_variant	BEND7		ENST00000396898	intron_variant	MODIFIER	protein_coding			
rs11258435					intron_variant	BEND7		ENST00000396900	intron_variant	MODIFIER	protein_coding			
rs11258435					intron_variant	RP11-214D15.2		ENST00000438431	upstream_gene_variant	MODIFIER	antisense			
rs11258435					intron_variant	BEND7		ENST00000466271	intron_variant,non_coding_transcript_variant	MODIFIER	processed_transcript			
rs113154802					intron_variant	PTCH1		ENST00000375274	intron_variant	MODIFIER	protein_coding			
rs113154802					intron_variant	PTCH1		ENST00000430669	intron_variant	MODIFIER	protein_coding			
rs113154802					intron_variant	PTCH1		ENST00000437951	intron_variant	MODIFIER	protein_coding			
rs113154802					intron_variant	PTCH1		ENST00000468211	intron_variant	MODIFIER	protein_coding			
rs113154802					intron_variant	PTCH1		ENST00000551425	intron_variant,non_coding_transcript_variant	MODIFIER	processed_transcript			
rs113154802					intron_variant	PTCH1		ENST00000551623	intron_variant,NMD_transcript_variant	MODIFIER	nonsense_mediated_decay			
rs113154802					intron_variant	RP11-435O5.4		ENST00000604650	downstream_gene_variant	MODIFIER	antisense			
rs113345285					intron_variant	PPP1R13B		ENST00000202556	intron_variant	MODIFIER	protein_coding			
rs113345285					intron_variant	PPP1R13B		ENST00000553739	intron_variant	MODIFIER	protein_coding			
rs113345285					intron_variant	PPP1R13B		ENST00000554106	intron_variant,non_coding_transcript_variant	MODIFIER	processed_transcript			
rs113345285					intron_variant	PPP1R13B		ENST00000554136	intron_variant,non_coding_transcript_variant	MODIFIER	retained_intron			
rs113345285					intron_variant	PPP1R13B		ENST00000555734	intron_variant	MODIFIER	protein_coding			
rs113345285					intron_variant	PPP1R13B		ENST00000556325	intron_variant,non_coding_transcript_variant	MODIFIER	processed_transcript			
rs113345285					intron_variant	PPP1R13B		ENST00000557082	intron_variant,NMD_transcript_variant	MODIFIER	nonsense_mediated_decay			
rs113810193					upstream_gene_variant	AKTIP		ENST00000565408	upstream_gene_variant	MODIFIER	protein_coding			
rs11598843					intron_variant	PCDH15		ENST00000320301	intron_variant	MODIFIER	protein_coding			
rs11598843					intron_variant	PCDH15		ENST00000361849	intron_variant	MODIFIER	protein_coding			
rs11598843					intron_variant	PCDH15		ENST00000373955	intron_variant	MODIFIER	protein_coding			
rs11598843					intron_variant	PCDH15		ENST00000373956	intron_variant,NMD_transcript_variant	MODIFIER	nonsense_mediated_decay			
rs11598843					intron_variant	PCDH15		ENST00000373957	intron_variant	MODIFIER	protein_coding			
rs11598843					intron_variant	PCDH15		ENST00000373965	intron_variant	MODIFIER	protein_coding			
rs11598843					intron_variant	PCDH15		ENST00000395430	intron_variant	MODIFIER	protein_coding			
rs11598843					intron_variant	PCDH15		ENST00000395432	intron_variant	MODIFIER	protein_coding			
rs11598843					intron_variant	PCDH15		ENST00000395433	intron_variant	MODIFIER	protein_coding			
rs11598843					intron_variant	PCDH15		ENST00000395438	intron_variant	MODIFIER	protein_coding			
rs11598843					intron_variant	PCDH15		ENST00000395440	intron_variant	MODIFIER	protein_coding			
rs11598843					intron_variant	PCDH15		ENST00000395442	intron_variant	MODIFIER	protein_coding			
rs11598843					intron_variant	PCDH15		ENST00000395445	intron_variant	MODIFIER	protein_coding			
rs11598843					intron_variant	PCDH15		ENST00000395446	intron_variant	MODIFIER	protein_coding			
rs11598843					intron_variant	PCDH15		ENST00000409834	intron_variant	MODIFIER	protein_coding			
rs11598843					intron_variant	PCDH15		ENST00000414367	intron_variant,NMD_transcript_variant	MODIFIER	nonsense_mediated_decay			
rs11598843					intron_variant	PCDH15		ENST00000414778	intron_variant	MODIFIER	protein_coding			
rs11598843					intron_variant	PCDH15		ENST00000437009	intron_variant	MODIFIER	protein_coding			
rs11598843					intron_variant	PCDH15		ENST00000448885	intron_variant,NMD_transcript_variant	MODIFIER	nonsense_mediated_decay			
rs11598843					intron_variant	PCDH15		ENST00000495484	intron_variant,non_coding_transcript_variant	MODIFIER	processed_transcript			
rs11633473					intergenic_variant				intergenic_variant					
rs117064493					intron_variant	LUC7L		ENST00000293872	intron_variant	MODIFIER	protein_coding			
rs117064493					intron_variant	LUC7L		ENST00000337351	intron_variant	MODIFIER	protein_coding			
rs117064493					intron_variant	LUC7L		ENST00000397780	intron_variant	MODIFIER	protein_coding			
rs117064493					intron_variant	LUC7L		ENST00000397783	intron_variant	MODIFIER	protein_coding			
rs117064493					intron_variant	LUC7L		ENST00000418978	intron_variant,NMD_transcript_variant	MODIFIER	nonsense_mediated_decay			
rs117064493					intron_variant	LUC7L		ENST00000419516	intron_variant,NMD_transcript_variant	MODIFIER	nonsense_mediated_decay			
rs117064493					intron_variant	LUC7L		ENST00000426094	intron_variant,NMD_transcript_variant	MODIFIER	nonsense_mediated_decay			
rs117064493					intron_variant	LUC7L		ENST00000430864	intron_variant	MODIFIER	protein_coding			
rs117064493					intron_variant	LUC7L		ENST00000443357	intron_variant	MODIFIER	protein_coding			
rs117064493					intron_variant	LUC7L		ENST00000464711	upstream_gene_variant	MODIFIER	retained_intron			
rs117064493					intron_variant	LUC7L		ENST00000490762	intron_variant,non_coding_transcript_variant	MODIFIER	retained_intron			
rs117064493					intron_variant	LUC7L		ENST00000494366	intron_variant,non_coding_transcript_variant	MODIFIER	processed_transcript			
rs117064493					intron_variant	LUC7L		ENST00000495349	upstream_gene_variant	MODIFIER	retained_intron			
rs117215804					intergenic_variant				intergenic_variant					
rs117414485					intron_variant	C10orf67		ENST00000376500	intron_variant	MODIFIER	protein_coding			
rs117515728					downstream_gene_variant	RP11-44F14.8		ENST00000571340	downstream_gene_variant	MODIFIER	lincRNA			
rs11819063					intron_variant	MYO3A		ENST00000265944	intron_variant	MODIFIER	protein_coding			
rs11819063					intron_variant	MYO3A		ENST00000478093	downstream_gene_variant	MODIFIER	processed_transcript			
rs11819063					intron_variant	MYO3A		ENST00000543632	intron_variant	MODIFIER	protein_coding			
rs11853527					intron_variant	WDR72		ENST00000360509	intron_variant	MODIFIER	protein_coding			
rs11853527					intron_variant	WDR72		ENST00000396328	intron_variant	MODIFIER	protein_coding			
rs11853527					intron_variant	WDR72		ENST00000557913	intron_variant	MODIFIER	protein_coding			
rs11853527					intron_variant	WDR72		ENST00000559418	intron_variant	MODIFIER	protein_coding			
rs11853527					intron_variant	WDR72		ENST00000560036	intron_variant	MODIFIER	protein_coding			
rs11999061					upstream_gene_variant	URM1		ENST00000372847	upstream_gene_variant	MODIFIER	protein_coding			
rs11999061					upstream_gene_variant	URM1		ENST00000372850	upstream_gene_variant	MODIFIER	protein_coding			
rs11999061					upstream_gene_variant	URM1		ENST00000372853	upstream_gene_variant	MODIFIER	protein_coding			
rs11999061					upstream_gene_variant	URM1		ENST00000452446	upstream_gene_variant	MODIFIER	protein_coding			
rs11999061					upstream_gene_variant	URM1		ENST00000470840	upstream_gene_variant	MODIFIER	nonsense_mediated_decay			
rs12001437					regulatory_region_variant				regulatory_region_variant					
rs12380322					intron_variant	HAUS6		ENST00000380496	intron_variant	MODIFIER	protein_coding			
rs12380322					intron_variant	HAUS6		ENST00000380502	intron_variant	MODIFIER	protein_coding			
rs12380322					intron_variant	RNU6-264P		ENST00000517134	downstream_gene_variant	MODIFIER	snRNA			
rs12548678					intergenic_variant				intergenic_variant					
rs12553324					intergenic_variant				intergenic_variant					
rs12555274					regulatory_region_variant				regulatory_region_variant					
rs12570156					intron_variant	A1CF		ENST00000282641	intron_variant	MODIFIER	protein_coding			
rs12570156					intron_variant	A1CF		ENST00000373993	intron_variant	MODIFIER	protein_coding			
rs12570156					intron_variant	A1CF		ENST00000373995	intron_variant	MODIFIER	protein_coding			
rs12570156					intron_variant	A1CF		ENST00000373997	intron_variant	MODIFIER	protein_coding			
rs12570156					intron_variant	A1CF		ENST00000374001	intron_variant	MODIFIER	protein_coding			
rs12570156					intron_variant	A1CF		ENST00000395489	intron_variant	MODIFIER	protein_coding			
rs12570156					intron_variant	A1CF		ENST00000395495	intron_variant	MODIFIER	protein_coding			
rs12570156					intron_variant	A1CF		ENST00000414883	intron_variant	MODIFIER	protein_coding			
rs12570156					intron_variant	A1CF		ENST00000473480	intron_variant,non_coding_transcript_variant	MODIFIER	processed_transcript			
rs12708519					intron_variant	PTPN9		ENST00000306726	intron_variant	MODIFIER	protein_coding			
rs12708519					intron_variant	PTPN9		ENST00000561731	downstream_gene_variant	MODIFIER	protein_coding			
rs12708519					intron_variant	CTD-2323K18.2		ENST00000566222	downstream_gene_variant	MODIFIER	processed_pseudogene			
rs12898690					intron_variant	BAHD1		ENST00000416165	intron_variant	MODIFIER	protein_coding			
rs12898690					intron_variant	RP11-64K12.9		ENST00000558601	downstream_gene_variant	MODIFIER	antisense			
rs12898690					intron_variant	BAHD1		ENST00000561234	intron_variant	MODIFIER	protein_coding			
rs12909009					intron_variant	DPP8		ENST00000300141	intron_variant	MODIFIER	protein_coding			
rs12909009					intron_variant	DPP8		ENST00000321118	intron_variant	MODIFIER	protein_coding			
rs12909009					intron_variant	DPP8		ENST00000321147	intron_variant	MODIFIER	protein_coding			
rs12909009					intron_variant	DPP8		ENST00000339244	intron_variant	MODIFIER	protein_coding			
rs12909009					intron_variant	DPP8		ENST00000341861	intron_variant	MODIFIER	protein_coding			
rs12909009					intron_variant	DPP8		ENST00000358939	intron_variant	MODIFIER	protein_coding			
rs12909009					intron_variant	DPP8		ENST00000395652	intron_variant,NMD_transcript_variant	MODIFIER	nonsense_mediated_decay			
rs12909009					intron_variant	DPP8		ENST00000558559	downstream_gene_variant	MODIFIER	protein_coding			
rs12909009					intron_variant	DPP8		ENST00000558786	intron_variant	MODIFIER	protein_coding			
rs12909009					intron_variant	DPP8		ENST00000559233	intron_variant	MODIFIER	protein_coding			
rs12909009					intron_variant	DPP8		ENST00000560048	downstream_gene_variant	MODIFIER	processed_transcript			
rs12909009					intron_variant	DPP8		ENST00000560597	downstream_gene_variant	MODIFIER	retained_intron			
rs12913098					intron_variant	DPH6-AS1		ENST00000501169	intron_variant,non_coding_transcript_variant	MODIFIER	lincRNA			
rs12913098					intron_variant	DPH6-AS1		ENST00000559210	intron_variant,non_coding_transcript_variant	MODIFIER	lincRNA			
rs13266634					missense_variant	SLC30A8		ENST00000427715	synonymous_variant	LOW	protein_coding		276.0	R
rs13266634					missense_variant	SLC30A8		ENST00000427715	missense_variant	MODERATE	protein_coding		276.0	R/W
rs13266634					missense_variant	SLC30A8		ENST00000456015	synonymous_variant	LOW	protein_coding		325.0	R
rs13266634					missense_variant	SLC30A8		ENST00000456015	missense_variant	MODERATE	protein_coding		325.0	R/W
rs13266634					missense_variant	SLC30A8		ENST00000519688	synonymous_variant	LOW	protein_coding		276.0	R
rs13266634					missense_variant	SLC30A8		ENST00000519688	missense_variant	MODERATE	protein_coding		276.0	R/W
rs13266634					missense_variant	SLC30A8		ENST00000521243	synonymous_variant	LOW	protein_coding		276.0	R
rs13266634					missense_variant	SLC30A8		ENST00000521243	missense_variant	MODERATE	protein_coding		276.0	R/W
rs13267937					intron_variant	MAFA		ENST00000333480	downstream_gene_variant	MODIFIER	protein_coding			
rs13267937					intron_variant	RP11-909N17.3		ENST00000519762	downstream_gene_variant	MODIFIER	antisense			
rs13267937					intron_variant	MAFA		ENST00000528185	intron_variant,non_coding_transcript_variant	MODIFIER	processed_transcript			
rs13273592					intergenic_variant				intergenic_variant					
rs1330303					intron_variant	BNC2		ENST00000380666	intron_variant	MODIFIER	protein_coding			
rs1330303					intron_variant	BNC2		ENST00000380667	intron_variant	MODIFIER	protein_coding			
rs1330303					intron_variant	BNC2		ENST00000380672	intron_variant	MODIFIER	protein_coding			
rs1330303					intron_variant	BNC2		ENST00000418777	intron_variant	MODIFIER	protein_coding			
rs1330303					intron_variant	BNC2		ENST00000468187	intron_variant	MODIFIER	protein_coding			
rs1330303					intron_variant	BNC2		ENST00000484726	intron_variant,NMD_transcript_variant	MODIFIER	nonsense_mediated_decay			
rs1330303					intron_variant	BNC2		ENST00000486514	intron_variant	MODIFIER	protein_coding			
rs1330303					intron_variant	BNC2		ENST00000545497	intron_variant	MODIFIER	protein_coding			
rs1330303					intron_variant	BNC2		ENST00000603313	intron_variant	MODIFIER	protein_coding			
rs1330303					intron_variant	BNC2		ENST00000603713	intron_variant	MODIFIER	protein_coding			
rs13339351					intergenic_variant				intergenic_variant					
rs139149176					intergenic_variant				intergenic_variant					
rs139219993					intron_variant	RP11-1129I3.1		ENST00000562300	intron_variant,non_coding_transcript_variant	MODIFIER	sense_overlapping			
rs139219993					intron_variant	RP11-1129I3.1		ENST00000568246	intron_variant,non_coding_transcript_variant	MODIFIER	sense_overlapping			
rs1396713					intron_variant	HERC1		ENST00000443617	intron_variant	MODIFIER	protein_coding			
rs1396713					intron_variant	HERC1		ENST00000558532	intron_variant	MODIFIER	protein_coding			
rs1396713					intron_variant	HERC1		ENST00000559886	intron_variant,non_coding_transcript_variant	MODIFIER	retained_intron			
rs1396713					intron_variant	HERC1		ENST00000560316	intron_variant	MODIFIER	protein_coding			
rs1396713					intron_variant	HERC1		ENST00000560462	intron_variant	MODIFIER	protein_coding			
rs1396713					intron_variant	HERC1		ENST00000561400	intron_variant	MODIFIER	protein_coding			
rs139891432					intron_variant	FTO		ENST00000394647	intron_variant	MODIFIER	protein_coding			
rs139891432					intron_variant	FTO		ENST00000464071	intron_variant,NMD_transcript_variant	MODIFIER	nonsense_mediated_decay			
rs139891432					intron_variant	FTO		ENST00000471389	intron_variant	MODIFIER	protein_coding			
rs139891432					intron_variant	FTO		ENST00000570395	intron_variant,non_coding_transcript_variant	MODIFIER	processed_transcript			
rs1420076					intron_variant	RBFOX1		ENST00000422070	intron_variant	MODIFIER	protein_coding			
rs1420076					intron_variant	RBFOX1		ENST00000535565	intron_variant	MODIFIER	protein_coding			
rs1420076					intron_variant	RBFOX1		ENST00000547372	intron_variant	MODIFIER	protein_coding			
rs1420076					intron_variant	RBFOX1		ENST00000547427	intron_variant,non_coding_transcript_variant	MODIFIER	processed_transcript			
rs1420076					intron_variant	RBFOX1		ENST00000547605	intron_variant	MODIFIER	protein_coding			
rs1420076					intron_variant	RBFOX1		ENST00000548749	intron_variant,non_coding_transcript_variant	MODIFIER	processed_transcript			
rs1420076					intron_variant	RBFOX1		ENST00000550418	intron_variant	MODIFIER	protein_coding			
rs1420076					intron_variant	RBFOX1		ENST00000551752	intron_variant	MODIFIER	protein_coding			
rs1420076					intron_variant	RBFOX1		ENST00000552089	intron_variant	MODIFIER	protein_coding			
rs1420076					intron_variant	RBFOX1		ENST00000553186	intron_variant	MODIFIER	protein_coding			
rs1420076					intron_variant	RP11-420N3.2		ENST00000569895	intron_variant,non_coding_transcript_variant	MODIFIER	processed_transcript			
rs145500238					intron_variant	GLIS3		ENST00000381971	intron_variant	MODIFIER	protein_coding			
rs145500238					intron_variant	GLIS3		ENST00000477901	intron_variant	MODIFIER	protein_coding			
rs145500238					intron_variant	GLIS3		ENST00000478844	intron_variant	MODIFIER	protein_coding			
rs145500238					intron_variant	GLIS3		ENST00000481827	intron_variant	MODIFIER	protein_coding			
rs145500238					intron_variant	GLIS3		ENST00000490709	intron_variant,non_coding_transcript_variant	MODIFIER	processed_transcript			
rs145500238					intron_variant	GLIS3		ENST00000491889	intron_variant,NMD_transcript_variant	MODIFIER	nonsense_mediated_decay			
rs145904814					intron_variant	FTO		ENST00000394647	intron_variant	MODIFIER	protein_coding			
rs145904814					intron_variant	FTO		ENST00000464071	intron_variant,NMD_transcript_variant	MODIFIER	nonsense_mediated_decay			
rs145904814					intron_variant	FTO		ENST00000471389	intron_variant	MODIFIER	protein_coding			
rs145904814					intron_variant	FTO		ENST00000570395	intron_variant,non_coding_transcript_variant	MODIFIER	processed_transcript			
rs146692251					intron_variant	VPS13C		ENST00000249837	intron_variant	MODIFIER	protein_coding			
rs146692251					intron_variant	VPS13C		ENST00000261517	intron_variant	MODIFIER	protein_coding			
rs146692251					intron_variant	VPS13C		ENST00000395896	intron_variant	MODIFIER	protein_coding			
rs146692251					intron_variant	VPS13C		ENST00000395898	intron_variant	MODIFIER	protein_coding			
rs1472495					intergenic_variant				intergenic_variant					
rs147643814					intron_variant	SLC30A8		ENST00000427715	intron_variant	MODIFIER	protein_coding			
rs147643814					intron_variant	SLC30A8		ENST00000521035	intron_variant,non_coding_transcript_variant	MODIFIER	processed_transcript			
rs147643814					intron_variant	SLC30A8		ENST00000521243	intron_variant	MODIFIER	protein_coding			
rs147643814					intron_variant	RP11-1059L18.1		ENST00000522976	downstream_gene_variant	MODIFIER	processed_pseudogene			
rs147643814					intron_variant	SLC30A8		ENST00000524274	intron_variant	MODIFIER	protein_coding			
rs149336329					intron_variant	MYO5C		ENST00000261839	intron_variant	MODIFIER	protein_coding			
rs149336329					intron_variant	MYO5C		ENST00000443683	intron_variant	MODIFIER	protein_coding			
rs149336329					intron_variant	MYO5C		ENST00000541028	intron_variant,non_coding_transcript_variant	MODIFIER	processed_transcript			
rs149336329					intron_variant	MYO5C		ENST00000558479	intron_variant	MODIFIER	protein_coding			
rs149336329					intron_variant	MYO5C		ENST00000558902	intron_variant,NMD_transcript_variant	MODIFIER	nonsense_mediated_decay			
rs149336329					intron_variant	MYO5C		ENST00000559459	intron_variant,NMD_transcript_variant	MODIFIER	nonsense_mediated_decay			
rs149336329					intron_variant	MYO5C		ENST00000560809	intron_variant,NMD_transcript_variant	MODIFIER	nonsense_mediated_decay			
rs149587589					3_prime_UTR_variant	KIAA1875		ENST00000323662	3_prime_UTR_variant	MODIFIER	protein_coding			
rs149587589					3_prime_UTR_variant	KIAA1875		ENST00000525150	downstream_gene_variant	MODIFIER	retained_intron			
rs149587589					3_prime_UTR_variant	KIAA1875		ENST00000528691	downstream_gene_variant	MODIFIER	retained_intron			
rs149587589					3_prime_UTR_variant	KIAA1875		ENST00000529209	downstream_gene_variant	MODIFIER	retained_intron			
rs149587589					3_prime_UTR_variant	KIAA1875		ENST00000534167	3_prime_UTR_variant,NMD_transcript_variant	MODIFIER	nonsense_mediated_decay			
rs1558902					intron_variant	FTO		ENST00000394647	intron_variant	MODIFIER	protein_coding			
rs1558902					intron_variant	FTO		ENST00000464071	intron_variant,NMD_transcript_variant	MODIFIER	nonsense_mediated_decay			
rs1558902					intron_variant	FTO		ENST00000471389	intron_variant	MODIFIER	protein_coding			
rs1558902					intron_variant	FTO		ENST00000570395	intron_variant,non_coding_transcript_variant	MODIFIER	processed_transcript			
rs1575972					intergenic_variant				intergenic_variant					
rs16895840					intron_variant	RP11-3G20.1		ENST00000518922	intron_variant,non_coding_transcript_variant	MODIFIER	lincRNA			
rs16970349					intron_variant	BMF		ENST00000220446	intron_variant	MODIFIER	protein_coding			
rs16970349					intron_variant	BMF		ENST00000354670	intron_variant	MODIFIER	protein_coding			
rs16970349					intron_variant	BMF		ENST00000397573	intron_variant	MODIFIER	protein_coding			
rs16970349					intron_variant	BMF		ENST00000431415	intron_variant	MODIFIER	protein_coding			
rs16970349					intron_variant	BMF		ENST00000558774	intron_variant	MODIFIER	protein_coding			
rs16970349					intron_variant	RP11-521C20.3		ENST00000559022	downstream_gene_variant	MODIFIER	antisense			
rs16970349					intron_variant	BMF		ENST00000559701	intron_variant	MODIFIER	protein_coding			
rs16970349					intron_variant	BMF		ENST00000561282	intron_variant	MODIFIER	protein_coding			
rs16970349					intron_variant	BMF		ENST00000561360	intron_variant	MODIFIER	protein_coding			
rs17476364					intron_variant	HK1		ENST00000298649	intron_variant	MODIFIER	protein_coding			
rs17476364					intron_variant	HK1		ENST00000359426	intron_variant	MODIFIER	protein_coding			
rs17476364					intron_variant	HK1		ENST00000360289	intron_variant	MODIFIER	protein_coding			
rs17476364					intron_variant	HK1		ENST00000404387	intron_variant	MODIFIER	protein_coding			
rs17476364					intron_variant	HK1		ENST00000421088	intron_variant	MODIFIER	protein_coding			
rs17476364					intron_variant	HK1		ENST00000436817	intron_variant	MODIFIER	protein_coding			
rs17476364					intron_variant	HK1		ENST00000448642	intron_variant	MODIFIER	protein_coding			
rs17476364					intron_variant	HK1		ENST00000450646	intron_variant	MODIFIER	protein_coding			
rs17476364					intron_variant	HK1		ENST00000464803	intron_variant,non_coding_transcript_variant	MODIFIER	processed_transcript			
rs17476364					intron_variant	HK1		ENST00000476368	intron_variant,non_coding_transcript_variant	MODIFIER	processed_transcript			
rs17476364					intron_variant	HK1		ENST00000480047	intron_variant,non_coding_transcript_variant	MODIFIER	processed_transcript			
rs17476364					intron_variant	HK1		ENST00000483054	intron_variant,non_coding_transcript_variant	MODIFIER	processed_transcript			
rs17476364					intron_variant	HK1		ENST00000483077	intron_variant,non_coding_transcript_variant	MODIFIER	processed_transcript			
rs17476364					intron_variant	HK1		ENST00000493591	intron_variant,non_coding_transcript_variant	MODIFIER	processed_transcript			
rs17476364					intron_variant	HK1		ENST00000494253	upstream_gene_variant	MODIFIER	processed_transcript			
rs17770336					intron_variant	LINGO2		ENST00000379992	intron_variant	MODIFIER	protein_coding			
rs17772814					intron_variant	CASC11		ENST00000502463	intron_variant,non_coding_transcript_variant	MODIFIER	lincRNA			
rs17772814					intron_variant	CASC11		ENST00000519071	downstream_gene_variant	MODIFIER	lincRNA			
rs183862911					intergenic_variant				intergenic_variant					
rs1888832					intergenic_variant				intergenic_variant					
rs1978487					intron_variant	KAT8		ENST00000219797	intron_variant	MODIFIER	protein_coding			
rs1978487					intron_variant	KAT8		ENST00000448516	intron_variant	MODIFIER	protein_coding			
rs1978487					intron_variant	KAT8		ENST00000539683	intron_variant,non_coding_transcript_variant	MODIFIER	retained_intron			
rs1978487					intron_variant	KAT8		ENST00000543774	intron_variant	MODIFIER	protein_coding			
rs1978487					intron_variant	RP11-196G11.4		ENST00000576336	intron_variant,non_coding_transcript_variant	MODIFIER	sense_intronic			
rs2025067					intron_variant	SMEK1		ENST00000337238	intron_variant	MODIFIER	protein_coding			
rs2025067					intron_variant	SMEK1		ENST00000428424	intron_variant	MODIFIER	protein_coding			
rs2025067					intron_variant	SMEK1		ENST00000554308	intron_variant,NMD_transcript_variant	MODIFIER	nonsense_mediated_decay			
rs2025067					intron_variant	SMEK1		ENST00000554390	intron_variant	MODIFIER	non_stop_decay			
rs2025067					intron_variant	SMEK1		ENST00000554511	intron_variant	MODIFIER	protein_coding			
rs2025067					intron_variant	SMEK1		ENST00000554684	intron_variant	MODIFIER	protein_coding			
rs2025067					intron_variant	SMEK1		ENST00000554943	intron_variant	MODIFIER	protein_coding			
rs2025067					intron_variant	SMEK1		ENST00000555029	intron_variant	MODIFIER	protein_coding			
rs2025067					intron_variant	SMEK1		ENST00000555462	intron_variant	MODIFIER	protein_coding			
rs2025067					intron_variant	SMEK1		ENST00000557018	intron_variant	MODIFIER	protein_coding			
rs2056857					intron_variant	C14orf166B		ENST00000216450	intron_variant,NMD_transcript_variant	MODIFIER	nonsense_mediated_decay			
rs2056857					intron_variant	C14orf166B		ENST00000393774	intron_variant	MODIFIER	protein_coding			
rs2056857					intron_variant	C14orf166B		ENST00000450042	intron_variant	MODIFIER	protein_coding			
rs2056857					intron_variant	C14orf166B		ENST00000460005	intron_variant,non_coding_transcript_variant	MODIFIER	processed_transcript			
rs2056857					intron_variant	C14orf166B		ENST00000484640	intron_variant,NMD_transcript_variant	MODIFIER	nonsense_mediated_decay			
rs2056857					intron_variant	C14orf166B		ENST00000557453	downstream_gene_variant	MODIFIER	nonsense_mediated_decay			
rs2059134					non_coding_transcript_exon_variant	TNRC6A		ENST00000315183	intron_variant	MODIFIER	protein_coding			
rs2059134					non_coding_transcript_exon_variant	TNRC6A		ENST00000395799	intron_variant	MODIFIER	protein_coding			
rs2059134					non_coding_transcript_exon_variant	TNRC6A		ENST00000432286	upstream_gene_variant	MODIFIER	protein_coding			
rs2059134					non_coding_transcript_exon_variant	TNRC6A		ENST00000450465	intron_variant	MODIFIER	protein_coding			
rs2059134					non_coding_transcript_exon_variant	TNRC6A		ENST00000462400	intron_variant,non_coding_transcript_variant	MODIFIER	retained_intron			
rs2059134					non_coding_transcript_exon_variant	TNRC6A		ENST00000477487	non_coding_transcript_exon_variant	MODIFIER	retained_intron			
rs2059134					non_coding_transcript_exon_variant	TNRC6A		ENST00000491718	intron_variant,NMD_transcript_variant	MODIFIER	nonsense_mediated_decay			
rs2059134					non_coding_transcript_exon_variant	TNRC6A		ENST00000561726	downstream_gene_variant	MODIFIER	retained_intron			
rs2059134					non_coding_transcript_exon_variant	TNRC6A		ENST00000563201	upstream_gene_variant	MODIFIER	retained_intron			
rs2059134					non_coding_transcript_exon_variant	TNRC6A		ENST00000568750	intron_variant	MODIFIER	protein_coding			
rs2059134					non_coding_transcript_exon_variant	CTD-2515A14.1		ENST00000568895	intron_variant,non_coding_transcript_variant	MODIFIER	antisense			
rs2059134					non_coding_transcript_exon_variant	TNRC6A		ENST00000569376	upstream_gene_variant	MODIFIER	nonsense_mediated_decay			
rs2165069					intron_variant	AP3S2		ENST00000336418	intron_variant	MODIFIER	protein_coding			
rs2165069					intron_variant	AP3S2		ENST00000423566	intron_variant,NMD_transcript_variant	MODIFIER	nonsense_mediated_decay			
rs2165069					intron_variant	AP3S2		ENST00000557999	intron_variant,NMD_transcript_variant	MODIFIER	nonsense_mediated_decay			
rs2165069					intron_variant	AP3S2		ENST00000558011	intron_variant	MODIFIER	protein_coding			
rs2165069					intron_variant	AP3S2		ENST00000558806	intron_variant,NMD_transcript_variant	MODIFIER	nonsense_mediated_decay			
rs2165069					intron_variant	AP3S2		ENST00000558999	intron_variant,NMD_transcript_variant	MODIFIER	nonsense_mediated_decay			
rs2165069					intron_variant	AP3S2		ENST00000559162	intron_variant,non_coding_transcript_variant	MODIFIER	retained_intron			
rs2165069					intron_variant	AP3S2		ENST00000560184	downstream_gene_variant	MODIFIER	processed_transcript			
rs2165069					intron_variant	AP3S2		ENST00000560251	downstream_gene_variant	MODIFIER	nonsense_mediated_decay			
rs2165069					intron_variant	AP3S2		ENST00000560940	intron_variant	MODIFIER	protein_coding			
rs2274162					5_prime_UTR_variant	DFNB31		ENST00000265134	intron_variant	MODIFIER	protein_coding			
rs2274162					5_prime_UTR_variant	DFNB31		ENST00000362057	intron_variant	MODIFIER	protein_coding			
rs2274162					5_prime_UTR_variant	DFNB31		ENST00000374059	5_prime_UTR_variant	MODIFIER	protein_coding			
rs2295388					intron_variant	MEG3		ENST00000398461	intron_variant,non_coding_transcript_variant	MODIFIER	lincRNA			
rs2295388					intron_variant	MEG3		ENST00000398474	intron_variant,non_coding_transcript_variant	MODIFIER	lincRNA			
rs2295388					intron_variant	MEG3		ENST00000398518	intron_variant,non_coding_transcript_variant	MODIFIER	lincRNA			
rs2295388					intron_variant	MEG3		ENST00000412736	intron_variant,non_coding_transcript_variant	MODIFIER	lincRNA			
rs2295388					intron_variant	MEG3		ENST00000423456	intron_variant,non_coding_transcript_variant	MODIFIER	lincRNA			
rs2295388					intron_variant	MEG3		ENST00000424076	intron_variant,non_coding_transcript_variant	MODIFIER	lincRNA			
rs2295388					intron_variant	MEG3		ENST00000429159	intron_variant,non_coding_transcript_variant	MODIFIER	lincRNA			
rs2295388					intron_variant	MEG3		ENST00000451743	intron_variant,non_coding_transcript_variant	MODIFIER	lincRNA			
rs2295388					intron_variant	MEG3		ENST00000452514	intron_variant,non_coding_transcript_variant	MODIFIER	lincRNA			
rs2295388					intron_variant	MEG3		ENST00000455531	intron_variant,non_coding_transcript_variant	MODIFIER	lincRNA			
rs2295388					intron_variant	MEG3		ENST00000519709	intron_variant,non_coding_transcript_variant	MODIFIER	lincRNA			
rs2295388					intron_variant	MEG3		ENST00000520714	intron_variant,non_coding_transcript_variant	MODIFIER	lincRNA			
rs2295388					intron_variant	MEG3		ENST00000521404	intron_variant,non_coding_transcript_variant	MODIFIER	lincRNA			
rs2295388					intron_variant	MEG3		ENST00000522618	intron_variant,non_coding_transcript_variant	MODIFIER	lincRNA			
rs2295388					intron_variant	MEG3		ENST00000522771	intron_variant,non_coding_transcript_variant	MODIFIER	lincRNA			
rs2295388					intron_variant	MEG3		ENST00000524035	intron_variant,non_coding_transcript_variant	MODIFIER	lincRNA			
rs2295388					intron_variant	MEG3		ENST00000524131	intron_variant,non_coding_transcript_variant	MODIFIER	lincRNA			
rs2295388					intron_variant	RP11-123M6.2		ENST00000554041	intron_variant,non_coding_transcript_variant	MODIFIER	antisense			
rs2295388					intron_variant	MEG3		ENST00000554639	intron_variant,non_coding_transcript_variant	MODIFIER	lincRNA			
rs2295388					intron_variant	MEG3		ENST00000555928	intron_variant,non_coding_transcript_variant	MODIFIER	lincRNA			
rs2295388					intron_variant	MEG3		ENST00000556736	intron_variant,non_coding_transcript_variant	MODIFIER	lincRNA			
rs2371064					intron_variant	NRXN3		ENST00000281127	intron_variant	MODIFIER	protein_coding			
rs2371064					intron_variant	NRXN3		ENST00000335750	intron_variant	MODIFIER	protein_coding			
rs2371064					intron_variant	NRXN3		ENST00000428277	intron_variant	MODIFIER	protein_coding			
rs2371064					intron_variant	RP11-242P2.1		ENST00000553322	intron_variant,non_coding_transcript_variant	MODIFIER	antisense			
rs2371064					intron_variant	NRXN3		ENST00000554719	intron_variant	MODIFIER	protein_coding			
rs2371064					intron_variant	NRXN3		ENST00000554738	intron_variant,NMD_transcript_variant	MODIFIER	nonsense_mediated_decay			
rs2371064					intron_variant	NRXN3		ENST00000555387	intron_variant,NMD_transcript_variant	MODIFIER	nonsense_mediated_decay			
rs2371064					intron_variant	NRXN3		ENST00000556003	intron_variant,non_coding_transcript_variant	MODIFIER	processed_transcript			
rs2371064					intron_variant	NRXN3		ENST00000557594	intron_variant	MODIFIER	protein_coding			
rs2382031					intergenic_variant				intergenic_variant					
rs2393960					intergenic_variant				intergenic_variant					
rs2438988					intron_variant	FRMPD2		ENST00000305531	intron_variant	MODIFIER	protein_coding			
rs2438988					intron_variant	FRMPD2		ENST00000374201	intron_variant	MODIFIER	protein_coding			
rs2438988					intron_variant	FRMPD2		ENST00000407470	intron_variant	MODIFIER	protein_coding			
rs2438988					intron_variant	FRMPD2		ENST00000463706	intron_variant,non_coding_transcript_variant	MODIFIER	processed_transcript			
rs2438988					intron_variant	FRMPD2		ENST00000474573	intron_variant	MODIFIER	protein_coding			
rs2438988					intron_variant	FRMPD2		ENST00000491130	intron_variant,non_coding_transcript_variant	MODIFIER	retained_intron			
rs2447198					intron_variant	CKMT1B		ENST00000300283	downstream_gene_variant	MODIFIER	protein_coding			
rs2447198					intron_variant	RNU6-554P		ENST00000410466	downstream_gene_variant	MODIFIER	snRNA			
rs2447198					intron_variant	CKMT1B		ENST00000411560	intron_variant,non_coding_transcript_variant	MODIFIER	processed_transcript			
rs2447198					intron_variant	STRC		ENST00000428650	intron_variant,NMD_transcript_variant	MODIFIER	nonsense_mediated_decay			
rs2447198					intron_variant	CKMT1B		ENST00000437534	downstream_gene_variant	MODIFIER	nonsense_mediated_decay			
rs2447198					intron_variant	STRC		ENST00000440125	intron_variant,NMD_transcript_variant	MODIFIER	nonsense_mediated_decay			
rs2447198					intron_variant	CKMT1B		ENST00000441322	downstream_gene_variant	MODIFIER	protein_coding			
rs2447198					intron_variant	STRC		ENST00000448437	intron_variant,non_coding_transcript_variant	MODIFIER	retained_intron			
rs2447198					intron_variant	STRC		ENST00000450892	intron_variant	MODIFIER	protein_coding			
rs2447198					intron_variant	STRC		ENST00000455136	downstream_gene_variant	MODIFIER	nonsense_mediated_decay			
rs2447198					intron_variant	STRC		ENST00000460952	upstream_gene_variant	MODIFIER	retained_intron			
rs2447198					intron_variant	STRC		ENST00000471703	intron_variant,non_coding_transcript_variant	MODIFIER	retained_intron			
rs2447198					intron_variant	STRC		ENST00000485556	intron_variant,non_coding_transcript_variant	MODIFIER	retained_intron			
rs2447198					intron_variant	STRC		ENST00000493750	intron_variant,non_coding_transcript_variant	MODIFIER	retained_intron			
rs2447198					intron_variant	STRC		ENST00000541030	intron_variant	MODIFIER	protein_coding			
rs2469102					upstream_gene_variant	RP11-321F6.1		ENST00000558797	upstream_gene_variant	MODIFIER	protein_coding			
rs2479106					intron_variant	DENND1A		ENST00000373618	intron_variant	MODIFIER	protein_coding			
rs2479106					intron_variant	DENND1A		ENST00000373620	intron_variant	MODIFIER	protein_coding			
rs2479106					intron_variant	DENND1A		ENST00000373624	intron_variant	MODIFIER	protein_coding			
rs2479106					intron_variant	DENND1A		ENST00000394215	intron_variant	MODIFIER	protein_coding			
rs2479106					intron_variant	DENND1A		ENST00000394219	intron_variant	MODIFIER	protein_coding			
rs2479106					intron_variant	RP11-417B4.3		ENST00000411924	downstream_gene_variant	MODIFIER	processed_pseudogene			
rs2479106					intron_variant	DENND1A		ENST00000473039	intron_variant,non_coding_transcript_variant	MODIFIER	processed_transcript			
rs2615231					intron_variant	TCF12		ENST00000267811	intron_variant	MODIFIER	protein_coding			
rs2615231					intron_variant	TCF12		ENST00000333725	intron_variant	MODIFIER	protein_coding			
rs2615231					intron_variant	TCF12		ENST00000438423	intron_variant	MODIFIER	protein_coding			
rs2615231					intron_variant	TCF12		ENST00000452095	intron_variant	MODIFIER	protein_coding			
rs2615231					intron_variant	TCF12		ENST00000557843	intron_variant	MODIFIER	protein_coding			
rs2615231					intron_variant	TCF12		ENST00000557947	intron_variant	MODIFIER	protein_coding			
rs2615231					intron_variant	TCF12		ENST00000559216	upstream_gene_variant	MODIFIER	processed_transcript			
rs2615231					intron_variant	TCF12		ENST00000559609	intron_variant	MODIFIER	protein_coding			
rs2615231					intron_variant	TCF12		ENST00000560190	intron_variant,non_coding_transcript_variant	MODIFIER	processed_transcript			
rs2615231					intron_variant	TCF12		ENST00000561152	intron_variant,NMD_transcript_variant	MODIFIER	nonsense_mediated_decay			
rs2615231					intron_variant	TCF12		ENST00000561346	intron_variant,non_coding_transcript_variant	MODIFIER	processed_transcript			
rs2664419					intron_variant	TET1		ENST00000373644	intron_variant	MODIFIER	protein_coding			
rs2796441					intron_variant	TLE1		ENST00000376499	upstream_gene_variant	MODIFIER	protein_coding			
rs2796441					intron_variant	RP11-154D17.1		ENST00000437181	intron_variant,non_coding_transcript_variant	MODIFIER	lincRNA			
rs2814834					intergenic_variant				intergenic_variant					
rs2815657					intron_variant	CAMK1D		ENST00000378845	intron_variant	MODIFIER	protein_coding			
rs2815657					intron_variant	CAMK1D		ENST00000378847	intron_variant	MODIFIER	protein_coding			
rs2815657					intron_variant	CAMK1D		ENST00000487696	intron_variant,non_coding_transcript_variant	MODIFIER	processed_transcript			
rs28475375					intergenic_variant				intergenic_variant					
rs28521526					upstream_gene_variant	IFNA21		ENST00000380225	upstream_gene_variant	MODIFIER	protein_coding			
rs28533815					intron_variant	GPSM1		ENST00000563430	intron_variant	MODIFIER	protein_coding			
rs28533815					intron_variant	GPSM1		ENST00000354753	intron_variant	MODIFIER	protein_coding			
rs28533815					intron_variant	GPSM1		ENST00000440944	intron_variant	MODIFIER	protein_coding			
rs28538218					intron_variant	RP11-382A20.5		ENST00000566841	intron_variant,non_coding_transcript_variant	MODIFIER	antisense			
rs28538218					intron_variant	RP11-382A20.6		ENST00000568441	intron_variant,non_coding_transcript_variant	MODIFIER	antisense			
rs28836514					downstream_gene_variant	AC093334.1		ENST00000537528	downstream_gene_variant	MODIFIER	pseudogene			
rs2890156					intron_variant	PRC1		ENST00000361188	intron_variant	MODIFIER	protein_coding			
rs2890156					intron_variant	PRC1		ENST00000361919	intron_variant	MODIFIER	protein_coding			
rs2890156					intron_variant	PRC1		ENST00000394249	intron_variant	MODIFIER	protein_coding			
rs2890156					intron_variant	PRC1		ENST00000442656	intron_variant	MODIFIER	protein_coding			
rs2890156					intron_variant	PRC1-AS1		ENST00000554388	intron_variant,non_coding_transcript_variant	MODIFIER	antisense			
rs2890156					intron_variant	PRC1		ENST00000555455	intron_variant	MODIFIER	protein_coding			
rs2890156					intron_variant	PRC1-AS1		ENST00000556200	intron_variant,non_coding_transcript_variant	MODIFIER	antisense			
rs2890156					intron_variant	PRC1		ENST00000556972	intron_variant	MODIFIER	protein_coding			
rs2890156					intron_variant	PRC1		ENST00000559326	downstream_gene_variant	MODIFIER	retained_intron			
rs2890156					intron_variant	PRC1		ENST00000559828	intron_variant	MODIFIER	protein_coding			
rs2890156					intron_variant	PRC1		ENST00000560423	intron_variant	MODIFIER	protein_coding			
rs2890156					intron_variant	PRC1		ENST00000560914	downstream_gene_variant	MODIFIER	retained_intron			
rs2917677					intron_variant	NQO1		ENST00000320623	intron_variant	MODIFIER	protein_coding			
rs2917677					intron_variant	NQO1		ENST00000379046	intron_variant	MODIFIER	protein_coding			
rs2917677					intron_variant	NQO1		ENST00000379047	intron_variant	MODIFIER	protein_coding			
rs2917677					intron_variant	NQO1		ENST00000439109	intron_variant	MODIFIER	protein_coding			
rs2917677					intron_variant	NQO1		ENST00000561500	intron_variant	MODIFIER	protein_coding			
rs2917677					intron_variant	NQO1		ENST00000564043	intron_variant	MODIFIER	protein_coding			
rs2917677					intron_variant	NQO1		ENST00000569118	downstream_gene_variant	MODIFIER	retained_intron			
rs2997064					upstream_gene_variant	CAMK1D		ENST00000378845	upstream_gene_variant	MODIFIER	protein_coding			
rs2997064					upstream_gene_variant	CAMK1D		ENST00000378847	upstream_gene_variant	MODIFIER	protein_coding			
rs2997064					upstream_gene_variant	CAMK1D		ENST00000487696	upstream_gene_variant	MODIFIER	processed_transcript			
rs3095633					upstream_gene_variant	AKTIP		ENST00000300245	upstream_gene_variant	MODIFIER	protein_coding			
rs3095633					upstream_gene_variant	AKTIP		ENST00000394657	upstream_gene_variant	MODIFIER	protein_coding			
rs3095633					upstream_gene_variant	AKTIP		ENST00000561799	upstream_gene_variant	MODIFIER	retained_intron			
rs3095633					upstream_gene_variant	AKTIP		ENST00000563108	upstream_gene_variant	MODIFIER	retained_intron			
rs3095633					upstream_gene_variant	AKTIP		ENST00000564497	upstream_gene_variant	MODIFIER	protein_coding			
rs3095633					upstream_gene_variant	AKTIP		ENST00000565408	upstream_gene_variant	MODIFIER	protein_coding			
rs3095633					upstream_gene_variant	AKTIP		ENST00000566045	upstream_gene_variant	MODIFIER	retained_intron			
rs3095633					upstream_gene_variant	AKTIP		ENST00000568596	upstream_gene_variant	MODIFIER	protein_coding			
rs3095633					upstream_gene_variant	AKTIP		ENST00000570004	upstream_gene_variant	MODIFIER	protein_coding			
rs316371					intergenic_variant				intergenic_variant					
rs34080199					intergenic_variant				intergenic_variant					
rs34245505					intron_variant	BMF		ENST00000220446	intron_variant	MODIFIER	protein_coding			
rs34245505					intron_variant	BMF		ENST00000354670	intron_variant	MODIFIER	protein_coding			
rs34245505					intron_variant	BMF		ENST00000397573	intron_variant	MODIFIER	protein_coding			
rs34245505					intron_variant	BMF		ENST00000431415	intron_variant	MODIFIER	protein_coding			
rs34245505					intron_variant	BMF		ENST00000557870	downstream_gene_variant	MODIFIER	protein_coding			
rs34245505					intron_variant	BMF		ENST00000558057	downstream_gene_variant	MODIFIER	processed_transcript			
rs34245505					intron_variant	BMF		ENST00000558774	intron_variant	MODIFIER	protein_coding			
rs34245505					intron_variant	BMF		ENST00000559701	intron_variant	MODIFIER	protein_coding			
rs34245505					intron_variant	BMF		ENST00000560430	downstream_gene_variant	MODIFIER	protein_coding			
rs34245505					intron_variant	BMF		ENST00000561282	intron_variant	MODIFIER	protein_coding			
rs34245505					intron_variant	BMF		ENST00000561360	intron_variant	MODIFIER	protein_coding			
rs34569984					intron_variant	CACNA1H		ENST00000348261	intron_variant	MODIFIER	protein_coding			
rs34569984					intron_variant	CACNA1H		ENST00000358590	intron_variant	MODIFIER	protein_coding			
rs34569984					intron_variant	CACNA1H		ENST00000564954	intron_variant,non_coding_transcript_variant	MODIFIER	retained_intron			
rs34569984					intron_variant	CACNA1H		ENST00000565831	intron_variant	MODIFIER	protein_coding			
rs34665498					3_prime_UTR_variant	PDIA2		ENST00000219406	downstream_gene_variant	MODIFIER	protein_coding			
rs34665498					3_prime_UTR_variant	ARHGDIG		ENST00000219409	downstream_gene_variant	MODIFIER	protein_coding			
rs34665498					3_prime_UTR_variant	AXIN1		ENST00000262320	3_prime_UTR_variant	MODIFIER	protein_coding			
rs34665498					3_prime_UTR_variant	AXIN1		ENST00000354866	3_prime_UTR_variant	MODIFIER	protein_coding			
rs34665498					3_prime_UTR_variant	PDIA2		ENST00000404312	downstream_gene_variant	MODIFIER	protein_coding			
rs34665498					3_prime_UTR_variant	ARHGDIG		ENST00000414650	downstream_gene_variant	MODIFIER	protein_coding			
rs34665498					3_prime_UTR_variant	PDIA2		ENST00000435833	downstream_gene_variant	MODIFIER	protein_coding			
rs34665498					3_prime_UTR_variant	PDIA2		ENST00000456379	downstream_gene_variant	MODIFIER	protein_coding			
rs34665498					3_prime_UTR_variant	AXIN1		ENST00000457798	downstream_gene_variant	MODIFIER	protein_coding			
rs34665498					3_prime_UTR_variant	AXIN1		ENST00000461023	non_coding_transcript_exon_variant	MODIFIER	retained_intron			
rs34665498					3_prime_UTR_variant	PDIA2		ENST00000462950	downstream_gene_variant	MODIFIER	processed_transcript			
rs34665498					3_prime_UTR_variant	PDIA2		ENST00000467212	downstream_gene_variant	MODIFIER	retained_intron			
rs34665498					3_prime_UTR_variant	ARHGDIG		ENST00000477621	downstream_gene_variant	MODIFIER	retained_intron			
rs34665498					3_prime_UTR_variant	PDIA2		ENST00000482665	downstream_gene_variant	MODIFIER	retained_intron			
rs35368444					intergenic_variant				intergenic_variant					
rs35575195					regulatory_region_variant				regulatory_region_variant					
rs35632228					3_prime_UTR_variant	LMX1B		ENST00000355497	3_prime_UTR_variant	MODIFIER	protein_coding			
rs35632228					3_prime_UTR_variant	LMX1B		ENST00000373474	downstream_gene_variant	MODIFIER	protein_coding			
rs35632228					3_prime_UTR_variant	LMX1B		ENST00000425646	3_prime_UTR_variant	MODIFIER	protein_coding			
rs35632228					3_prime_UTR_variant	LMX1B		ENST00000526117	downstream_gene_variant	MODIFIER	protein_coding			
rs35632228					3_prime_UTR_variant	LMX1B		ENST00000561065	downstream_gene_variant	MODIFIER	protein_coding			
rs35632228					3_prime_UTR_variant	RP11-489N22.3		ENST00000602859	upstream_gene_variant	MODIFIER	lincRNA			
rs35889227					intron_variant	FOXN3		ENST00000345097	intron_variant	MODIFIER	protein_coding			
rs35889227					intron_variant	Y_RNA		ENST00000516713	downstream_gene_variant	MODIFIER	misc_RNA			
rs35889227					intron_variant	FOXN3		ENST00000555353	intron_variant	MODIFIER	protein_coding			
rs35889227					intron_variant	FOXN3		ENST00000555855	intron_variant	MODIFIER	protein_coding			
rs3747579					missense_variant	CORO7		ENST00000251166	missense_variant	MODERATE	protein_coding		193.0	R/Q
rs3747579					missense_variant	CORO7		ENST00000423908	missense_variant	MODERATE	protein_coding		25.0	R/Q
rs3747579					missense_variant	CORO7		ENST00000537233	missense_variant	MODERATE	protein_coding		175.0	R/Q
rs3747579					missense_variant	CORO7		ENST00000539968	5_prime_UTR_variant	MODIFIER	protein_coding			
rs3747579					missense_variant	CORO7		ENST00000570645	missense_variant	MODERATE	protein_coding		27.0	G/R
rs3747579					missense_variant	CORO7		ENST00000570928	3_prime_UTR_variant,NMD_transcript_variant	MODIFIER	nonsense_mediated_decay			
rs3747579					missense_variant	CORO7		ENST00000571052	missense_variant	MODERATE	protein_coding		27.0	G/R
rs3747579					missense_variant	CORO7		ENST00000571059	intron_variant	MODIFIER	protein_coding			
rs3747579					missense_variant	CORO7		ENST00000571227	3_prime_UTR_variant,NMD_transcript_variant	MODIFIER	nonsense_mediated_decay			
rs3747579					missense_variant	CORO7		ENST00000571756	missense_variant,NMD_transcript_variant	MODERATE	nonsense_mediated_decay		173.0	G/R
rs3747579					missense_variant	CORO7		ENST00000572044	missense_variant	MODERATE	protein_coding		25.0	R/Q
rs3747579					missense_variant	CORO7		ENST00000572549	missense_variant	MODERATE	protein_coding		38.0	R/Q
rs3747579					missense_variant	CORO7		ENST00000573245	non_coding_transcript_exon_variant	MODIFIER	retained_intron			
rs3747579					missense_variant	CORO7		ENST00000574025	missense_variant	MODERATE	protein_coding		108.0	R/Q
rs3747579					missense_variant	CORO7		ENST00000574311	missense_variant,NMD_transcript_variant	MODERATE	nonsense_mediated_decay		25.0	R/Q
rs3747579					missense_variant	CORO7		ENST00000575038	missense_variant	MODERATE	protein_coding		173.0	G/R
rs3747579					missense_variant	CORO7		ENST00000575714	non_coding_transcript_exon_variant	MODIFIER	retained_intron			
rs3747579					missense_variant	CORO7		ENST00000575850	missense_variant	MODERATE	protein_coding		206.0	R/Q
rs3747579					missense_variant	CORO7		ENST00000576437	missense_variant,NMD_transcript_variant	MODERATE	nonsense_mediated_decay		27.0	G/R
rs3751837					3_prime_UTR_variant	CLUAP1		ENST00000341633	intron_variant	MODIFIER	protein_coding			
rs3751837					3_prime_UTR_variant	CLUAP1		ENST00000417763	intron_variant	MODIFIER	protein_coding			
rs3751837					3_prime_UTR_variant	CLUAP1		ENST00000445795	intron_variant	MODIFIER	protein_coding			
rs3751837					3_prime_UTR_variant	CLUAP1		ENST00000571025	3_prime_UTR_variant	MODIFIER	protein_coding			
rs3751837					3_prime_UTR_variant	CLUAP1		ENST00000572600	intron_variant	MODIFIER	protein_coding			
rs3751837					3_prime_UTR_variant	CLUAP1		ENST00000572632	intron_variant,NMD_transcript_variant	MODIFIER	nonsense_mediated_decay			
rs3751837					3_prime_UTR_variant	CLUAP1		ENST00000574551	downstream_gene_variant	MODIFIER	protein_coding			
rs3751837					3_prime_UTR_variant	CLUAP1		ENST00000575134	downstream_gene_variant	MODIFIER	nonsense_mediated_decay			
rs3751837					3_prime_UTR_variant	CLUAP1		ENST00000575323	downstream_gene_variant	MODIFIER	retained_intron			
rs3751837					3_prime_UTR_variant	CLUAP1		ENST00000576634	intron_variant	MODIFIER	protein_coding			
rs3757974					intron_variant	DGAT1		ENST00000561737	intron_variant,non_coding_transcript_variant	MODIFIER	retained_intron			
rs3757974					intron_variant	DGAT1		ENST00000564602	intron_variant	MODIFIER	protein_coding			
rs3757974					intron_variant	DGAT1		ENST00000565392	upstream_gene_variant	MODIFIER	retained_intron			
rs3757974					intron_variant	DGAT1		ENST00000565657	intron_variant	MODIFIER	protein_coding			
rs3757974					intron_variant	DGAT1		ENST00000566444	upstream_gene_variant	MODIFIER	retained_intron			
rs3757974					intron_variant	DGAT1		ENST00000567463	upstream_gene_variant	MODIFIER	processed_transcript			
rs3757974					intron_variant	DGAT1		ENST00000569868	intron_variant,non_coding_transcript_variant	MODIFIER	retained_intron			
rs3757974					intron_variant	DGAT1		ENST00000332324	intron_variant	MODIFIER	protein_coding			
rs3757974					intron_variant	DGAT1		ENST00000524844	upstream_gene_variant	MODIFIER	processed_transcript			
rs3757974					intron_variant	DGAT1		ENST00000524965	upstream_gene_variant	MODIFIER	retained_intron			
rs3757974					intron_variant	DGAT1		ENST00000525371	intron_variant,non_coding_transcript_variant	MODIFIER	retained_intron			
rs3757974					intron_variant	DGAT1		ENST00000526479	upstream_gene_variant	MODIFIER	processed_transcript			
rs3757974					intron_variant	DGAT1		ENST00000527438	upstream_gene_variant	MODIFIER	processed_transcript			
rs3757974					intron_variant	DGAT1		ENST00000527885	upstream_gene_variant	MODIFIER	retained_intron			
rs3757974					intron_variant	DGAT1		ENST00000528718	upstream_gene_variant	MODIFIER	retained_intron			
rs3757974					intron_variant	DGAT1		ENST00000531896	intron_variant	MODIFIER	protein_coding			
rs3959569					missense_variant	MAPKBP1		ENST00000221214	missense_variant	MODERATE	protein_coding		1117.0	R/H
rs3959569					missense_variant	MAPKBP1		ENST00000221214	missense_variant	MODERATE	protein_coding		1117.0	R/P
rs3959569					missense_variant	MAPKBP1		ENST00000260357	missense_variant	MODERATE	protein_coding		1073.0	R/H
rs3959569					missense_variant	MAPKBP1		ENST00000260357	missense_variant	MODERATE	protein_coding		1073.0	R/P
rs3959569					missense_variant	JMJD7		ENST00000397299	upstream_gene_variant	MODIFIER	protein_coding			
rs3959569					missense_variant	JMJD7		ENST00000405106	upstream_gene_variant	MODIFIER	processed_transcript			
rs3959569					missense_variant	JMJD7		ENST00000408047	upstream_gene_variant	MODIFIER	protein_coding			
rs3959569					missense_variant	JMJD7		ENST00000431823	upstream_gene_variant	MODIFIER	protein_coding			
rs3959569					missense_variant	MAPKBP1		ENST00000456763	missense_variant	MODERATE	protein_coding		1240.0	R/H
rs3959569					missense_variant	MAPKBP1		ENST00000456763	missense_variant	MODERATE	protein_coding		1240.0	R/P
rs3959569					missense_variant	MAPKBP1		ENST00000457542	missense_variant	MODERATE	protein_coding		1234.0	R/H
rs3959569					missense_variant	MAPKBP1		ENST00000457542	missense_variant	MODERATE	protein_coding		1234.0	R/P
rs3959569					missense_variant	MAPKBP1		ENST00000502695	downstream_gene_variant	MODIFIER	retained_intron			
rs3959569					missense_variant	MAPKBP1		ENST00000505061	non_coding_transcript_exon_variant	MODIFIER	retained_intron			
rs3959569					missense_variant	MAPKBP1		ENST00000505373	3_prime_UTR_variant,NMD_transcript_variant	MODIFIER	nonsense_mediated_decay			
rs3959569					missense_variant	MAPKBP1		ENST00000506301	downstream_gene_variant	MODIFIER	retained_intron			
rs3959569					missense_variant	MAPKBP1		ENST00000508050	downstream_gene_variant	MODIFIER	retained_intron			
rs3959569					missense_variant	RP11-23P13.4		ENST00000510176	downstream_gene_variant	MODIFIER	antisense			
rs3959569					missense_variant	RP11-23P13.4		ENST00000512295	downstream_gene_variant	MODIFIER	antisense			
rs3959569					missense_variant	MAPKBP1		ENST00000512433	downstream_gene_variant	MODIFIER	retained_intron			
rs3959569					missense_variant	MAPKBP1		ENST00000512970	3_prime_UTR_variant,NMD_transcript_variant	MODIFIER	nonsense_mediated_decay			
rs3959569					missense_variant	MAPKBP1		ENST00000514566	intron_variant	MODIFIER	protein_coding			
rs3959569					missense_variant	PLA2G4B		ENST00000542534	upstream_gene_variant	MODIFIER	protein_coding			
rs4082793					intron_variant	BCL11B		ENST00000345514	intron_variant	MODIFIER	protein_coding			
rs4082793					intron_variant	BCL11B		ENST00000357195	intron_variant	MODIFIER	protein_coding			
rs4082793					intron_variant	BCL11B		ENST00000443726	intron_variant	MODIFIER	protein_coding			
rs4237150					intron_variant	GLIS3		ENST00000381971	intron_variant	MODIFIER	protein_coding			
rs4237150					intron_variant	GLIS3		ENST00000465708	intron_variant,non_coding_transcript_variant	MODIFIER	retained_intron			
rs4237150					intron_variant	GLIS3		ENST00000471664	intron_variant,non_coding_transcript_variant	MODIFIER	processed_transcript			
rs4237150					intron_variant	GLIS3		ENST00000477901	intron_variant	MODIFIER	protein_coding			
rs4237150					intron_variant	GLIS3		ENST00000478844	intron_variant	MODIFIER	protein_coding			
rs4237150					intron_variant	GLIS3		ENST00000481827	intron_variant	MODIFIER	protein_coding			
rs4237150					intron_variant	GLIS3		ENST00000490709	intron_variant,non_coding_transcript_variant	MODIFIER	processed_transcript			
rs4237150					intron_variant	GLIS3		ENST00000491889	intron_variant,NMD_transcript_variant	MODIFIER	nonsense_mediated_decay			
rs4382592					intron_variant	MED27		ENST00000292035	intron_variant	MODIFIER	protein_coding			
rs4382592					intron_variant	MED27		ENST00000357028	intron_variant	MODIFIER	protein_coding			
rs4548860					intron_variant	FTO		ENST00000394647	intron_variant	MODIFIER	protein_coding			
rs4548860					intron_variant	FTO		ENST00000464071	intron_variant,NMD_transcript_variant	MODIFIER	nonsense_mediated_decay			
rs4548860					intron_variant	FTO		ENST00000471389	intron_variant	MODIFIER	protein_coding			
rs4548860					intron_variant	FTO		ENST00000570395	intron_variant,non_coding_transcript_variant	MODIFIER	processed_transcript			
rs4556142					intergenic_variant				intergenic_variant					
rs458522					intron_variant	ZNF263		ENST00000219069	upstream_gene_variant	MODIFIER	protein_coding			
rs458522					intron_variant	ZNF263		ENST00000538765	intron_variant	MODIFIER	protein_coding			
rs458522					intron_variant	ZNF263		ENST00000572748	upstream_gene_variant	MODIFIER	protein_coding			
rs458522					intron_variant	ZNF263		ENST00000573578	upstream_gene_variant	MODIFIER	protein_coding			
rs458522					intron_variant	ZNF263		ENST00000574253	upstream_gene_variant	MODIFIER	protein_coding			
rs458522					intron_variant	ZNF263		ENST00000575823	upstream_gene_variant	MODIFIER	protein_coding			
rs459571					intron_variant	BRD3		ENST00000303407	intron_variant	MODIFIER	protein_coding			
rs459571					intron_variant	BRD3		ENST00000357885	intron_variant	MODIFIER	protein_coding			
rs459571					intron_variant	BRD3		ENST00000371834	intron_variant	MODIFIER	protein_coding			
rs459571					intron_variant	BRD3		ENST00000371842	downstream_gene_variant	MODIFIER	protein_coding			
rs459571					intron_variant	BRD3		ENST00000494743	downstream_gene_variant	MODIFIER	retained_intron			
rs4599845					intron_variant	TRPS1		ENST00000220888	intron_variant	MODIFIER	protein_coding			
rs4599845					intron_variant	TRPS1		ENST00000395715	intron_variant	MODIFIER	protein_coding			
rs4599845					intron_variant	TRPS1		ENST00000519076	intron_variant	MODIFIER	protein_coding			
rs4599845					intron_variant	TRPS1		ENST00000519674	intron_variant	MODIFIER	protein_coding			
rs4599845					intron_variant	TRPS1		ENST00000520276	intron_variant	MODIFIER	protein_coding			
rs4740559					intron_variant	NFIB		ENST00000380924	intron_variant	MODIFIER	protein_coding			
rs4740559					intron_variant	NFIB		ENST00000380934	intron_variant	MODIFIER	protein_coding			
rs4740559					intron_variant	NFIB		ENST00000380953	intron_variant	MODIFIER	protein_coding			
rs4740559					intron_variant	NFIB		ENST00000380959	intron_variant	MODIFIER	protein_coding			
rs4740559					intron_variant	NFIB		ENST00000397575	intron_variant	MODIFIER	protein_coding			
rs4740559					intron_variant	NFIB		ENST00000397579	intron_variant	MODIFIER	protein_coding			
rs4740559					intron_variant	NFIB		ENST00000397581	intron_variant	MODIFIER	protein_coding			
rs4740559					intron_variant	NFIB		ENST00000543693	intron_variant	MODIFIER	protein_coding			
rs4776970					intron_variant	MAP2K5		ENST00000178640	intron_variant	MODIFIER	protein_coding			
rs4776970					intron_variant	MAP2K5		ENST00000340972	intron_variant	MODIFIER	protein_coding			
rs4776970					intron_variant	MAP2K5		ENST00000354498	intron_variant	MODIFIER	protein_coding			
rs4776970					intron_variant	MAP2K5		ENST00000395476	intron_variant	MODIFIER	protein_coding			
rs4776970					intron_variant	MAP2K5		ENST00000558274	intron_variant,non_coding_transcript_variant	MODIFIER	processed_transcript			
rs4776970					intron_variant	MAP2K5		ENST00000558392	intron_variant,non_coding_transcript_variant	MODIFIER	retained_intron			
rs4777857					intron_variant	RP11-266O8.1		ENST00000543286	intron_variant,non_coding_transcript_variant	MODIFIER	lincRNA			
rs4777857					intron_variant	RP11-266O8.1		ENST00000553478	intron_variant,non_coding_transcript_variant	MODIFIER	lincRNA			
rs4777857					intron_variant	RP11-266O8.1		ENST00000554105	intron_variant,non_coding_transcript_variant	MODIFIER	lincRNA			
rs4777857					intron_variant	RP11-266O8.1		ENST00000554466	intron_variant,non_coding_transcript_variant	MODIFIER	lincRNA			
rs4777857					intron_variant	RP11-266O8.1		ENST00000556519	intron_variant,non_coding_transcript_variant	MODIFIER	lincRNA			
rs4783837					intergenic_variant				intergenic_variant					
rs4871304					intron_variant	ZHX2		ENST00000314393	intron_variant	MODIFIER	protein_coding			
rs4876702					intron_variant	SLC30A8		ENST00000427715	intron_variant	MODIFIER	protein_coding			
rs4876702					intron_variant	SLC30A8		ENST00000521035	intron_variant,non_coding_transcript_variant	MODIFIER	processed_transcript			
rs4876702					intron_variant	SLC30A8		ENST00000521243	intron_variant	MODIFIER	protein_coding			
rs4876702					intron_variant	SLC30A8		ENST00000524274	intron_variant	MODIFIER	protein_coding			
rs4924455					synonymous_variant	C15orf52		ENST00000382688	upstream_gene_variant	MODIFIER	retained_intron			
rs4924455					synonymous_variant	C15orf52		ENST00000397536	upstream_gene_variant	MODIFIER	protein_coding			
rs4924455					synonymous_variant	C15orf52		ENST00000557973	upstream_gene_variant	MODIFIER	processed_transcript			
rs4924455					synonymous_variant	C15orf52		ENST00000558858	upstream_gene_variant	MODIFIER	protein_coding			
rs4924455					synonymous_variant	C15orf52		ENST00000558912	upstream_gene_variant	MODIFIER	retained_intron			
rs4924455					synonymous_variant	C15orf52		ENST00000559313	synonymous_variant	LOW	protein_coding		5.0	A
rs4924455					synonymous_variant	C15orf52		ENST00000560922	upstream_gene_variant	MODIFIER	protein_coding			
rs4978775					intron_variant	EPB41L4B		ENST00000374566	intron_variant	MODIFIER	protein_coding			
rs4984797					non_coding_transcript_exon_variant	TPSP2		ENST00000561760	non_coding_transcript_exon_variant	MODIFIER	unprocessed_pseudogene			
rs4988483					missense_variant	SSTR5		ENST00000293897	missense_variant	MODERATE	protein_coding		48.0	L/M
rs4988483					missense_variant	SSTR5		ENST00000397547	missense_variant	MODERATE	protein_coding		48.0	L/M
rs4988483					missense_variant	SSTR5		ENST00000562758	missense_variant	MODERATE	protein_coding		48.0	L/M
rs4988483					missense_variant	SSTR5-AS1		ENST00000566499	upstream_gene_variant	MODIFIER	lincRNA			
rs4988483					missense_variant	SSTR5-AS1		ENST00000569832	upstream_gene_variant	MODIFIER	lincRNA			
rs505922					intron_variant	ABO		ENST00000319878	intron_variant	MODIFIER	protein_coding			
rs505922					intron_variant	ABO		ENST00000453660	intron_variant,non_coding_transcript_variant	MODIFIER	processed_transcript			
rs505922					intron_variant	ABO		ENST00000538324	intron_variant,non_coding_transcript_variant	MODIFIER	processed_transcript			
rs55857387					intron_variant	ITFG3		ENST00000301678	intron_variant	MODIFIER	protein_coding			
rs55857387					intron_variant	ITFG3		ENST00000301679	intron_variant	MODIFIER	protein_coding			
rs55857387					intron_variant	ITFG3		ENST00000399932	intron_variant	MODIFIER	protein_coding			
rs55857387					intron_variant	ITFG3		ENST00000417499	intron_variant	MODIFIER	protein_coding			
rs55857387					intron_variant	ITFG3		ENST00000419173	intron_variant	MODIFIER	protein_coding			
rs55857387					intron_variant	ITFG3		ENST00000420046	intron_variant	MODIFIER	protein_coding			
rs55857387					intron_variant	ITFG3		ENST00000420500	intron_variant	MODIFIER	protein_coding			
rs55857387					intron_variant	ITFG3		ENST00000421000	upstream_gene_variant	MODIFIER	protein_coding			
rs55857387					intron_variant	ITFG3		ENST00000426695	intron_variant	MODIFIER	protein_coding			
rs55857387					intron_variant	ITFG3		ENST00000438220	intron_variant	MODIFIER	protein_coding			
rs55857387					intron_variant	ITFG3		ENST00000442458	intron_variant	MODIFIER	protein_coding			
rs55857387					intron_variant	ITFG3		ENST00000447499	intron_variant	MODIFIER	protein_coding			
rs55857387					intron_variant	ITFG3		ENST00000449945	intron_variant	MODIFIER	protein_coding			
rs55857387					intron_variant	ITFG3		ENST00000450082	intron_variant	MODIFIER	protein_coding			
rs55857387					intron_variant	ITFG3		ENST00000453430	intron_variant	MODIFIER	protein_coding			
rs55857387					intron_variant	ITFG3		ENST00000496874	upstream_gene_variant	MODIFIER	retained_intron			
rs55970476					intron_variant	SMAD6		ENST00000288840	intron_variant	MODIFIER	protein_coding			
rs55970476					intron_variant	SMAD6		ENST00000338426	intron_variant	MODIFIER	protein_coding			
rs55970476					intron_variant	SMAD6		ENST00000557916	intron_variant,NMD_transcript_variant	MODIFIER	nonsense_mediated_decay			
rs55970476					intron_variant	SMAD6		ENST00000559931	intron_variant,NMD_transcript_variant	MODIFIER	nonsense_mediated_decay			
rs56104880					upstream_gene_variant	GLIS2		ENST00000262366	upstream_gene_variant	MODIFIER	protein_coding			
rs59050225					intron_variant	JMJD1C		ENST00000327520	intron_variant	MODIFIER	protein_coding			
rs59050225					intron_variant	JMJD1C		ENST00000399251	intron_variant	MODIFIER	protein_coding			
rs59050225					intron_variant	JMJD1C		ENST00000399262	intron_variant	MODIFIER	protein_coding			
rs59050225					intron_variant	JMJD1C		ENST00000402544	intron_variant	MODIFIER	protein_coding			
rs59050225					intron_variant	JMJD1C		ENST00000483298	downstream_gene_variant	MODIFIER	processed_transcript			
rs59050225					intron_variant	JMJD1C		ENST00000490669	downstream_gene_variant	MODIFIER	processed_transcript			
rs59050225					intron_variant	JMJD1C		ENST00000497922	intron_variant,non_coding_transcript_variant	MODIFIER	processed_transcript			
rs59050225					intron_variant	JMJD1C		ENST00000542921	intron_variant	MODIFIER	protein_coding			
rs59427698					intron_variant	LMX1B		ENST00000355497	intron_variant	MODIFIER	protein_coding			
rs59427698					intron_variant	LMX1B		ENST00000373474	intron_variant	MODIFIER	protein_coding			
rs59427698					intron_variant	LMX1B		ENST00000425646	intron_variant	MODIFIER	protein_coding			
rs59427698					intron_variant	LMX1B		ENST00000526117	intron_variant	MODIFIER	protein_coding			
rs59427698					intron_variant	LMX1B		ENST00000561065	intron_variant	MODIFIER	protein_coding			
rs61385262					intron_variant	MEG3		ENST00000556407	intron_variant,non_coding_transcript_variant	MODIFIER	lincRNA			
rs61992671					mature_miRNA_variant	MIR412		ENST00000362142	mature_miRNA_variant	MODIFIER	miRNA			
rs61992671					mature_miRNA_variant	MIR377		ENST00000362145	downstream_gene_variant	MODIFIER	miRNA			
rs61992671					mature_miRNA_variant	MIR369		ENST00000362155	upstream_gene_variant	MODIFIER	miRNA			
rs61992671					mature_miRNA_variant	MIR410		ENST00000362222	upstream_gene_variant	MODIFIER	miRNA			
rs61992671					mature_miRNA_variant	MIR409		ENST00000362237	downstream_gene_variant	MODIFIER	miRNA			
rs61992671					mature_miRNA_variant	MIR656		ENST00000385224	upstream_gene_variant	MODIFIER	miRNA			
rs61992671					mature_miRNA_variant	MIR496		ENST00000385226	downstream_gene_variant	MODIFIER	miRNA			
rs61992671					mature_miRNA_variant	MIR541		ENST00000401360	downstream_gene_variant	MODIFIER	miRNA			
rs61992671					mature_miRNA_variant	MEG9		ENST00000429368	upstream_gene_variant	MODIFIER	lincRNA			
rs61992671					mature_miRNA_variant	MEG9		ENST00000554016	upstream_gene_variant	MODIFIER	lincRNA			
rs61993073					intron_variant	NRXN3		ENST00000281127	intron_variant	MODIFIER	protein_coding			
rs61993073					intron_variant	NRXN3		ENST00000335750	intron_variant	MODIFIER	protein_coding			
rs61993073					intron_variant	NRXN3		ENST00000428277	intron_variant	MODIFIER	protein_coding			
rs61993073					intron_variant	NRXN3		ENST00000553803	intron_variant,non_coding_transcript_variant	MODIFIER	processed_transcript			
rs61993073					intron_variant	NRXN3		ENST00000554719	intron_variant	MODIFIER	protein_coding			
rs61993073					intron_variant	NRXN3		ENST00000554738	intron_variant,NMD_transcript_variant	MODIFIER	nonsense_mediated_decay			
rs61993073					intron_variant	NRXN3		ENST00000555073	intron_variant,non_coding_transcript_variant	MODIFIER	processed_transcript			
rs61993073					intron_variant	NRXN3		ENST00000555387	intron_variant,NMD_transcript_variant	MODIFIER	nonsense_mediated_decay			
rs61993073					intron_variant	NRXN3		ENST00000556003	intron_variant,non_coding_transcript_variant	MODIFIER	processed_transcript			
rs61993073					intron_variant	NRXN3		ENST00000557594	intron_variant	MODIFIER	protein_coding			
rs62008456					intron_variant	PEAK1		ENST00000558305	intron_variant	MODIFIER	protein_coding			
rs62008456					intron_variant	PEAK1		ENST00000560626	intron_variant	MODIFIER	protein_coding			
rs62008456					intron_variant	PEAK1		ENST00000564328	intron_variant	MODIFIER	protein_coding			
rs62008456					intron_variant	PEAK1		ENST00000567337	intron_variant,non_coding_transcript_variant	MODIFIER	processed_transcript			
rs62008456					intron_variant	PEAK1		ENST00000567808	intron_variant,non_coding_transcript_variant	MODIFIER	processed_transcript			
rs62008456					intron_variant	PEAK1		ENST00000569159	intron_variant,non_coding_transcript_variant	MODIFIER	processed_transcript			
rs62008456					intron_variant	PEAK1		ENST00000569819	intron_variant,non_coding_transcript_variant	MODIFIER	processed_transcript			
rs62015803					intergenic_variant				intergenic_variant					
rs62024481					intron_variant	IGF1R		ENST00000268035	intron_variant	MODIFIER	protein_coding			
rs62024481					intron_variant	IGF1R		ENST00000558762	intron_variant	MODIFIER	protein_coding			
rs62024481					intron_variant	IGF1R		ENST00000559925	intron_variant,non_coding_transcript_variant	MODIFIER	retained_intron			
rs62033416					intron_variant	FTO		ENST00000394647	intron_variant	MODIFIER	protein_coding			
rs62033416					intron_variant	FTO		ENST00000464071	intron_variant,NMD_transcript_variant	MODIFIER	nonsense_mediated_decay			
rs62033416					intron_variant	FTO		ENST00000471389	intron_variant	MODIFIER	protein_coding			
rs62033416					intron_variant	FTO		ENST00000570395	intron_variant,non_coding_transcript_variant	MODIFIER	processed_transcript			
rs62048489					intergenic_variant				intergenic_variant					
rs6470361					intron_variant	RP11-136O12.2		ENST00000522815	intron_variant,non_coding_transcript_variant	MODIFIER	lincRNA			
rs6475477					intron_variant	FOCAD		ENST00000338382	intron_variant	MODIFIER	protein_coding			
rs6475477					intron_variant	FOCAD		ENST00000380249	intron_variant	MODIFIER	protein_coding			
rs6475477					intron_variant	FOCAD		ENST00000603492	intron_variant,non_coding_transcript_variant	MODIFIER	processed_transcript			
rs6475477					intron_variant	FOCAD		ENST00000603648	upstream_gene_variant	MODIFIER	nonsense_mediated_decay			
rs6475477					intron_variant	FOCAD		ENST00000605086	upstream_gene_variant	MODIFIER	protein_coding			
rs6476613					intron_variant	RP11-220I1.1		ENST00000429493	intron_variant,non_coding_transcript_variant	MODIFIER	lincRNA			
rs6476613					intron_variant	RP11-220I1.1		ENST00000430809	intron_variant,non_coding_transcript_variant	MODIFIER	lincRNA			
rs6476613					intron_variant	RP11-220I1.5		ENST00000569583	upstream_gene_variant	MODIFIER	lincRNA			
rs6476613					intron_variant	RP11-220I1.1		ENST00000588314	upstream_gene_variant	MODIFIER	lincRNA			
rs6476613					intron_variant	RP11-220I1.1		ENST00000588403	intron_variant,non_coding_transcript_variant	MODIFIER	lincRNA			
rs6476613					intron_variant	RP11-220I1.1		ENST00000588557	downstream_gene_variant	MODIFIER	lincRNA			
rs6476613					intron_variant	RP11-220I1.1		ENST00000592157	intron_variant,non_coding_transcript_variant	MODIFIER	lincRNA			
rs6476613					intron_variant	RP11-220I1.1		ENST00000593237	intron_variant,non_coding_transcript_variant	MODIFIER	lincRNA			
rs67269808					intergenic_variant				intergenic_variant					
rs700059					intron_variant	RABGAP1		ENST00000373643	intron_variant	MODIFIER	protein_coding			
rs700059					intron_variant	RABGAP1		ENST00000373647	intron_variant	MODIFIER	protein_coding			
rs700059					intron_variant	RP11-123N4.4		ENST00000422282	downstream_gene_variant	MODIFIER	processed_pseudogene			
rs700059					intron_variant	RABGAP1		ENST00000456584	intron_variant,NMD_transcript_variant	MODIFIER	nonsense_mediated_decay			
rs700059					intron_variant	RABGAP1		ENST00000475607	intron_variant,non_coding_transcript_variant	MODIFIER	processed_transcript			
rs700059					intron_variant	RABGAP1		ENST00000493854	intron_variant,non_coding_transcript_variant	MODIFIER	processed_transcript			
rs7015203					intron_variant	ZNF251		ENST00000292562	intron_variant	MODIFIER	protein_coding			
rs7015203					intron_variant	ZNF251		ENST00000524394	intron_variant,non_coding_transcript_variant	MODIFIER	processed_transcript			
rs7015203					intron_variant	ZNF251		ENST00000525191	downstream_gene_variant	MODIFIER	protein_coding			
rs7015203					intron_variant	ZNF251		ENST00000530353	downstream_gene_variant	MODIFIER	retained_intron			
rs7022365					intergenic_variant				intergenic_variant					
rs7030607					intron_variant	ASTN2		ENST00000288520	intron_variant	MODIFIER	protein_coding			
rs7030607					intron_variant	ASTN2		ENST00000313400	intron_variant	MODIFIER	protein_coding			
rs7030607					intron_variant	ASTN2		ENST00000341734	intron_variant	MODIFIER	protein_coding			
rs7030607					intron_variant	ASTN2		ENST00000361209	intron_variant	MODIFIER	protein_coding			
rs7030607					intron_variant	ASTN2		ENST00000361477	intron_variant	MODIFIER	protein_coding			
rs7030607					intron_variant	ASTN2		ENST00000373986	intron_variant	MODIFIER	protein_coding			
rs7030607					intron_variant	ASTN2		ENST00000373996	intron_variant	MODIFIER	protein_coding			
rs7145337					regulatory_region_variant				regulatory_region_variant					
rs7150718					intron_variant	SAMD15		ENST00000216471	intron_variant	MODIFIER	protein_coding			
rs7150718					intron_variant	SAMD15		ENST00000533095	intron_variant	MODIFIER	protein_coding			
rs7156625					intron_variant	NRXN3		ENST00000281127	intron_variant	MODIFIER	protein_coding			
rs7156625					intron_variant	NRXN3		ENST00000335750	intron_variant	MODIFIER	protein_coding			
rs7156625					intron_variant	NRXN3		ENST00000428277	intron_variant	MODIFIER	protein_coding			
rs7156625					intron_variant	NRXN3		ENST00000553803	intron_variant,non_coding_transcript_variant	MODIFIER	processed_transcript			
rs7156625					intron_variant	NRXN3		ENST00000554719	intron_variant	MODIFIER	protein_coding			
rs7156625					intron_variant	NRXN3		ENST00000554738	intron_variant,NMD_transcript_variant	MODIFIER	nonsense_mediated_decay			
rs7156625					intron_variant	NRXN3		ENST00000555073	intron_variant,non_coding_transcript_variant	MODIFIER	processed_transcript			
rs7156625					intron_variant	NRXN3		ENST00000555387	intron_variant,NMD_transcript_variant	MODIFIER	nonsense_mediated_decay			
rs7156625					intron_variant	NRXN3		ENST00000556003	intron_variant,non_coding_transcript_variant	MODIFIER	processed_transcript			
rs7156625					intron_variant	NRXN3		ENST00000557594	intron_variant	MODIFIER	protein_coding			
rs7161744					intron_variant	FAM227B		ENST00000299338	intron_variant	MODIFIER	protein_coding			
rs7161744					intron_variant	FAM227B		ENST00000558579	intron_variant	MODIFIER	protein_coding			
rs7161744					intron_variant	FAM227B		ENST00000558594	intron_variant	MODIFIER	protein_coding			
rs7161744					intron_variant	FAM227B		ENST00000558615	intron_variant,non_coding_transcript_variant	MODIFIER	retained_intron			
rs7161744					intron_variant	FAM227B		ENST00000559905	intron_variant	MODIFIER	protein_coding			
rs7161744					intron_variant	FAM227B		ENST00000560246	intron_variant	MODIFIER	protein_coding			
rs7161744					intron_variant	FAM227B		ENST00000561064	intron_variant	MODIFIER	protein_coding			
rs7161744					intron_variant	FAM227B		ENST00000561116	intron_variant,NMD_transcript_variant	MODIFIER	nonsense_mediated_decay			
rs7161744					intron_variant	FAM227B		ENST00000561319	intron_variant,non_coding_transcript_variant	MODIFIER	retained_intron			
rs7163757					regulatory_region_variant				regulatory_region_variant					
rs7167984					upstream_gene_variant	AC112693.1		ENST00000390774	upstream_gene_variant	MODIFIER	miRNA			
rs7172637					intron_variant	ZFAND6		ENST00000261749	intron_variant	MODIFIER	protein_coding			
rs7172637					intron_variant	ZFAND6		ENST00000557983	intron_variant,non_coding_transcript_variant	MODIFIER	retained_intron			
rs7172637					intron_variant	ZFAND6		ENST00000558087	intron_variant	MODIFIER	protein_coding			
rs7172637					intron_variant	ZFAND6		ENST00000558390	downstream_gene_variant	MODIFIER	protein_coding			
rs7172637					intron_variant	ZFAND6		ENST00000558494	intron_variant	MODIFIER	protein_coding			
rs7172637					intron_variant	ZFAND6		ENST00000558688	downstream_gene_variant	MODIFIER	protein_coding			
rs7172637					intron_variant	ZFAND6		ENST00000558724	downstream_gene_variant	MODIFIER	protein_coding			
rs7172637					intron_variant	ZFAND6		ENST00000558997	downstream_gene_variant	MODIFIER	protein_coding			
rs7172637					intron_variant	ZFAND6		ENST00000559157	intron_variant	MODIFIER	protein_coding			
rs7172637					intron_variant	ZFAND6		ENST00000559775	intron_variant	MODIFIER	protein_coding			
rs7172637					intron_variant	ZFAND6		ENST00000559835	intron_variant	MODIFIER	protein_coding			
rs7172637					intron_variant	ZFAND6		ENST00000560976	downstream_gene_variant	MODIFIER	protein_coding			
rs7172637					intron_variant	ZFAND6		ENST00000561060	intron_variant	MODIFIER	protein_coding			
rs7172637					intron_variant	ZFAND6		ENST00000564367	intron_variant	MODIFIER	protein_coding			
rs7183908					intron_variant	PML		ENST00000268058	intron_variant	MODIFIER	protein_coding			
rs7183908					intron_variant	PML		ENST00000268059	downstream_gene_variant	MODIFIER	protein_coding			
rs7183908					intron_variant	PML		ENST00000354026	downstream_gene_variant	MODIFIER	protein_coding			
rs7183908					intron_variant	PML		ENST00000359928	intron_variant	MODIFIER	protein_coding			
rs7183908					intron_variant	PML		ENST00000395132	downstream_gene_variant	MODIFIER	protein_coding			
rs7183908					intron_variant	PML		ENST00000395135	intron_variant	MODIFIER	protein_coding			
rs7183908					intron_variant	PML		ENST00000435786	downstream_gene_variant	MODIFIER	protein_coding			
rs7183908					intron_variant	PML		ENST00000436891	downstream_gene_variant	MODIFIER	protein_coding			
rs7183908					intron_variant	PML		ENST00000562086	downstream_gene_variant	MODIFIER	protein_coding			
rs7183908					intron_variant	PML		ENST00000563500	downstream_gene_variant	MODIFIER	protein_coding			
rs7183908					intron_variant	PML		ENST00000564428	intron_variant	MODIFIER	protein_coding			
rs7183908					intron_variant	PML		ENST00000565239	downstream_gene_variant	MODIFIER	protein_coding			
rs7183908					intron_variant	PML		ENST00000565317	upstream_gene_variant	MODIFIER	processed_transcript			
rs7183908					intron_variant	PML		ENST00000565898	intron_variant	MODIFIER	protein_coding			
rs7183908					intron_variant	PML		ENST00000566068	downstream_gene_variant	MODIFIER	protein_coding			
rs7183908					intron_variant	PML		ENST00000567543	downstream_gene_variant	MODIFIER	protein_coding			
rs7183908					intron_variant	PML		ENST00000567606	downstream_gene_variant	MODIFIER	protein_coding			
rs7183908					intron_variant	PML		ENST00000569161	downstream_gene_variant	MODIFIER	processed_transcript			
rs7183908					intron_variant	PML		ENST00000569477	downstream_gene_variant	MODIFIER	protein_coding			
rs7183908					intron_variant	PML		ENST00000569965	intron_variant	MODIFIER	protein_coding			
rs7183908					intron_variant	PML		ENST00000570213	downstream_gene_variant	MODIFIER	retained_intron			
rs720928					intron_variant	TRPS1		ENST00000422939	intron_variant	MODIFIER	protein_coding			
rs72619339					intergenic_variant				intergenic_variant					
rs72627182					regulatory_region_variant				regulatory_region_variant					
rs72709688					upstream_gene_variant	TRBV25OR9-2		ENST00000438417	upstream_gene_variant	MODIFIER	unprocessed_pseudogene			
rs72802150					upstream_gene_variant	PTF1A		ENST00000376504	upstream_gene_variant	MODIFIER	protein_coding			
rs73317613					intron_variant	SLC30A8		ENST00000427715	intron_variant	MODIFIER	protein_coding			
rs73317613					intron_variant	SLC30A8		ENST00000456015	upstream_gene_variant	MODIFIER	protein_coding			
rs73317613					intron_variant	SLC30A8		ENST00000518396	upstream_gene_variant	MODIFIER	retained_intron			
rs73317613					intron_variant	RP11-654G14.1		ENST00000518439	downstream_gene_variant	MODIFIER	sense_intronic			
rs73317613					intron_variant	SLC30A8		ENST00000518521	upstream_gene_variant	MODIFIER	retained_intron			
rs73317613					intron_variant	SLC30A8		ENST00000519688	upstream_gene_variant	MODIFIER	protein_coding			
rs73317613					intron_variant	SLC30A8		ENST00000520469	upstream_gene_variant	MODIFIER	retained_intron			
rs73317613					intron_variant	SLC30A8		ENST00000521035	intron_variant,non_coding_transcript_variant	MODIFIER	processed_transcript			
rs73317613					intron_variant	SLC30A8		ENST00000521243	intron_variant	MODIFIER	protein_coding			
rs73317613					intron_variant	SLC30A8		ENST00000524274	intron_variant	MODIFIER	protein_coding			
rs73347525					intron_variant	MEG3		ENST00000556407	intron_variant,non_coding_transcript_variant	MODIFIER	lincRNA			
rs73541251					synonymous_variant	GP2		ENST00000302555	synonymous_variant	LOW	protein_coding		235.0	V
rs73541251					synonymous_variant	GP2		ENST00000341642	synonymous_variant	LOW	protein_coding		88.0	V
rs73541251					synonymous_variant	GP2		ENST00000381360	synonymous_variant	LOW	protein_coding		91.0	V
rs73541251					synonymous_variant	GP2		ENST00000381362	synonymous_variant	LOW	protein_coding		238.0	V
rs73541251					synonymous_variant	GP2		ENST00000572347	downstream_gene_variant	MODIFIER	protein_coding			
rs73541251					synonymous_variant	GP2		ENST00000572478	downstream_gene_variant	MODIFIER	protein_coding			
rs73541251					synonymous_variant	GP2		ENST00000573897	non_coding_transcript_exon_variant	MODIFIER	processed_transcript			
rs73541251					synonymous_variant	GP2		ENST00000574982	3_prime_UTR_variant,NMD_transcript_variant	MODIFIER	nonsense_mediated_decay			
rs73541251					synonymous_variant	GP2		ENST00000575449	downstream_gene_variant	MODIFIER	protein_coding			
rs73541251					synonymous_variant	GP2		ENST00000575582	synonymous_variant	LOW	protein_coding		88.0	V
rs73541251					synonymous_variant	GP2		ENST00000575730	downstream_gene_variant	MODIFIER	processed_transcript			
rs73612051					intron_variant	FTO		ENST00000394647	intron_variant	MODIFIER	protein_coding			
rs73612051					intron_variant	FTO		ENST00000464071	intron_variant,NMD_transcript_variant	MODIFIER	nonsense_mediated_decay			
rs73612051					intron_variant	FTO		ENST00000471389	intron_variant	MODIFIER	protein_coding			
rs73612051					intron_variant	FTO		ENST00000570395	intron_variant,non_coding_transcript_variant	MODIFIER	processed_transcript			
rs73712230					intergenic_variant				intergenic_variant					
rs7403010					intron_variant	KLF13		ENST00000558225	intron_variant,non_coding_transcript_variant	MODIFIER	processed_transcript			
rs7403010					intron_variant	KLF13		ENST00000558921	intron_variant,non_coding_transcript_variant	MODIFIER	processed_transcript			
rs7498798					upstream_gene_variant	ZFHX3		ENST00000397992	upstream_gene_variant	MODIFIER	protein_coding			
rs7498798					upstream_gene_variant	ZFHX3		ENST00000558842	upstream_gene_variant	MODIFIER	processed_transcript			
rs7498798					upstream_gene_variant	RP11-346C20.3		ENST00000604855	downstream_gene_variant	MODIFIER	lincRNA			
rs7498798					upstream_gene_variant	RP11-346C20.4		ENST00000606272	downstream_gene_variant	MODIFIER	lincRNA			
rs750163					intron_variant	DMXL2		ENST00000251076	intron_variant	MODIFIER	protein_coding			
rs750163					intron_variant	DMXL2		ENST00000449909	intron_variant	MODIFIER	protein_coding			
rs750163					intron_variant	DMXL2		ENST00000543779	intron_variant	MODIFIER	protein_coding			
rs750163					intron_variant	DMXL2		ENST00000558507	intron_variant,non_coding_transcript_variant	MODIFIER	retained_intron			
rs75888368					intergenic_variant				intergenic_variant					
rs76804656					intron_variant	ARID5B		ENST00000279873	intron_variant	MODIFIER	protein_coding			
rs77728904					intron_variant	CDKN2B-AS1		ENST00000421632	intron_variant,non_coding_transcript_variant	MODIFIER	antisense			
rs77728904					intron_variant	CDKN2B-AS1		ENST00000428597	intron_variant,non_coding_transcript_variant	MODIFIER	antisense			
rs77728904					intron_variant	CDKN2B-AS1		ENST00000455933	intron_variant,non_coding_transcript_variant	MODIFIER	antisense			
rs77728904					intron_variant	CDKN2B-AS1		ENST00000577551	intron_variant,non_coding_transcript_variant	MODIFIER	antisense			
rs77728904					intron_variant	CDKN2B-AS1		ENST00000580467	intron_variant,non_coding_transcript_variant	MODIFIER	antisense			
rs77728904					intron_variant	CDKN2B-AS1		ENST00000580576	intron_variant,non_coding_transcript_variant	MODIFIER	antisense			
rs77728904					intron_variant	CDKN2B-AS1		ENST00000581051	intron_variant,non_coding_transcript_variant	MODIFIER	antisense			
rs77728904					intron_variant	CDKN2B-AS1		ENST00000582072	intron_variant,non_coding_transcript_variant	MODIFIER	antisense			
rs77728904					intron_variant	CDKN2B-AS1		ENST00000582301	intron_variant,non_coding_transcript_variant	MODIFIER	antisense			
rs77728904					intron_variant	CDKN2B-AS1		ENST00000583719	intron_variant,non_coding_transcript_variant	MODIFIER	antisense			
rs77728904					intron_variant	CDKN2B-AS1		ENST00000584020	intron_variant,non_coding_transcript_variant	MODIFIER	antisense			
rs77728904					intron_variant	CDKN2B-AS1		ENST00000584351	intron_variant,non_coding_transcript_variant	MODIFIER	antisense			
rs77728904					intron_variant	CDKN2B-AS1		ENST00000584637	intron_variant,non_coding_transcript_variant	MODIFIER	antisense			
rs77728904					intron_variant	CDKN2B-AS1		ENST00000584816	intron_variant,non_coding_transcript_variant	MODIFIER	antisense			
rs77728904					intron_variant	CDKN2B-AS1		ENST00000585267	intron_variant,non_coding_transcript_variant	MODIFIER	antisense			
rs77813615					intron_variant	GPSM1		ENST00000562213	upstream_gene_variant	MODIFIER	protein_coding			
rs77813615					intron_variant	GPSM1		ENST00000563222	upstream_gene_variant	MODIFIER	protein_coding			
rs77813615					intron_variant	GPSM1		ENST00000563430	intron_variant	MODIFIER	protein_coding			
rs77813615					intron_variant	GPSM1		ENST00000291775	upstream_gene_variant	MODIFIER	protein_coding			
rs77813615					intron_variant	GPSM1		ENST00000354753	intron_variant	MODIFIER	protein_coding			
rs77813615					intron_variant	GPSM1		ENST00000392944	upstream_gene_variant	MODIFIER	protein_coding			
rs77813615					intron_variant	GPSM1		ENST00000429455	upstream_gene_variant	MODIFIER	protein_coding			
rs77813615					intron_variant	GPSM1		ENST00000440944	intron_variant	MODIFIER	protein_coding			
rs78086284					intron_variant	SLC30A8		ENST00000427715	intron_variant	MODIFIER	protein_coding			
rs78086284					intron_variant	RN7SL228P		ENST00000470060	upstream_gene_variant	MODIFIER	misc_RNA			
rs78086284					intron_variant	SLC30A8		ENST00000521035	intron_variant,non_coding_transcript_variant	MODIFIER	processed_transcript			
rs78086284					intron_variant	SLC30A8		ENST00000521243	intron_variant	MODIFIER	protein_coding			
rs78086284					intron_variant	SLC30A8		ENST00000524274	intron_variant	MODIFIER	protein_coding			
rs7821463					intron_variant	TRHR		ENST00000311762	intron_variant	MODIFIER	protein_coding			
rs7821463					intron_variant	TRHR		ENST00000518632	intron_variant	MODIFIER	protein_coding			
rs7824269					intron_variant	RP11-89M16.1		ENST00000520766	intron_variant,non_coding_transcript_variant	MODIFIER	lincRNA			
rs7828631					intergenic_variant				intergenic_variant					
rs7851052					intron_variant	DENND1A		ENST00000373618	intron_variant	MODIFIER	protein_coding			
rs7851052					intron_variant	DENND1A		ENST00000373620	intron_variant	MODIFIER	protein_coding			
rs7851052					intron_variant	DENND1A		ENST00000373624	intron_variant	MODIFIER	protein_coding			
rs7851052					intron_variant	DENND1A		ENST00000394215	intron_variant	MODIFIER	protein_coding			
rs7851052					intron_variant	DENND1A		ENST00000394219	intron_variant	MODIFIER	protein_coding			
rs7851052					intron_variant	DENND1A		ENST00000473039	intron_variant,non_coding_transcript_variant	MODIFIER	processed_transcript			
rs7851052					intron_variant	DENND1A		ENST00000491650	intron_variant,non_coding_transcript_variant	MODIFIER	processed_transcript			
rs7851052					intron_variant	DENND1A		ENST00000497135	intron_variant,non_coding_transcript_variant	MODIFIER	processed_transcript			
rs7851052					intron_variant	DENND1A		ENST00000542603	intron_variant	MODIFIER	protein_coding			
rs7861609					intergenic_variant				intergenic_variant					
rs7870869					intergenic_variant				intergenic_variant					
rs7872172					intergenic_variant				intergenic_variant					
rs8020605					regulatory_region_variant				regulatory_region_variant					
rs8026894					intron_variant	GRAMD2		ENST00000309731	intron_variant	MODIFIER	protein_coding			
rs8043085					intron_variant	RASGRP1		ENST00000310803	intron_variant	MODIFIER	protein_coding			
rs8043085					intron_variant	RASGRP1		ENST00000414708	intron_variant,NMD_transcript_variant	MODIFIER	nonsense_mediated_decay			
rs8043085					intron_variant	RASGRP1		ENST00000450598	intron_variant	MODIFIER	protein_coding			
rs8043085					intron_variant	RASGRP1		ENST00000539159	intron_variant	MODIFIER	protein_coding			
rs8043085					intron_variant	RASGRP1		ENST00000558164	intron_variant	MODIFIER	protein_coding			
rs8043085					intron_variant	RASGRP1		ENST00000558418	intron_variant	MODIFIER	protein_coding			
rs8043085					intron_variant	RASGRP1		ENST00000558432	intron_variant	MODIFIER	protein_coding			
rs8043085					intron_variant	RP11-275I4.1		ENST00000559544	downstream_gene_variant	MODIFIER	antisense			
rs8043085					intron_variant	RASGRP1		ENST00000559830	intron_variant	MODIFIER	protein_coding			
rs8043085					intron_variant	RASGRP1		ENST00000560929	intron_variant	MODIFIER	protein_coding			
rs8043085					intron_variant	RASGRP1		ENST00000561117	intron_variant	MODIFIER	protein_coding			
rs8043085					intron_variant	RASGRP1		ENST00000561180	intron_variant	MODIFIER	protein_coding			
rs8043371					intron_variant	C15orf27		ENST00000388942	intron_variant	MODIFIER	protein_coding			
rs8043371					intron_variant	C15orf27		ENST00000484722	intron_variant,NMD_transcript_variant	MODIFIER	nonsense_mediated_decay			
rs8043371					intron_variant	C15orf27		ENST00000561302	intron_variant,NMD_transcript_variant	MODIFIER	nonsense_mediated_decay			
rs815843					intron_variant	TLE1		ENST00000376472	intron_variant	MODIFIER	protein_coding			
rs815843					intron_variant	TLE1		ENST00000376499	intron_variant	MODIFIER	protein_coding			
rs815843					intron_variant	TLE1		ENST00000418319	intron_variant	MODIFIER	protein_coding			
rs952472					3_prime_UTR_variant	HMG20A		ENST00000336216	3_prime_UTR_variant	MODIFIER	protein_coding			
rs952472					3_prime_UTR_variant	HMG20A		ENST00000381714	3_prime_UTR_variant	MODIFIER	protein_coding			
rs952472					3_prime_UTR_variant	HMG20A		ENST00000558288	non_coding_transcript_exon_variant	MODIFIER	retained_intron			
rs952472					3_prime_UTR_variant	HMG20A		ENST00000558845	downstream_gene_variant	MODIFIER	protein_coding			
rs952472					3_prime_UTR_variant	HMG20A		ENST00000559728	downstream_gene_variant	MODIFIER	retained_intron			
rs9672505					intron_variant	SV2B		ENST00000394232	intron_variant	MODIFIER	protein_coding			
rs9672505					intron_variant	SV2B		ENST00000545111	intron_variant	MODIFIER	protein_coding			
rs9672505					intron_variant	SV2B		ENST00000557291	intron_variant,non_coding_transcript_variant	MODIFIER	processed_transcript			
rs9672505					intron_variant	SV2B		ENST00000557410	intron_variant,NMD_transcript_variant	MODIFIER	nonsense_mediated_decay			
rs9889137					intron_variant	LMF1		ENST00000262301	intron_variant	MODIFIER	protein_coding			
rs9889137					intron_variant	LMF1		ENST00000399843	intron_variant	MODIFIER	protein_coding			
rs9889137					intron_variant	LMF1		ENST00000539379	intron_variant	MODIFIER	protein_coding			
rs9889137					intron_variant	LMF1		ENST00000543238	intron_variant	MODIFIER	protein_coding			
rs9889137					intron_variant	LMF1		ENST00000545827	intron_variant,NMD_transcript_variant	MODIFIER	nonsense_mediated_decay			
rs9889137					intron_variant	LMF1		ENST00000562226	intron_variant,NMD_transcript_variant	MODIFIER	nonsense_mediated_decay			
rs9889137					intron_variant	LMF1		ENST00000562380	intron_variant	MODIFIER	protein_coding			
rs9889137					intron_variant	LMF1		ENST00000566627	intron_variant	MODIFIER	protein_coding			
rs9889137					intron_variant	LMF1		ENST00000567595	intron_variant,NMD_transcript_variant	MODIFIER	nonsense_mediated_decay			
rs9889137					intron_variant	LA16c-366D3.1		ENST00000567820	upstream_gene_variant	MODIFIER	antisense			
rs9889137					intron_variant	LMF1		ENST00000568897	intron_variant	MODIFIER	protein_coding			
rs9889137					intron_variant	LMF1		ENST00000568964	intron_variant,NMD_transcript_variant	MODIFIER	nonsense_mediated_decay			
rs9889137					intron_variant	LA16c-366D3.1		ENST00000569574	upstream_gene_variant	MODIFIER	antisense			
rs9889137					intron_variant	LMF1		ENST00000570014	intron_variant	MODIFIER	protein_coding			
rs9927842					intron_variant	RRN3		ENST00000198767	downstream_gene_variant	MODIFIER	protein_coding			
rs9927842					intron_variant	NTAN1		ENST00000287706	upstream_gene_variant	MODIFIER	protein_coding			
rs9927842					intron_variant	RRN3		ENST00000327307	downstream_gene_variant	MODIFIER	protein_coding			
rs9927842					intron_variant	RRN3		ENST00000429751	downstream_gene_variant	MODIFIER	protein_coding			
rs9927842					intron_variant	PDXDC1		ENST00000535621	intron_variant	MODIFIER	protein_coding			
rs9927842					intron_variant	RRN3		ENST00000540462	downstream_gene_variant	MODIFIER	protein_coding			
rs9927842					intron_variant	RRN3		ENST00000563559	downstream_gene_variant	MODIFIER	protein_coding			
rs9927842					intron_variant	NTAN1		ENST00000563940	upstream_gene_variant	MODIFIER	nonsense_mediated_decay			
rs9927842					intron_variant	NTAN1		ENST00000565187	upstream_gene_variant	MODIFIER	nonsense_mediated_decay			
rs9927842					intron_variant	NTAN1		ENST00000566419	upstream_gene_variant	MODIFIER	protein_coding			
rs9927842					intron_variant	NTAN1		ENST00000567030	upstream_gene_variant	MODIFIER	retained_intron			
rs9927842					intron_variant	NTAN1		ENST00000567420	upstream_gene_variant	MODIFIER	retained_intron			
rs9927842					intron_variant	NTAN1		ENST00000568320	upstream_gene_variant	MODIFIER	protein_coding			
rs9929710					intron_variant	PDILT		ENST00000302451	intron_variant	MODIFIER	protein_coding			
rs9929710					intron_variant	UMOD		ENST00000570689	upstream_gene_variant	MODIFIER	protein_coding			
rs9932196					3_prime_UTR_variant	TAOK2		ENST00000279394	upstream_gene_variant	MODIFIER	protein_coding			
rs9932196					3_prime_UTR_variant	TMEM219		ENST00000279396	intron_variant	MODIFIER	protein_coding			
rs9932196					3_prime_UTR_variant	TAOK2		ENST00000308893	upstream_gene_variant	MODIFIER	protein_coding			
rs9932196					3_prime_UTR_variant	TMEM219		ENST00000414689	intron_variant	MODIFIER	protein_coding			
rs9932196					3_prime_UTR_variant	TAOK2		ENST00000543033	upstream_gene_variant	MODIFIER	protein_coding			
rs9932196					3_prime_UTR_variant	TMEM219		ENST00000561899	3_prime_UTR_variant	MODIFIER	protein_coding			
rs9932196					3_prime_UTR_variant	TMEM219		ENST00000566848	intron_variant	MODIFIER	protein_coding			
rs9932196					3_prime_UTR_variant	TMEM219		ENST00000569445	downstream_gene_variant	MODIFIER	protein_coding			
rs9932196					3_prime_UTR_variant	TMEM219		ENST00000569481	intron_variant	MODIFIER	protein_coding			
rs9932196					3_prime_UTR_variant	TMEM219		ENST00000570255	intron_variant,NMD_transcript_variant	MODIFIER	nonsense_mediated_decay			
rs9932196					3_prime_UTR_variant	TMEM219		ENST00000575829	downstream_gene_variant	MODIFIER	protein_coding			
rs9932196					3_prime_UTR_variant	TMEM219		ENST00000602948	downstream_gene_variant	MODIFIER	protein_coding			
